policy_id,title,organization,old_amount_manwon,old_amount_actual,old_amount_type,old_roi_apply_method,new_amount_manwon,new_amount_actual,new_amount_type,new_roi_apply_method,delta_ratio,delta_bucket,pattern,suggested_action,suggested_reason,decision_reasons,comparison_reasons,new_selected_context,candidate_summary,url,hold_group
ENERGYAGENCY:24575,(수정)2026년도 산업진단 개선이행 지원사업 2차 공고,한국에너지공단,69000.0,최대 6.9억원,support_amount,subtract,1000.0,"최대 1,000만원",support_amount,subtract,0.0145x,new_10pct_or_less,likely_new_limit_candidate,hold,새 후보가 한도처럼 보이나 기존값과 차이가 커 최종 수동 확인이 필요합니다.,large_amount_delta,"amount_delta_20_percent:old=69000,new=1000",/ 약 69개 사업장 ㅇ 지원한도 : 사업장 당 최대 1.000만원(투자비용의 70% 또는 50%) - 타 유사사업과의 지원금 중복지원 불가능 ㅇ 신청방법 - (사업신청) 전자메일 신청(메일주소 : conan0,69000.0만원/consulting_fee/recommend_only: - 다 음 - ㅇ 사업내용 : 산업진단 지원사업의 진단결과에 따른 개선이행 비용을 지원하여 에너지진단의 실효성 제고 및 에너지절약 투자 활성화 ㅇ 지원대상 : 산업진단 지원(보조) 사업 참여 이력이 있는 사업장 - '23년 ~ '26년 산업진단 지원사업 에너지진단 완료 사업장 ㅇ 지원규 || 1000.0만원/support_amount/subtract: / 약 69개 사업장 ㅇ 지원한도 : 사업장 당 최대 1.000만원(투자비용의 70% 또는 50%) - 타 유사사업과의 지원금 중복지원 불가능 ㅇ 신청방법 - (사업신청) 전자메일 신청(메일주소 : conan0,https://www.energy.or.kr/front/board/View2.do?boardMngNo=2&boardNo=24575,limit_candidate_large_delta
PBLN_000000000117056,[경기] 부천시 2026년 내일채움공제 지원 계획 공고,경기도,24.0,최대 24만원,support_amount,subtract,7.0,최대 7만원,support_amount,subtract,0.292x,new_half_or_less,likely_new_limit_candidate,hold,새 후보가 월별/인원별/건별/취득금액/연간한도 문맥이라 대표금액 확정이 어렵습니다.,large_amount_delta,"amount_delta_20_percent:old=24,new=7",☞ 부천시 소재 중소제조기업 ☞ 가입인원 1명당 월 기업부담금 7만원 지원 - 기업당 최대 3명까지 지원(기존ㆍ신규가입 포함),"7.0만원/support_amount/subtract: ☞ 부천시 소재 중소제조기업 ☞ 가입인원 1명당 월 기업부담금 7만원 지원 - 기업당 최대 3명까지 지원(기존ㆍ신규가입 포함) || 7.0만원/self_funding/review: ~ 모집 완료 시까지 〇 가입대상 : 부천시 소재 중소제조기업 및 근로자(핵심인력) 〇 모집인원 : 10명 〇 지원기간 : 공제 계약일로부터 3~5년(가입기간 선택) 〇 지원내용 : 가입인원 1명당 월 기업부담금 7만원 지원 || 34.0만원/support_amount/subtract: 납부 시까지 지원금 지급 유보 〇 납입금액 : 월 34만원 이상 (핵심인력 : 중소기업 = 1 : 2 이상) || 10.0만원/unknown/review: 34만원 이상 (핵심인력 : 중소기업 = 1 : 2 이상) ※ (예시) 핵심인력 10만원, 기업 24만원 이상(기업 17만원 이상, 부천시 7만원) 〇 만기금액 : 최소 || 24.0만원/unknown/review: 기업 24만원 이상(기업 17만원 이상 || 17.0만원/unknown/review: 기업 24만원 이상(기업 17만원 이상 || 7.0만원/unknown/review: 부천시 7만원) 〇 만기금액 : 최소(3년가입) 1 || 1224.0만원/unknown/review: 부천시 7만원) 〇 만기금액 : 최소(3년가입) 1,224만원 이상 □ 지원대상 〇 중소기업 : 부천시 소재 중소 제조기업 〇 핵심인력 : 직무기여도가 높아 기업의 대표자가 장기재직(3년 이상)이 필요하다",https://www.bizinfo.go.kr/sii/siia/selectSIIA200Detail.do?pblancId=PBLN_000000000117056,unit_basis_ambiguous
PBLN_000000000117454,[강원] 2026년 글로벌 IP 스타기업 육성 해외OA비용 지원사업 공고,강원특별자치도,164.0,최대 164만원,support_amount,subtract,410.0,최대 410만원,support_amount,subtract,2.5x,new_2x_plus,likely_new_limit_candidate,hold,새 후보가 한도처럼 보이나 기존값과 차이가 커 최종 수동 확인이 필요합니다.,large_amount_delta,"amount_delta_20_percent:old=164,new=410","싱가폴 氠瑢 구분 세부사업명 지원한도 지원내용 전체 지원금 기업부담금 (현금) 해외 OA 비용 지원 미 국 4,100천원 2","410.0만원/support_amount/subtract: 싱가폴 氠瑢 구분 세부사업명 지원한도 지원내용 전체 지원금 기업부담금 (현금) 해외 OA 비용 지원 미 국 4,100천원 2 || 246.0만원/unknown/review: 100천원 2,460천원 이내 1 || 164.0만원/unknown/review: 460천원 이내 1,640천원 해외 특허 || 350.0만원/unknown/review: 디자인 출원의 중간대응(OA비용)에 필요한 비용 지원 유 럽 3,500천원 2 || 210.0만원/unknown/review: 500천원 2,100천원 이내 1 || 140.0만원/unknown/review: 100천원 이내 1,400천원 중국 || 200.0만원/support_amount/subtract: 지원 유 럽 3,500천원 2,100천원 이내 1,400천원 중국·일본·특수국 2,000천원 1,200천원 이내 800천원 기 타 1,300천원 780천원 이내 520천원 || 120.0만원/unknown/review: 000천원 1,200천원 이내 800천원 기 타 1 || ... 후보 4개 추가",https://www.bizinfo.go.kr/sii/siia/selectSIIA200Detail.do?pblancId=PBLN_000000000117454,limit_candidate_large_delta
PBLN_000000000117563,2026년 중소기업 매출채권팩토링 지원계획 공고,중소벤처기업부,100000.0,최대 10억원,support_amount,subtract,5900000.0,최대 590억원,support_amount,subtract,59x,new_10x_plus,likely_new_limit_candidate,hold,새 후보가 금융성 지원/한도 문맥일 수 있어 ROI 직접 차감 확정이 어렵습니다.,large_amount_delta,"amount_delta_20_percent:old=100000,new=5.9e+06",구매기업과 1년이상 거래 실적(최근 1년 내 3회이상)을 보유하고 있는 판매기업 - 대상채권 : 중소기업이 물품ㆍ용역을 제공하여 발생한 매출채권 ☞ 매출채권팩토링 지원 (예산규모 590억원) - 팩토링 한도 : 연간 한도 판매기업 10억원,"5900000.0만원/support_amount/subtract: 구매기업과 1년이상 거래 실적(최근 1년 내 3회이상)을 보유하고 있는 판매기업 - 대상채권 : 중소기업이 물품ㆍ용역을 제공하여 발생한 매출채권 ☞ 매출채권팩토링 지원 (예산규모 590억원) - 팩토링 한도 : 연간 한도 판매기업 10억원 || 100000.0만원/support_amount/subtract: 구매기업과 1년이상 거래 실적(최근 1년 내 3회이상)을 보유하고 있는 판매기업 - 대상채권 : 중소기업이 물품ㆍ용역을 제공하여 발생한 매출채권 ☞ 매출채권팩토링 지원 (예산규모 590억원) - 팩토링 한도 : 연간 한도 판매기업 10억원 || 300000.0만원/unknown/review: 예산규모 590억원) - 팩토링 한도 : 연간 한도 판매기업 10억원, 구매기업 30억원 이내 ※ 자세한 사항 공고문 참조 사업신청 방법 온라인 접수 (중진공 누리집) || 1000.0만원/support_amount/subtract: 지원절차 ② 참고)ㅇ대상채권:중소기업이 물품･ 용역을 제공하여 발생한 매출채권* * 신청일로부터 62일 이내 작성되어 국세청에 전송된 10백만원 이상의 전자(세금)계산서 * 대표자가 동일한 기업 간 거래에서 발생한 매출채권 등은 지원대상에서 제외◦예산규모:590억원(’26년) 나 || 5900000.0만원/support_amount/subtract: 지원절차 ② 참고)ㅇ대상채권:중소기업이 물품･ 용역을 제공하여 발생한 매출채권* * 신청일로부터 62일 이내 작성되어 국세청에 전송된 10백만원 이상의 전자(세금)계산서 * 대표자가 동일한 기업 간 거래에서 발생한 매출채권 등은 지원대상에서 제외◦예산규모:590억원(’26년) 나 || 100000.0만원/unknown/review: 팩토링 한도 및 기간ㅇ(팩토링 한도)연간 한도는 판매기업 10억원 || 300000.0만원/revenue_condition/review: 가. 팩토링 한도 및 기간ㅇ(팩토링 한도)연간 한도는 판매기업 10억원,구매기업 30억원 이내 * 단, 기업당 한도는 「최근 결산재무제표 상 매출액의 1/3(제조업 1/ || 100000.0만원/unknown/review: 동일거래처에서 동일날짜 발행 세금계산서는 합산) * 구매기업의 채무액(팩토링 잔액)은 10억원 이내로 가능ㅇ(팩토링 기간)매출채권 기간을 고려하여 30일~90일(15일 단위)중에서신청기업이 선택 가능 나 || ... 후보 2개 추가",https://www.bizinfo.go.kr/sii/siia/selectSIIA200Detail.do?pblancId=PBLN_000000000117563,finance_context
PBLN_000000000117671,[인천] 서구 2026년 제품인증획득 지원사업 신청 공고,인천광역시,500.0,,support_amount,subtract,400.0,최대 400만원,non_cash,recommend_only,0.8x,moderate_delta,likely_new_limit_candidate,hold,새 후보가 현금성 직접 차감 지원금으로 확정되지 않습니다.,large_amount_delta,"type_changed:support_amount->non_cash | roi_method_changed:subtract->recommend_only | amount_delta_20_percent:old=500,new=400",FDA 등 해외 제품인증 기업당 400만원 범위내 KC,500.0만원/consulting_fee/recommend_only: 시험비 및 컨설팅비 등 기업당 300 ~ 500만원 범위내 지원 사업신청 방법 온라인 접수 (비즈오케이 홈페이지) 사업신청 사이트 온라인신청 바로가기 문의처 인천광역시 서구청 기업지원과 032- || 100.0만원/consulting_fee/recommend_only: 한도가 남을 시 100만원 범위내에서 컨설팅비를 지원함 || 500.0만원/consulting_fee/recommend_only: 시험비 및 컨설팅비 등 기업당 300 ~ 500만원 범위내 지원(VAT는 기업부담) 氠瑢 인 증 구 분 지원범위 지 원 금 액 신기술인증(NET) || 500.0만원/consulting_fee/recommend_only: 컨설팅비 기업당 500만원 범위내 CE || 400.0만원/non_cash/recommend_only: FDA 등 해외 제품인증 기업당 400만원 범위내 KC || 300.0만원/non_cash/recommend_only: Q마크 등 국내 제품인증 기업당 300만원 범위내 󰏚 지원대상 및 신청 || 1000000.0만원/non_cash/recommend_only: 가좌동 ❍ 제외대상 - 인증획득한 제품이 수입품인 기업 - 최근 결산년도 매출액이 100억원 이상인 기업 - 신청일 기준 국세,https://www.bizinfo.go.kr/sii/siia/selectSIIA200Detail.do?pblancId=PBLN_000000000117671,non_cash_or_non_subtract:non_cash
PBLN_000000000117688,[인천] 서구(검단지역) 2026년 제품인증획득 지원사업 신청 공고,인천광역시,500.0,,support_amount,subtract,400.0,최대 400만원,non_cash,recommend_only,0.8x,moderate_delta,likely_new_limit_candidate,hold,새 후보가 현금성 직접 차감 지원금으로 확정되지 않습니다.,large_amount_delta,"type_changed:support_amount->non_cash | roi_method_changed:subtract->recommend_only | amount_delta_20_percent:old=500,new=400",FDA 등 해외 제품인증 기업당 400만원 범위내 KC,500.0만원/consulting_fee/recommend_only: 시험비 및 컨설팅비 등 기업당 300 ~ 500만원 범위내 지원 사업신청 방법 온라인 접수 (비즈오케이 홈페이지) 사업신청 사이트 온라인신청 바로가기 문의처 인천광역시 서구청 기업지원과 032- || 100.0만원/consulting_fee/recommend_only: 한도가 남을 시 100만원 범위내에서 컨설팅비를 지원함 || 500.0만원/consulting_fee/recommend_only: 시험비 및 컨설팅비 등 기업당 300 ~ 500만원 범위내 지원(VAT는 기업부담) 氠瑢 인 증 구 분 지원범위 지 원 금 액 신기술인증(NET) || 500.0만원/consulting_fee/recommend_only: 컨설팅비 기업당 500만원 범위내 CE || 400.0만원/non_cash/recommend_only: FDA 등 해외 제품인증 기업당 400만원 범위내 KC || 300.0만원/non_cash/recommend_only: Q마크 등 국내 제품인증 기업당 300만원 범위내 󰏚 지원대상 및 신청 || 1000000.0만원/non_cash/recommend_only: 백석동 ❍ 제외대상 - 인증획득한 제품이 수입품인 기업 - 최근 결산년도 매출액이 100억원 이상인 기업 - 신청일 기준 국세,https://www.bizinfo.go.kr/sii/siia/selectSIIA200Detail.do?pblancId=PBLN_000000000117688,non_cash_or_non_subtract:non_cash
PBLN_000000000117992,2026년 나눔장비 이전지원사업 모집 공고,과학기술정보통신부,6000.0,"최대 6,000만원",support_amount,subtract,3000.0,"최대 3,000만원",support_amount,subtract,0.5x,new_half_or_less,likely_new_limit_candidate,hold,새 후보가 월별/인원별/건별/취득금액/연간한도 문맥이라 대표금액 확정이 어렵습니다.,large_amount_delta,"amount_delta_20_percent:old=6000,new=3000",여러 중소기업에 골고루 혜택을 제공하기 위해 1개 기업당 10개 이하 장비(취득금액 3천만원 이상)로 이전지원을 제한하는 ｢나눔장비 총량제｣ 실시 氠瑢 연구개발 또는 국산 장비개발 관련 중소기업 필수 서류 가,"6000.0만원/equipment_usage_fee/recommend_only: 연구개발 또는 국산 장비개발 관련 중소기업 등 ☞ 연구장비 이전ㆍ설치에 소요되는 비용 장비 당 취득금액의 20% 이내(최대 6천만원) 지원 사업신청 방법 온라인 접수 (ZEUS 장비활용종합포털 나눔터) || 6000.0만원/total_support_scale/review: 설치 시 발생하는 비용 - [장비수리비] 연구장비의 이전 후 사용에 필요한 수리 비용(소모품비 제외) ◌ 지원규모 : 장비 당 취득금액의 20% 이내(최대 6천만원) 지원 || 3000.0만원/support_amount/subtract: 여러 중소기업에 골고루 혜택을 제공하기 위해 1개 기업당 10개 이하 장비(취득금액 3천만원 이상)로 이전지원을 제한하는 ｢나눔장비 총량제｣ 실시 氠瑢 연구개발 또는 국산 장비개발 관련 중소기업 필수 서류 가 || 3000.0만원/unknown/review: kr/sharing) 공지 양식 ◌ 중복성 확인 검토서 : 장비 최초 취득금액 3,000만 원 이상인 경우 제출 ◌ 이전･수리비용 견적서 : 동일 항목에 대해 타 업체가 발행한 견적서 2부 || 50000.0만원/unknown/review: 장비를 신청한 경우 ③ 취득금액이 5억 이상인 연구시설 || 1000.0만원/unknown/review: 장비 이전 예상비용(VAT 포함) ◦ 총 예상비용 : 10,000,000 원(지원신청금액 + 자체투자금액) (비용산출은 부가세(VAT) 포함 기준이며 || 400.0만원/unknown/review: 견적서상 비용은 일치 요망) 氠瑢 사전점검비 장비이전비 장비수리비 총 합계 0원 4,000,000원 6 || 600.0만원/unknown/review: 000원 6,000,000원 10 || ... 후보 3개 추가",https://www.bizinfo.go.kr/sii/siia/selectSIIA200Detail.do?pblancId=PBLN_000000000117992,unit_basis_ambiguous
PBLN_000000000118245,[경북] 2026년 중소벤처기업 지식재산권 및 해외인증 지원사업 참가기업 모집 공고,경상북도,500.0,최대 500만원,support_amount,subtract,600.0,최대 600만원,non_cash,recommend_only,1.2x,moderate_delta,likely_new_limit_candidate,hold,새 후보가 현금성 직접 차감 지원금으로 확정되지 않습니다.,large_amount_delta,"type_changed:support_amount->non_cash | roi_method_changed:subtract->recommend_only | amount_delta_20_percent:old=500,new=600","시험기관 및 컨설팅 기관 출원/획득 일자 추진방법 □ 단독 □ 대행 지원금 청구 소요금액 원 신청금액 (공급가액의 80%) 최대 6,000,000원 송금계좌 _____은행","500.0만원/non_cash/recommend_only: ☞ 도내 중소ㆍ벤처기업 ☞ 지식재산권 출원 및 해외인증 획득 비용 지원(기업당 최대 500만원) || 600.0만원/non_cash/recommend_only: 시험기관 및 컨설팅 기관 출원/획득 일자 추진방법 □ 단독 □ 대행 지원금 청구 소요금액 원 신청금액 (공급가액의 80%) 최대 6,000,000원 송금계좌 _____은행 || 600.0만원/non_cash/recommend_only: : 획득 구분 세부내역 소요금액 (부가세 제외) 수행업체명 품목1 인증비 원 시험비 원 컨설팅비 원 소계 ① 浵╦ 0 浵ࡦ 원 품목2 인증비 원 시험비 원 컨설팅비 원 소계 ② 浵╦ 0 浵ࡦ 원 합계 ①+② 원 지원금 신청 금액(최대한도 기업당 600만원) 원 [서식2] 氠瑢 기업정보의 || 3000.0만원/non_cash/recommend_only: 시험비용의 합이 3천만원 이상 소요되는 인증",https://www.bizinfo.go.kr/sii/siia/selectSIIA200Detail.do?pblancId=PBLN_000000000118245,non_cash_or_non_subtract:non_cash
PBLN_000000000118395,[경기] 2026년 기술닥터사업 공고,경기도,500.0,최대 500만원,support_amount,subtract,2000.0,"최대 2,000만원",support_amount,subtract,4x,new_2x_plus,likely_new_limit_candidate,hold,새 후보가 한도처럼 보이나 기존값과 차이가 커 최종 수동 확인이 필요합니다.,large_amount_delta,"amount_delta_20_percent:old=500,new=2000","공정 개선 등 구체적 성과물 도출) 2,000만원 이내 총 비용의 20% 3단계 상용화 지원 기업의 매출향상 및 고용창출 위한 제품화‧사업화 지원(상세설계",500.0만원/support_amount/subtract: 부가세 제외 지원금 요청액 원 총 소요비용의 ( )% ☞ 500만원 한도 내에서 총 소요비용의 80%까지 지원가능 ☞ 사회적기업 || 500.0만원/support_amount/subtract: 경기도 일자리우수기업 의 경우 500만원 한도 내에서 총 소요비용의 85%까지 지원가능 첨 부 서 류 필수 ① 견적서 1부 || 500.0만원/support_amount/subtract: 부가세 제외) 원 원 지원금 요청액 원 원 총 소요비용의 ( )% 총 소요비용의 ( )% ☞ 500만원 한도 내에서 총 소요비용의 80%까지 지원가능 ☞ 사회적기업 || 500.0만원/non_cash/recommend_only: 경기도일자리우수 기업 의 경우 500만원 한도 내에서 총 소요비용의 85%까지 지원 가능 첨부서류 ① 과제수행 증빙(시험성적서 || 0.0만원/revenue_condition/review: 정량적 기대효과 (예시) 구 분 1차 년도 2차 년도 3차 년도 세부근거 (세부 근거는 과제 성격에 맞게 수정가능) 매출액(단위: 원) (예시) ㆍ지원전 : 000(단가)x000개=000천원 ㆍ지원후 : 000(단가)x000개=000천원 수출액(단위: 원) ㆍ지원전 : 000(단가)x0 || 0.0만원/revenue_condition/review: 정량적 기대효과 (예시) 구 분 1차 년도 2차 년도 3차 년도 세부근거 (세부 근거는 과제 성격에 맞게 수정가능) 매출액(단위: 원) (예시) ㆍ지원전 : 000(단가)x000개=000천원 ㆍ지원후 : 000(단가)x000개=000천원 수출액(단위: 원) ㆍ지원전 : 000(단가)x0 || 0.0만원/revenue_condition/review: 정량적 기대효과 (예시) 구 분 1차 년도 2차 년도 3차 년도 세부근거 (세부 근거는 과제 성격에 맞게 수정가능) 매출액(단위: 원) (예시) ㆍ지원전 : 000(단가)x000개=000천원 ㆍ지원후 : 000(단가)x000개=000천원 수출액(단위: 원) ㆍ지원전 : 000(단가)x0 || 0.0만원/revenue_condition/review: 정량적 기대효과 (예시) 구 분 1차 년도 2차 년도 3차 년도 세부근거 (세부 근거는 과제 성격에 맞게 수정가능) 매출액(단위: 원) (예시) ㆍ지원전 : 000(단가)x000개=000천원 ㆍ지원후 : 000(단가)x000개=000천원 수출액(단위: 원) ㆍ지원전 : 000(단가)x0 || ... 후보 6개 추가,https://www.bizinfo.go.kr/sii/siia/selectSIIA200Detail.do?pblancId=PBLN_000000000118395,limit_candidate_large_delta
PBLN_000000000119836,[전남광주] 2026년 상반기 구조고도화자금 지원 계획 공고,전남광주통합특별시,3000000.0,최대 300억원,support_amount,subtract,1000000.0,최대 100억원,support_amount,subtract,0.333x,new_half_or_less,likely_new_limit_candidate,hold,새 후보가 한도처럼 보이나 기존값과 차이가 커 최종 수동 확인이 필요합니다.,large_amount_delta,"amount_delta_20_percent:old=3e+06,new=1e+06",하반기 100억원 예정 ❍ 지원 내용 사 업 명지원 용도지원 한도상환 조건비 고창업지원사업(업력: 7년 이내)공장부지 매입,"100000.0만원/support_amount/subtract: , 경영안정사업) 지원 - 창업지원사업(3년 거치, 5년 균분상환 / 지원 한도 10억원 / 시설자금) - 경쟁력강화사업(3년 거치, 5년 균분상환 / 지원 한도 10억 || 100000.0만원/support_amount/subtract: 0억원 / 시설자금) - 경쟁력강화사업(3년 거치, 5년 균분상환 / 지원 한도 10억원 / 시설자금) - 경영안정화사업(1년 거치, 2년 균분상환 / 지원 한도 3억원 || 30000.0만원/loan/exclude: 0억원 / 시설자금) - 경영안정화사업(1년 거치, 2년 균분상환 / 지원 한도 3억원 / 운전자금) 사업신청 방법 온라인 접수 (기금융자관리시스템) 사업신청 사이트 || 3000000.0만원/unknown/review: 2026년 3월 4일광 주 광 역 시 장1 지원 개요 ❍ 지원 규모 : 300억원 || 1000000.0만원/support_amount/subtract: 하반기 100억원 예정 ❍ 지원 내용 사 업 명지원 용도지원 한도상환 조건비 고창업지원사업(업력: 7년 이내)공장부지 매입 || 100000.0만원/unknown/review: 임차 등10억원3년 거치5년 균분상환 시설 자금경쟁력강화사업(업력: 7년 초과)생산시설 교체 || 30000.0만원/unknown/review: 기타 경영 소요 자금3억원1년 거치2년 균분상환 운전 자금 || 1000000.0만원/support_amount/subtract: 지자체 정책자금 지원금액 100억원 초과 업체 - 운전자금(1년 거치 2년 균분상환)의 경우 || ... 후보 1개 추가",https://www.bizinfo.go.kr/sii/siia/selectSIIA200Detail.do?pblancId=PBLN_000000000119836,limit_candidate_large_delta
PBLN_000000000120012,[경기] 2026년 공동활용 연구장비 사용료 지원 기업 모집 공고,경기도,10000.0,최대 1억원,support_amount,subtract,500.0,최대 500만원,support_amount,subtract,0.05x,new_10pct_or_less,likely_new_limit_candidate,hold,새 후보가 한도처럼 보이나 기존값과 차이가 커 최종 수동 확인이 필요합니다.,large_amount_delta,"amount_delta_20_percent:old=10000,new=500",자세한 지원대상 공고문 참조 ☞ 도내 기업이 주관기관의 공동활용 연구장비(장비기반 기술서비스 포함) 사용 시 사용료 지원(기업당 최대 5백만원 지원) 사업신청 방법 온라인 접수 (경기도연구장비공동활용사업) 사업신청 사이트 온라인신청 바로가기 문의처 경기도경제과학진흥원 바이오기업지원팀,500.0만원/support_amount/subtract: 자세한 지원대상 공고문 참조 ☞ 도내 기업이 주관기관의 공동활용 연구장비(장비기반 기술서비스 포함) 사용 시 사용료 지원(기업당 최대 5백만원 지원) 사업신청 방법 온라인 접수 (경기도연구장비공동활용사업) 사업신청 사이트 온라인신청 바로가기 문의처 경기도경제과학진흥원 바이오기업지원팀 || 0.0만원/total_project_cost/review: ‘해당없음’ 기재) 사업명 연구과제명 주관부처 참여기간 총사업비 참여형태 000천원 주관/참여 【서식 2호】 (필수 제출 서류) 「2026년 경기도 연구장비 공동활용 사용료 지원사업」 참여기업 대상 만족도 및 성과조사 1 참여 || 10000.0만원/total_support_scale/review: □ 수행기관 : (재)경기도경제과학진흥원 □ 지원규모 ㅇ 총 사업비 : 100백만원 ㅇ 지원기업 : 20개사 이상 ㅇ 지원금액 : 기업당 최대 5백만원 - 2 - 2 지 원 내 용 □ 지원대상 : 경기도 소재 스타트업 || 500.0만원/total_support_scale/review: □ 수행기관 : (재)경기도경제과학진흥원 □ 지원규모 ㅇ 총 사업비 : 100백만원 ㅇ 지원기업 : 20개사 이상 ㅇ 지원금액 : 기업당 최대 5백만원 - 2 - 2 지 원 내 용 □ 지원대상 : 경기도 소재 스타트업 || 500.0만원/support_amount/subtract: 기업당 최대 5백만원 한도구분지원비율자부담율창업 7년 미만 기업90%10%창업 7년 이상 기업70%30% □ 관세피해기업 우선지원 ㅇ 대미 관세피해 기업 대상 15 || 6000.0만원/project_budget/review: (금)지원예산60백만원40백만원지원방법모집 종료 후 적격 검토 및 일괄 선정접수순으로 적격검토 후 순차 지원 □ 선정기준 ㅇ 1 || 4000.0만원/project_budget/review: (금)지원예산60백만원40백만원지원방법모집 종료 후 적격 검토 및 일괄 선정접수순으로 적격검토 후 순차 지원 □ 선정기준 ㅇ 1 || 500.0만원/support_amount/subtract: kr) ‧ 사용료 지원 접수 : 적격검토 후 1차일괄지원/2차순차지원 ‧ 제출서류 : 신청서 및 관련 서류 등 ‧ 최대 5백만원 한도 내 지원(1회 한정 추가접수) ‧ 1차 경쟁모집 || ... 후보 2개 추가,https://www.bizinfo.go.kr/sii/siia/selectSIIA200Detail.do?pblancId=PBLN_000000000120012,limit_candidate_large_delta
PBLN_000000000120498,[경기] 화성시 2026년 GAP 안정성 분석 지원사업 신청 공고,경기도,19.0,최대 19만원,subsidy,subtract,24.4,최대 24.4만원,support_amount,subtract,1.28x,moderate_delta,likely_new_limit_candidate,hold,새 후보가 월별/인원별/건별/취득금액/연간한도 문맥이라 대표금액 확정이 어렵습니다.,large_amount_delta,"type_changed:subsidy->support_amount | amount_delta_20_percent:old=19,new=24.4",토양용수 분석:지원한도액 244천원/점(토양117,"24.4만원/support_amount/subtract: 토양용수 분석:지원한도액 244천원/점(토양117 || 4.4만원/unknown/review: 약잔류검사는지원대상이아님4.지원자금의사용용도 토양·용수 안전성 분석 ○시료채취비:44천원/점(토양22,용수22) ○토양․용수분석비:200천원/점(토양95,용수105) 구 || 20.0만원/unknown/review: 토양․용수분석비:200천원/점(토양95 || 24.4만원/support_amount/subtract: 지원한도액:244천원/점(토양117 || 500.0만원/unknown/review: 낙찰차액발생시그금액만큼사업대상지를추가발굴*하여불용액최소화*낙찰차액발생에따른추가사업신청은500만원이하도가능 사업수행기관 || 19.0만원/total_project_cost/review: 천원) ◦안전성 검사비 지원 (단위:천원)연번보조사업자예상 사업량사 업 비계국비도비시군비*사업예상량은총사업비를1건당190천원(항목별표준분석비평균단가)으로적용 - 19 - 5 || 19.0만원/total_project_cost/review: 천원) ◦안전성검사비지원 (단위:천원)연번보조사업자예상 사업량사 업 비계국비도비시군비*사업예상량은총사업비를1건당190천원(항목별표준분석비평균단가)으로적용 ◦유형별생산자단체현황:의견수렴내용도포함(사전교육 || None만원/support_ratio/ratio_cap: [경기] 화성시 2026년 GAP 안정성 분석 지원사업 신청 공고 경기도 기업마당>정책정보>지원사업 공고 기업마당 본문 바로가기 주메뉴 바로가기 기업마당 > 정책정보 > 지원사업 공고 메뉴열기 로그인 정책정보 정책정보 지원사업 공고 품목별 법정의무 인증제도 행사정보 정책뉴스 입법·행정예",https://www.bizinfo.go.kr/sii/siia/selectSIIA200Detail.do?pblancId=PBLN_000000000120498,unit_basis_ambiguous
PBLN_000000000120600,[경북] 김천시 2026년 기술주치의119지원사업 공고,경상북도,200000.0,최대 20억원,support_amount,subtract,1500.0,"최대 1,500만원",support_amount,subtract,0.0075x,new_1pct_or_less,likely_new_limit_candidate,hold,기존값과 새값 차이가 100배 이상이라 단위/표 연결 수동 확인이 필요합니다.,large_amount_delta,"amount_delta_20_percent:old=200000,new=1500","경북TP의 지원금은 부가세 포함 최대 15,000천원임 Ⅳ","0.0만원/revenue_condition/review: 애로기술 미해결 시(필수사항) : 미해결 사유 및 대안제시 내용 기술 ­ (예시) 기술부분이 아닌 경영상의 애로(미해결 사유) → 기업지원사업 소개 및 연계(대안제시) 현장애로기술 지원결과 (기업체 종합의견) 氠瑢 애로기술해결기대효과 (예시) : 정량적인 기대효과 기술 氠瑢 구 분 지원 || 0.0만원/revenue_condition/review: 애로기술 미해결 시(필수사항) : 미해결 사유 및 대안제시 내용 기술 ­ (예시) 기술부분이 아닌 경영상의 애로(미해결 사유) → 기업지원사업 소개 및 연계(대안제시) 현장애로기술 지원결과 (기업체 종합의견) 氠瑢 애로기술해결기대효과 (예시) : 정량적인 기대효과 기술 氠瑢 구 분 지원 || 0.0만원/revenue_condition/review: 애로기술 미해결 시(필수사항) : 미해결 사유 및 대안제시 내용 기술 ­ (예시) 기술부분이 아닌 경영상의 애로(미해결 사유) → 기업지원사업 소개 및 연계(대안제시) 현장애로기술 지원결과 (기업체 종합의견) 氠瑢 애로기술해결기대효과 (예시) : 정량적인 기대효과 기술 氠瑢 구 분 지원 || 0.0만원/revenue_condition/review: 애로기술 미해결 시(필수사항) : 미해결 사유 및 대안제시 내용 기술 ­ (예시) 기술부분이 아닌 경영상의 애로(미해결 사유) → 기업지원사업 소개 및 연계(대안제시) 현장애로기술 지원결과 (기업체 종합의견) 氠瑢 애로기술해결기대효과 (예시) : 정량적인 기대효과 기술 氠瑢 구 분 지원 || 200000.0만원/consulting_fee/recommend_only: 20 년 월 일 위 확인인 소 속 : 주민등록번호 : 성 명 : (인) (재)경북테크노파크 원장 귀하 氠瑢 영 수 증 금 원정(금 원정) 위 금액을 2026년 『기술주치의119지원사업』의 현장애로기술 지원기업 (지원기업명) 컨설팅 및 자문료(1회 200,000만원 × 회)로 정히 영수 || 1000.0만원/unknown/review: 최대 10,000천원(VAT포함) || 0.0만원/revenue_condition/review: 제품이미지 개선 등의 예상성과를 구체적이고 객관적인 수치로 표시) (예시) 氠瑢 구 분 당해년도 1차 년도 2차 년도 3차 년도 세부근거 매출액(단위: 원) ㆍ‘24년 : 000(단가)x000개=000천원 ㆍ‘25년 : 000(단가)x000개=000천원 수출액(단위: 원) ㆍ‘24년 : || 0.0만원/revenue_condition/review: 제품이미지 개선 등의 예상성과를 구체적이고 객관적인 수치로 표시) (예시) 氠瑢 구 분 당해년도 1차 년도 2차 년도 3차 년도 세부근거 매출액(단위: 원) ㆍ‘24년 : 000(단가)x000개=000천원 ㆍ‘25년 : 000(단가)x000개=000천원 수출액(단위: 원) ㆍ‘24년 : || ... 후보 5개 추가",https://www.bizinfo.go.kr/sii/siia/selectSIIA200Detail.do?pblancId=PBLN_000000000120600,extreme_delta
PBLN_000000000120673,2026년 다공성 탄소소재 기반 환경소재 및 부품개발 기반구축 사업 수혜기업 지원(시제품 제작 및 기술지도) 사업 공고,산업통상부,50.0,최대 50만원,support_amount,subtract,1000.0,"최대 1,000만원",support_amount,subtract,20x,new_10x_plus,likely_new_limit_candidate,hold,새 후보가 한도처럼 보이나 기존값과 차이가 커 최종 수동 확인이 필요합니다.,large_amount_delta,"amount_delta_20_percent:old=50,new=1000",기관 보유 장비 및 도입장비를 활용하여 실증에 적용 가능한 다공성 탄소소재 기반의 제품 상용화 및 고도화를 위한 시제품 제작비 지원 10백만원 이내 8개 社 기술지원,0.0만원/unknown/review: 명) 연도 2023년 2024년 2025년 매출총액 천원 천원 천원 종업원수 명 명 명 지원프로그램 지원 체크 신청 프로그램 제품명(서비스명) 신청금액  시제품 제작 지원 ex) ooo 제작 000천원  기술지원 000천원 총 소요자금 000천원 과제명 (제품 || 0.0만원/unknown/review: 명) 연도 2023년 2024년 2025년 매출총액 천원 천원 천원 종업원수 명 명 명 지원프로그램 지원 체크 신청 프로그램 제품명(서비스명) 신청금액  시제품 제작 지원 ex) ooo 제작 000천원  기술지원 000천원 총 소요자금 000천원 과제명 (제품 || 0.0만원/unknown/review: 명) 연도 2023년 2024년 2025년 매출총액 천원 천원 천원 종업원수 명 명 명 지원프로그램 지원 체크 신청 프로그램 제품명(서비스명) 신청금액  시제품 제작 지원 ex) ooo 제작 000천원  기술지원 000천원 총 소요자금 000천원 과제명 (제품 || 1000.0만원/support_amount/subtract: 기관 보유 장비 및 도입장비를 활용하여 실증에 적용 가능한 다공성 탄소소재 기반의 제품 상용화 및 고도화를 위한 시제품 제작비 지원 10백만원 이내 8개 社 기술지원 || 50.0만원/support_amount/subtract: 다공성 탄소소재 기반 시제품 개발 과정 및 핵심기술 관련 기술지도 지원 0.5백만원 이내 8개 社,https://www.bizinfo.go.kr/sii/siia/selectSIIA200Detail.do?pblancId=PBLN_000000000120673,limit_candidate_large_delta
PBLN_000000000120780,2026년 통상변화대응지원사업 참여기업 모집 공고,산업통상부,1000000.0,최대 100억원,support_amount,subtract,2000.0,"최대 2,000만원",support_amount,subtract,0.002x,new_1pct_or_less,likely_new_limit_candidate,hold,기존값과 새값 차이가 100배 이상이라 단위/표 연결 수동 확인이 필요합니다.,large_amount_delta,"amount_delta_20_percent:old=1e+06,new=2000",경영혁신지원 ◦ (지원대상) 통상변화대응기업 지정 이후 3년 이내 기업 * 기존 무역조정지원 지정기업 포함하여 지원(신청일 기준 지정 3년 이내 기업) ◦ (지원한도 및 기간) 기업당 최대 2천만원까지 지원하며,"600000.0만원/loan/exclude: ☞ 통상변화대응지원 기업으로 지정된 기업 ☞ 기술ㆍ경영 혁신 및 융자 지원 - (기술ㆍ경영 혁신지원) 중장기 경쟁력 향상을 위한 전문가 컨설팅 지원 - (융자지원) 업체당 60억원 한도 || 50000.0만원/loan/exclude: 전문가 컨설팅 지원 - (융자지원) 업체당 60억원 한도, 고정금리 2%(운전 5억, 지방소재기업은 70억) 사업신청 방법 중진공 본사 기업성장지원처 및 전국 지역 || 700000.0만원/unknown/review: 지방소재기업은 70억) 사업신청 방법 중진공 본사 기업성장지원처 및 전국 지역본ㆍ지부(통상변화대응센터)를 통해 상담 및 신청ㆍ접수 - 통상변화대응기업 지정 : 신청 || 600000.0만원/loan/exclude: 경영 혁신지원) 중장기 경쟁력 향상을 위한 전문가 컨설팅 지원 * 매출액 규모에 따라 자부담률 0% ~ 20% ◦ (융자지원) 업체당 60억원 한도 || 50000.0만원/loan/exclude: 률 0% ~ 20% ◦ (융자지원) 업체당 60억원 한도, 고정금리 2% (운전 5억, 지방소재기업은 70억) * 융자지원의 경우 「중소기업 정책자금 융자공고」에 의 || 700000.0만원/loan/exclude: 지방소재기업은 70억) * 융자지원의 경우 「중소기업 정책자금 융자공고」에 의거하여 정책자금 신청 및 상담 || 2000.0만원/support_amount/subtract: 경영혁신지원 ◦ (지원대상) 통상변화대응기업 지정 이후 3년 이내 기업 * 기존 무역조정지원 지정기업 포함하여 지원(신청일 기준 지정 3년 이내 기업) ◦ (지원한도 및 기간) 기업당 최대 2천만원까지 지원하며 || 1000000.0만원/total_project_cost/review: 최대 12주 이내 40MD 수행 규모 자부담(최소) 지원금(최대) 총사업비 비율 금액 비율 금액 100억 미만 0% - 100% 20백만원 20백만원 100억 이상~500억 미만 10% 2백만원 90% 18백만원 20백만원 500억 이상 20% 4 || ... 후보 14개 추가",https://www.bizinfo.go.kr/sii/siia/selectSIIA200Detail.do?pblancId=PBLN_000000000120780,extreme_delta
PBLN_000000000120845,2026년 하반기 중소기업기술혁신개발사업 유망기술개발(구조혁신R&D) 시행계획 공고,중소벤처기업부,48000.0,,subsidy,subtract,200000.0,최대 20억원,support_amount,subtract,4.17x,new_2x_plus,likely_new_limit_candidate,hold,새 후보가 한도처럼 보이나 기존값과 차이가 커 최종 수동 확인이 필요합니다.,large_amount_delta,"type_changed:subsidy->support_amount | amount_delta_20_percent:old=48000,new=200000",20 20 억 □ (지원조건) 연구개발비의 75% 이내 내역 사업 개발기간 및 지원한도 * 정부지원 연구개발비 비중 ** 지원분야 중소기업유망기술개발 (구조,"200000.0만원/unknown/review: 20억원) 해외진출 경쟁형 전략형 소부장 시장확대형 (3년 || 360000.0만원/unknown/review: 36억원) 민간투자연계 전략기술테마별프로젝트 전략형 시장대응형 (2년 || 50000.0만원/loan/exclude: 5억원) 일반 융자연계형 소부장 구조혁신 내역사업 내내역사업 글로벌선도 기술개발 수출지향형 (2년 || 100000.0만원/unknown/review: 계형 소부장 구조혁신 내역사업 내내역사업 글로벌선도 기술개발 수출지향형 (2년, 10억원) 글로벌협력형 (5년, 25억원) 중소기업 유망기술개발 국가전략기술 도메인특화 || 250000.0만원/unknown/review: 25억원) 중소기업 유망기술개발 국가전략기술 도메인특화 AI (2년 || 1000000.0만원/unknown/review: 100억원) AI후보물질 (2년 || 100000.0만원/unknown/review: 10억원) 신약파이프라인 (3년 || 300000.0만원/unknown/review: I (2년, 100억원) AI후보물질 (2년, 10억원) 신약파이프라인 (3년, 30억원) 구조혁신 (2년, 5억원) 소부장 (2년, 5억원) 일반(K-뷰티, 소셜벤처, || ... 후보 30개 추가",https://www.bizinfo.go.kr/sii/siia/selectSIIA200Detail.do?pblancId=PBLN_000000000120845,limit_candidate_large_delta
PBLN_000000000120865,2026년 한ㆍ이스라엘 국제공동기술개발사업 신규 과제 통합 공고,산업통상부,168000.0,최대 16.8억원,support_amount,subtract,420000.0,최대 42억원,support_amount,subtract,2.5x,new_2x_plus,likely_new_limit_candidate,hold,새 후보가 한도처럼 보이나 기존값과 차이가 커 최종 수동 확인이 필요합니다.,large_amount_delta,"amount_delta_20_percent:old=168000,new=420000",단위 : 원) 구분 라이트하우스 프로그램 (Lighthouse Program) 과제 규모 제한 없음 과제당 최대 지원금(양국 컨소시엄 합계) 1) 42억 한국 측 예산 비율에 따른 과제당 지원금 2) 30% 12,14000.0만원/support_amount/subtract: 단위 : 원) 구분 R&D Pilot 타당성 조사 과제 규모 제한없음 1.4억 과제당 최대 지원금(양국 합계) * 28억 14억 7천만 한국 측 예산 비율에 따른 과제당 지원금 ** 30% 8 || 280000.0만원/support_amount/subtract: 4억 과제당 최대 지원금(양국 합계) * 28억 14억 7천만 한국 측 예산 비율에 따른 과제당 지원금 ** 30% 8 || 140000.0만원/support_amount/subtract: 4억 과제당 최대 지원금(양국 합계) * 28억 14억 7천만 한국 측 예산 비율에 따른 과제당 지원금 ** 30% 8 || 84000.0만원/support_amount/subtract: 4억 과제당 최대 지원금(양국 합계) * 28억 14억 7천만 한국 측 예산 비율에 따른 과제당 지원금 ** 30% 8.4억 4 || 42000.0만원/unknown/review: 4억 4.2억 2천1백만 40% 11 || 112000.0만원/unknown/review: 2억 2천1백만 40% 11.2억 5 || 56000.0만원/unknown/review: 2억 5.6억 2천8백만 50% 14억 7억 3천5백만 60% 16 || 140000.0만원/unknown/review: 6억 2천8백만 50% 14억 7억 3천5백만 60% 16 || ... 후보 31개 추가,https://www.bizinfo.go.kr/sii/siia/selectSIIA200Detail.do?pblancId=PBLN_000000000120865,limit_candidate_large_delta
PBLN_000000000120866,2026년 부산형 SiC 전력반도체 연구플랫폼 활성화 지원사업 기업지원 모집 공고,부산광역시,100.0,최대 100만원,support_amount,subtract,2200.0,"최대 2,200만원",support_amount,subtract,22x,new_10x_plus,needs_manual_review,hold,문맥만으로 기존값/새값 확정이 어렵습니다(needs_manual_review).,large_amount_delta,"amount_delta_20_percent:old=100,new=2200","000천원일 경우 - 기업지원금 : 총 22,000천원(20","2000.0만원/support_amount/subtract: (예시)지원금액이 20,000천원일 경우 - 기업지원금 : 총 22 || 2200.0만원/support_amount/subtract: 000천원일 경우 - 기업지원금 : 총 22,000천원(20 || 2000.0만원/unknown/review: 000천원(20,000천원(공급가액) + 2 || 200.0만원/self_funding/review: 000천원(공급가액) + 2,000천원(부가가치세)) - 기업부담금 : 총 2 || 220.0만원/self_funding/review: 000천원(부가가치세)) - 기업부담금 : 총 2,200천원(2 || 200.0만원/unknown/review: 200천원(2,000천원(공급가액) + 200천원(부가가치세)) 이상 漠杳 Ⅱ || 20.0만원/unknown/review: 000천원(공급가액) + 200천원(부가가치세)) 이상 漠杳 Ⅱ || 2000.0만원/unknown/review: 까지 최대 20,000천원/건 부산 내 || ... 후보 15개 추가",https://www.bizinfo.go.kr/sii/siia/selectSIIA200Detail.do?pblancId=PBLN_000000000120866,manual_review_pattern
PBLN_000000000121194,[경남] 고성군 2026년 지역지식재산창출 지원사업 공고,경상남도,130.0,최대 130만원,subsidy,subtract,90.0,최대 90만원,support_amount,subtract,0.692x,moderate_delta,likely_new_limit_candidate,hold,새 후보가 한도처럼 보이나 기존값과 차이가 커 최종 수동 확인이 필요합니다.,large_amount_delta,"type_changed:subsidy->support_amount | amount_delta_20_percent:old=130,new=90",300 천원900 천원350 천원250 대리인비용 별도 의(VAT ) 이내90% 해외권리화 출원비용 지원,"130.0만원/total_support_scale/review: 지원 대상 고성군 소재 중소기업 - : 지원 건수 기업당 건 이내 - : 3 지원 금액 대리인비용 부가세 제외 의 일부 지원 - : ( ) 지원사업 세부사업 최대지원금액 지원규모 국내권리화 특 허 실용신안 디 자 인 상 표 천원1,300 천원900 천원350 천원250 대리인비용 별도 || 90.0만원/support_amount/subtract: 300 천원900 천원350 천원250 대리인비용 별도 의(VAT ) 이내90% 해외권리화 출원비용 지원 || 35.0만원/support_amount/subtract: 300 천원900 천원350 천원250 대리인비용 별도 의(VAT ) 이내90% 해외권리화 출원비용 지원 || 300.0만원/total_support_scale/review: 관납료 등 의 일부 지원) 지원사업 세부사업 최대지원금액 지원규모 해외권리화 특허 실용신안/ 디 자 인 상 표 천원3,000 천원2 || 280.0만원/total_support_scale/review: 지원금액 지원규모 해외권리화 특허 실용신안/ 디 자 인 상 표 천원3,000 천원2,800 천원2,500 국내대리인비용 별도(VAT ) 및 해외출원 비용의 이내90% 지원 신청",https://www.bizinfo.go.kr/sii/siia/selectSIIA200Detail.do?pblancId=PBLN_000000000121194,limit_candidate_large_delta
PBLN_000000000121197,[경남] 창녕군 2026년 지역지식재산 창출지원사업 공고,경상남도,130.0,최대 130만원,subsidy,subtract,90.0,최대 90만원,support_amount,subtract,0.692x,moderate_delta,likely_new_limit_candidate,hold,새 후보가 한도처럼 보이나 기존값과 차이가 커 최종 수동 확인이 필요합니다.,large_amount_delta,"type_changed:subsidy->support_amount | amount_delta_20_percent:old=130,new=90",300 천원900 천원350 천원250 대리인비용 별도 의(VAT ) 이내90% 해외권리화 출원비용 지원,"130.0만원/total_support_scale/review: 지원 대상 창녕군 소재 중소기업 - : 지원 건수 기업당 건 이내 - : 3 지원 금액 대리인비용 부가세 제외 의 일부 지원 - : ( ) 지원사업 세부사업 최대지원금액 지원규모 국내권리화 특 허 실용신안 디 자 인 상 표 천원1,300 천원900 천원350 천원250 대리인비용 별도 || 90.0만원/support_amount/subtract: 300 천원900 천원350 천원250 대리인비용 별도 의(VAT ) 이내90% 해외권리화 출원비용 지원 || 35.0만원/support_amount/subtract: 300 천원900 천원350 천원250 대리인비용 별도 의(VAT ) 이내90% 해외권리화 출원비용 지원 || 300.0만원/total_support_scale/review: 관납료 등 의 일부 지원) 지원사업 세부사업 최대지원금액 지원규모 해외권리화 특허 실용신안/ 디 자 인 상 표 천원3,000 천원2 || 280.0만원/total_support_scale/review: 지원금액 지원규모 해외권리화 특허 실용신안/ 디 자 인 상 표 천원3,000 천원2,800 천원2,500 국내대리인비용 별도(VAT ) 및 해외출원 비용의 이내90% 지원 신청",https://www.bizinfo.go.kr/sii/siia/selectSIIA200Detail.do?pblancId=PBLN_000000000121197,limit_candidate_large_delta
PBLN_000000000121348,2026년 한-체코ㆍ한-중국 에너지국제공동R&D 신규지원 대상과제 공고,기후에너지환경부,75000.0,,support_amount,subtract,37500.0,최대 3.8억원,support_amount,subtract,0.5x,new_half_or_less,likely_new_limit_candidate,hold,새 후보가 월별/인원별/건별/취득금액/연간한도 문맥이라 대표금액 확정이 어렵습니다.,large_amount_delta,"amount_delta_20_percent:old=75000,new=37500",5억원(과제당 3.75억원 내외) *국내 컨소시엄 연구개발기관 지원금에 해당 ▪개발형태 : 혁신제품형 ▪기 술 료 : 징수 ▪연구개발기간 : 36개월 이내 ▪주관연구개발,240000.0만원/total_support_scale/review: 연구개발비 지원규모 및 연구개발기간 등 □ 한-체코 국제공동연구 氠瑢 내역사업 공모형태 (개발형태) 개 요 기술분야 지원과제수 글로벌 시장개척 자유공모 (혁신제품형) ▪지원규모 : 총 24억원 내외(과제당 12억원 내외) (1차년도 7 || 120000.0만원/total_support_scale/review: 연구개발비 지원규모 및 연구개발기간 등 □ 한-체코 국제공동연구 氠瑢 내역사업 공모형태 (개발형태) 개 요 기술분야 지원과제수 글로벌 시장개척 자유공모 (혁신제품형) ▪지원규모 : 총 24억원 내외(과제당 12억원 내외) (1차년도 7 || 75000.0만원/total_support_scale/review: 연구개발비 지원규모 및 연구개발기간 등 □ 한-체코 국제공동연구 氠瑢 내역사업 공모형태 (개발형태) 개 요 기술분야 지원과제수 글로벌 시장개척 자유공모 (혁신제품형) ▪지원규모 : 총 24억원 내외(과제당 12억원 내외) (1차년도 7.5억원(과제당 3 || 37500.0만원/support_amount/subtract: 5억원(과제당 3.75억원 내외) *국내 컨소시엄 연구개발기관 지원금에 해당 ▪개발형태 : 혁신제품형 ▪기 술 료 : 징수 ▪연구개발기간 : 36개월 이내 ▪주관연구개발 || 150000.0만원/total_support_scale/review: ESS 1) □ 한-중국 국제공동연구 氠瑢 내역사업 공모형태 (개발형태) 개 요 기술분야 지원과제수 글로벌 시장개척 자유공모 (혁신제품형) ▪지원규모 : 15억원 내외(1차년도 2 || 25000.0만원/total_support_scale/review: ESS 1) □ 한-중국 국제공동연구 氠瑢 내역사업 공모형태 (개발형태) 개 요 기술분야 지원과제수 글로벌 시장개척 자유공모 (혁신제품형) ▪지원규모 : 15억원 내외(1차년도 2.5억원 내외) *국내 컨소시엄 연구개발기관 지원금에 해당 ▪개발형태 : 혁신제품형 ▪기 술 료 : 징수 ▪ || 240000.0만원/total_support_scale/review: 연구개발비지원규모및연구개발기간등 □한-체코국제공동연구내역사업공모형태(개발형태) 개 요 기술분야지원과제수 글로벌 시장개척자유공모(혁신제품형)▪지원규모 : 총 24억원 내외(과제당 12억원 내외)(1차년도 7 || 120000.0만원/total_support_scale/review: 연구개발비지원규모및연구개발기간등 □한-체코국제공동연구내역사업공모형태(개발형태) 개 요 기술분야지원과제수 글로벌 시장개척자유공모(혁신제품형)▪지원규모 : 총 24억원 내외(과제당 12억원 내외)(1차년도 7 || ... 후보 5개 추가,https://www.bizinfo.go.kr/sii/siia/selectSIIA200Detail.do?pblancId=PBLN_000000000121348,unit_basis_ambiguous
PBLN_000000000121785,[전남광주] 2026년 소규모 밀착 안전망 구축사업 참여기업 모집 공고(지역 중대재해 예방 사각지대 해소사업),전남광주통합특별시,10000.0,최대 1억원,support_amount,subtract,25.0,최대 25만원,support_amount,subtract,0.0025x,new_1pct_or_less,likely_new_limit_candidate,hold,기존값과 새값 차이가 100배 이상이라 단위/표 연결 수동 확인이 필요합니다.,large_amount_delta,"amount_delta_20_percent:old=10000,new=25",방진마스크최대25만원4 추진절차  (제조업) 5~19인 제조 안전 길잡이 구축①공고및접수⇒②현장위험성평 가⇒③선정및지원품 목 확 정⇒④맞춤형지원및,10000.0만원/unknown/review: ☞ 광주광역시 소재 소규모 제조ㆍ건설 현장 - (제조업) 상시근로자 5인 이상 ~ 20인 미만 고위험 공정 보유 기업 - (건설업) 공사금액 1억 원 미만의 초소규모 건설현장 ☞ (제조업) 5~19인 제조 안전 길잡이 구축 지원 - (건설업) 1억 미만 건설 안전 기동대 운영 지원 || 10000.0만원/unknown/review: ☞ 광주광역시 소재 소규모 제조ㆍ건설 현장 - (제조업) 상시근로자 5인 이상 ~ 20인 미만 고위험 공정 보유 기업 - (건설업) 공사금액 1억 원 미만의 초소규모 건설현장 ☞ (제조업) 5~19인 제조 안전 길잡이 구축 지원 - (건설업) 1억 미만 건설 안전 기동대 운영 지원 || 10000.0만원/total_support_scale/review: □ (운영기관) (사)광주경영자총협회 - 2 - 2 지원대상 및 규모 □ (지원대상) 광주광역시 소재 소규모 제조 건설 현장 - (제조업) 상시근로자 5인 이상 ~ 20인 미만 고위험 공정 보유 기업 - (건설업) 공사금액 1억 원 미만의 초소규모 건설현장 □ (지원규모) 총 300개소 || 150.0만원/consulting_fee/recommend_only: / 건설업 100개소) □ (지원제외) 다음 중 하나 이상에 해당하는 기업 또는 사업주 - 정부 또는 지차체 등의 유사한 지원사업에 참여 중인 기업 - 근로기준법 제43조의2에 따라 임금 등을 체불하여 명단이 공개 중인 사업주 - 중대재해 발생 등으로 명단이 공표된 사업장 - 제출서류의 || 60.0만원/unknown/review: 화기작업(용접등)용방화담요(방염포)등 최대60만원 안전설비및시각화구축 (직관적물리방호장치)지게차동선사각지대해소용반사경(볼록거울) || 90.0만원/unknown/review: 대피포스터및야광(형광)대피로유도선등 최대90만원 || 10000.0만원/consulting_fee/recommend_only: 사업장별 현장 진단 결과 반영하여 지원 품목 변동 가능  (건설업) 1억 미만 건설 안전 기동대 운영 - 지원내용구분내용비고현장방호및필수물품지원 이동식가드레일 || 65.0만원/equipment_usage_fee/recommend_only: 방화담요등초기화재진압장비지급현장방문진단과동시에시설물및물품즉각전개 현장기술지도 추락 화재등핵심위험요인원포인트기술지도및신속조치 당일공정맞춤형TBM실습코칭및보호구실착용지도기동대불시/예약방문을통한당일공정맞춤형지도 - 4 - - 지원수준 : 1개소당 최대 65만 원지원분야주요지원품목예시(안) 비 || ... 후보 3개 추가,https://www.bizinfo.go.kr/sii/siia/selectSIIA200Detail.do?pblancId=PBLN_000000000121785,extreme_delta
PBLN_000000000121945,2026년 자이언트캐스팅(다이캐스팅) 부품 시험ㆍ평가ㆍ인증 및 기술지도 지원 시행 공고(자이언트캐스팅 공용센터 기반구축 사업),과학기술정보통신부,1000.0,"최대 1,000만원",subsidy,subtract,200.0,최대 200만원,subsidy,subtract,0.2x,new_half_or_less,likely_new_limit_candidate,hold,새 후보가 한도처럼 보이나 기존값과 차이가 커 최종 수동 확인이 필요합니다.,large_amount_delta,"amount_delta_20_percent:old=1000,new=200","기타 소모성 부품류 2,000천원 한도 * 국비/지방비 지원 금액 변동에 따라 지원 금액 변동 가능성 있음 ② 기술지도 (*신청 필수) 지원기관지원건수지원금액한국기계연구원5건최","1200.0만원/non_cash/recommend_only: 인증 지원 지원기관지원건수지원금액한국기계연구원2건최대 12,000천원 (VAT포함) - 한국기계연구원 기 구축 장비활용 자이언트캐스팅(다이캐스팅) 부품의 성능개발 및 시험 및 평가 지원 실시* 기 구축 장비 내역 || 1000.0만원/equipment_usage_fee/recommend_only: 000천원 (VAT포함) - 한국기계연구원 기 구축 장비활용 자이언트캐스팅(다이캐스팅) 부품의 성능개발 및 시험 및 평가 지원 실시* 기 구축 장비 내역은 부록 참조 - 시험 간 필요한 지그 부품류 및 기타 소모성 부품류 지원 신청 가능 * 지그 부품류 10,000천원 || 200.0만원/subsidy/subtract: 기타 소모성 부품류 2,000천원 한도 * 국비/지방비 지원 금액 변동에 따라 지원 금액 변동 가능성 있음 ② 기술지도 (*신청 필수) 지원기관지원건수지원금액한국기계연구원5건최 || 200.0만원/subsidy/subtract: 000천원 한도 * 국비/지방비 지원 금액 변동에 따라 지원 금액 변동 가능성 있음 ② 기술지도 (*신청 필수) 지원기관지원건수지원금액한국기계연구원5건최대 2,000천원 (VAT포함) - 산업현장 맞춤형 애로기술을 해소하기 위한 전문가 발굴 및 매칭으로 신규 다이캐스팅 부품(기업)의 기 || None만원/support_ratio/ratio_cap: 2026년 자이언트캐스팅(다이캐스팅) 부품 시험ㆍ평가ㆍ인증 및 기술지도 지원 시행 공고(자이언트캐스팅 공용센터 기반구축 사업) 과학기술정보통신부 기업마당>정책정보>지원사업 공고 기업마당 본문 바로가기 주메뉴 바로가기 기업마당 > 정책정보 > 지원사업 공고 메뉴열기 로그인 정책정보 정책정",https://www.bizinfo.go.kr/sii/siia/selectSIIA200Detail.do?pblancId=PBLN_000000000121945,limit_candidate_large_delta
PBLN_000000000122359,[경북] 2026년 지역특화형(고도화) 스마트공장 구축사업 공고,중소벤처기업부,63740000.0,최대 6374억원,support_amount,subtract,20000.0,최대 2억원,support_amount,subtract,0.000314x,new_1pct_or_less,likely_new_limit_candidate,hold,기존값과 새값 차이가 100배 이상이라 단위/표 연결 수동 확인이 필요합니다.,large_amount_delta,"amount_delta_20_percent:old=6.374e+07,new=20000","총 2.5억원 내에서 2회(1회차고도화→2회차동일수준)까지 지원하되,회당 최대 2억원 한도,지원비율 50%이내에서 지원가능 * (예) 26년(목표수준 중간1, 고도화","25000.0만원/unknown/review: 칠곡1)◦(지원 조건)목표수준별 총 2.5억원 내에서 2회(1회차고도화→2회차동일수준)까지 지원하되 || 20000.0만원/support_amount/subtract: 총 2.5억원 내에서 2회(1회차고도화→2회차동일수준)까지 지원하되,회당 최대 2억원 한도,지원비율 50%이내에서 지원가능 * (예) 26년(목표수준 중간1, 고도화 || 15000.0만원/unknown/review: 고도화) 1.5억 → ‘27년 이후(목표수준 중간1 || 10000.0만원/support_amount/subtract: 동일수준) 1억 * 2회차 동일수준 지원은 1회차 고도화 사업 완료(성공 판정) 이후 지원 가능지원유형지원기간정부 지원한도지원 비율구축목표수준 || 20000.0만원/unknown/review: 고도화최대 9개월최대 2억원 이내(단 || 25000.0만원/unknown/review: 수준별 2.5억원 한도)50% 이내중간1 이상목표설정필수고도화(동일수준) || 5000.0만원/support_amount/subtract: 구축사업을 통해 “고도화”지원받은기업이‘26년도 “동일수준”신청시,기존처럼 최대 0.5억원,6개월 이내 지원 가능(동일수준 지원은 목표수준별 1회만 지원 가능) ◦ 과 거 || 21.0만원/self_funding/review: 기업 자부담 21만원(VAT미포함)) - 6 - ◦(구축 목표 설정)기존 구축한 스마트공장 수준보다 높은 목표를 설정하되 || ... 후보 19개 추가",https://www.bizinfo.go.kr/sii/siia/selectSIIA200Detail.do?pblancId=PBLN_000000000122359,extreme_delta
PBLN_000000000122384,2026년 글로벌산업기술협력센터 사업(M.AX 분야 공동연구) 시행계획 공고,산업통상부,1000000.0,최대 100억원,subsidy,subtract,200000.0,최대 20억원,support_amount,subtract,0.2x,new_half_or_less,likely_new_limit_candidate,hold,새 후보가 한도처럼 보이나 기존값과 차이가 커 최종 수동 확인이 필요합니다.,large_amount_delta,"type_changed:subsidy->support_amount | amount_delta_20_percent:old=1e+06,new=200000",한국산업기술진흥협회가 발급한 “기업부설연구소 인정서“를 보유하고 있는 국내 사업자 ☞ 글로벌 산학연 컨소시엄의 공동연구 과제 지원(20억원 내외/년),200000.0만원/support_amount/subtract: 한국산업기술진흥협회가 발급한 “기업부설연구소 인정서“를 보유하고 있는 국내 사업자 ☞ 글로벌 산학연 컨소시엄의 공동연구 과제 지원(20억원 내외/년) || 200000.0만원/total_support_scale/review: 기간구분지원규모지원기간글로벌산업기술협력센터공동R&D20억원 내외/년최대 5년(41개월+최대 19개월) || 200000.0만원/support_amount/subtract: 중대형(연간 20억 이내)신규과제 9개 이내 * 지원기간에 따른 계획 및 예산을 사업계획서에 포함하여 제출 || 200000.0만원/total_support_scale/review: 접수 및 선정평가 결과 등에 따라 지원과제수 등 지원 규모는 변경 가능-회계연도 일치 관련 유의 사항구분 안내정부지원연구개발비1차년도(‘26년)는 연간 과제당 지원규모의 5/12(예: 연간 20억과제 기준 8억원 이내)까지 지원2차년도 이후 연간 지원규모(20억원 이내)로 총 정부지원연 || 80000.0만원/total_support_scale/review: 접수 및 선정평가 결과 등에 따라 지원과제수 등 지원 규모는 변경 가능-회계연도 일치 관련 유의 사항구분 안내정부지원연구개발비1차년도(‘26년)는 연간 과제당 지원규모의 5/12(예: 연간 20억과제 기준 8억원 이내)까지 지원2차년도 이후 연간 지원규모(20억원 이내)로 총 정부지원연 || 200000.0만원/total_support_scale/review: 접수 및 선정평가 결과 등에 따라 지원과제수 등 지원 규모는 변경 가능-회계연도 일치 관련 유의 사항구분 안내정부지원연구개발비1차년도(‘26년)는 연간 과제당 지원규모의 5/12(예: 연간 20억과제 기준 8억원 이내)까지 지원2차년도 이후 연간 지원규모(20억원 이내)로 총 정부지원연 || 1000000.0만원/total_support_scale/review: 접수 및 선정평가 결과 등에 따라 지원과제수 등 지원 규모는 변경 가능-회계연도 일치 관련 유의 사항구분 안내정부지원연구개발비1차년도(‘26년)는 연간 과제당 지원규모의 5/12(예: 연간 20억과제 기준 8억원 이내)까지 지원2차년도 이후 연간 지원규모(20억원 이내)로 총 정부지원연 || 80000.0만원/project_budget/review: 7(60개월)지원예산8억원20억원20억원20억원20억원12억원100억원 4 || ... 후보 7개 추가,https://www.bizinfo.go.kr/sii/siia/selectSIIA200Detail.do?pblancId=PBLN_000000000122384,limit_candidate_large_delta
PBLN_000000000122501,2026년 디지털기반 중소사업장 산재예방 기술개발 지원사업 시행계획 공고,중소벤처기업부,50000.0,최대 5억원,subsidy,subtract,66000.0,최대 6.6억원,support_amount,subtract,1.32x,moderate_delta,likely_new_limit_candidate,hold,새 후보가 한도처럼 보이나 기존값과 차이가 커 최종 수동 확인이 필요합니다.,large_amount_delta,"type_changed:subsidy->support_amount | amount_delta_20_percent:old=50000,new=66000",6.6억원 이내 정부지원연구개발비 지원,3000000.0만원/unknown/review: 8) 공사 금액이 300억 미만의 공사를 진행중이거나 진행 예정인 기업 - (위탁연구개발기관) 협약으로 정하는 바에 따라 주관연구개발기관으로부터 기술개발사업 과제의 일부 || 66000.0만원/support_amount/subtract: 6.6억원 이내 정부지원연구개발비 지원 || 3000.0만원/unknown/review: 연구자로서동시에수행할수있는국가연구개발사업과제는최대5개이내(이경우연구책임자과제수도포함)로함⑥부가세포함3천만원이상연구시설 || 3000.0만원/support_amount/subtract: 시스템 입력사항 3) 연구시설ㆍ장비 구축ㆍ운영계획(해당 시 작성합니다) (1) 연구시설ㆍ장비 구축계획(구축비용이 3천만원 이상인 경우에는 필수로 작성합니다)(단위: 천원)연구개발기관명연구시설ㆍ장비명현금/현물 구분구축방식*규격수량구축비용구축기간설치장소 * 개발 || 10000.0만원/unknown/review: -1억원이상의연구시설․장비의도입에관한사항은「과학기술기본법」제28조및「국가연구개발시설 || 50000.0만원/support_amount/subtract: 청년인력 의무채용 □ 정부지원연구개발비비례청년인력의무채용◦과제당정부지원연구개발비중기업지원금액합계가5억원이상인경우 || 50000.0만원/unknown/review: 정부지원연구개발비5억원당청년인력1인을신규로의무채용해야함 * 예시) 1 || 50000.0만원/unknown/review: 영리기관에 지원되는 정부지원연구개발비가 5억원 이상인 경우에만 청년인력 의무채용 대상 2 || ... 후보 18개 추가,https://www.bizinfo.go.kr/sii/siia/selectSIIA200Detail.do?pblancId=PBLN_000000000122501,limit_candidate_large_delta
PBLN_000000000122585,2026년 2차 미래차 전자제어부품 산업 고도화 기반구축 기업지원 수혜기업 모집 공고,산업통상부,2000.0,,support_amount,subtract,1500.0,"최대 1,500만원",support_amount,subtract,0.75x,moderate_delta,likely_new_limit_candidate,hold,새 후보가 월별/인원별/건별/취득금액/연간한도 문맥이라 대표금액 확정이 어렵습니다.,large_amount_delta,"amount_delta_20_percent:old=2000,new=1500","기구부 개발 기술지원1건(건당 최대 1,500만원)~ 6","1500.0만원/support_amount/subtract: 기구부 개발 기술지원1건(건당 최대 1,500만원)~ 6 || 2000.0만원/non_cash/recommend_only: 9(화) 18:00까지협약일 ~ 9월시제품제작 지원전자제어부품 및 전장부품 관련 R&D 시작품 및 시제품 제작 지원1건(건당 최대 2,000만원)사업화지원국내외 인증 || 1000.0만원/equipment_usage_fee/recommend_only: 해외수출 지원3건 내외(건당 최대 1,000만원) 협약일 ~ 10월시험평가지원주관 및 참여기관 보유 장비 활용 시험 || 100.0만원/non_cash/recommend_only: 인증 지원15건(건당 최대 100만원)상시접수공고일 ~ 10월상시지원부품임대지원[벤츠 EQA 250 || 1500.0만원/support_amount/subtract: 이 외 기업 에서 필 요로 하 는 지원 사항 협 의가능최대 1,500만원이내/건1건영남대1) HW개발- ECU 회로 설계 및 해석 기술 지원- 방열 분석 및 최적화 개발 지원- 전기장 분석 및 EMI 시뮬레이션 지원 || 1000.0만원/consulting_fee/recommend_only: 컨설팅 비용 등 최대 1,000만원이내/건3건내외GITCGBTP 지재권 창출 지원- 국내외 특허 || 2000.0만원/equipment_usage_fee/recommend_only: 경량화 및 신제품 개발 관련 시제품 제작 지원최대 2,000만원이내/건1건GITC시험평가 지원- 상시접수- 주관 및 참여기관 보유 장비 활용 시험 || 100.0만원/non_cash/recommend_only: 인증 지원 최대 100만원이내/건(추가비용 발생 시 기업 부담)15건GITCGBTP 부품임대 지원- 상시접수- 전기자율차(벤츠 EQA 250 || ... 후보 1개 추가",https://www.bizinfo.go.kr/sii/siia/selectSIIA200Detail.do?pblancId=PBLN_000000000122585,unit_basis_ambiguous
PBLN_000000000122726,[강원] 2026년 바이오기업 성장 촉진 및 고용 활성화 지원기업 상시 모집 공고(지역산업맞춤형 일자리창출 지원사업),강원특별자치도,700.0,최대 700만원,support_amount,subtract,40.0,최대 40만원,support_amount,subtract,0.0571x,new_10pct_or_less,likely_new_limit_candidate,hold,새 후보가 월별/인원별/건별/취득금액/연간한도 문맥이라 대표금액 확정이 어렵습니다.,large_amount_delta,"amount_delta_20_percent:old=700,new=40",기업당 최대 6명 400천원x6개월 30명 내외 ․ 공고일 현재 ‘강원도’에 소재하고 있는 사업자로 강원도에 4대 사회보험을 납부하고 있어야 함 ․ 지원기간 내 과업수행,"700.0만원/unknown/review: 기존 제품 포장 및 용기 등 디자인 개선 비용 지원 7,000천원 6개사 2 시제품 제작 지원 || 700.0만원/support_amount/subtract: 시제품 공정개선 및 최적화 등 개발 비용 지원 7,000천원 6개사 3 온 || 700.0만원/unknown/review: 라이브커머스 등) 7,000천원 6개사 4 홍보물 제작 지원 || 700.0만원/non_cash/recommend_only: 기존 제품 홍보용 샘플(소용량 증정용 제품) 제작 비용 지원 7,000천원 6개사 5 국내외 규격인증 획득 지원 || 700.0만원/consulting_fee/recommend_only: 컨설팅 비용 지원 7,000천원 6개사 6 국외전시회 참가 지원 || 1000.0만원/unknown/review: 임차비용 - 전시회 계정(파트너링 등) 등록 비용 10,000천원 5개사 7 일자리 시설 || 500.0만원/unknown/review: 체력단련실 등 5,000천원 6개사 8 신규 채용자 초기정주 기반 지원 || 40.0만원/support_amount/subtract: 신규채용자 초기 정주여건 마련을 위한 주거비용 지원 - 신규채용자 월세 지원 - 1인당 400천원 x 6개월 || ... 후보 7개 추가",https://www.bizinfo.go.kr/sii/siia/selectSIIA200Detail.do?pblancId=PBLN_000000000122726,unit_basis_ambiguous
PBLN_000000000122997,[강원] 횡성군 2026년 2차 지식재산 첫걸음 지원사업 참여기업 모집 공고,강원특별자치도,130.0,최대 130만원,subsidy,subtract,1000.0,"최대 1,000만원",support_amount,subtract,7.69x,new_2x_plus,likely_new_limit_candidate,hold,새 후보가 한도처럼 보이나 기존값과 차이가 커 최종 수동 확인이 필요합니다.,large_amount_delta,"type_changed:subsidy->support_amount | amount_delta_20_percent:old=130,new=1000","현물 15%적용 3) 지원내용 및 규모 구분세부지원내용지원단가 (지원금)지원한도특허특허맵(일반) 10,000 천원 이내기업당2건 이내특허기술 홍보영상 제작 9","1000.0만원/support_amount/subtract: 현물 15%적용 3) 지원내용 및 규모 구분세부지원내용지원단가 (지원금)지원한도특허특허맵(일반) 10,000 천원 이내기업당2건 이내특허기술 홍보영상 제작 9 || 900.0만원/unknown/review: 000 천원 이내기업당2건 이내특허기술 홍보영상 제작 9,000 천원 이내디자인제품디자인개발18 || 1800.0만원/unknown/review: 000 천원 이내디자인제품디자인개발18,000 천원 이내포장디자인개발10 || 1000.0만원/unknown/review: 000 천원 이내포장디자인개발10,000 천원 이내 화상디자인개발 7 || 700.0만원/unknown/review: 000 천원 이내 화상디자인개발 7,000 천원 이내상표(브랜드) 신규브랜드개발16 || 1600.0만원/unknown/review: 000 천원 이내상표(브랜드) 신규브랜드개발16,000 천원 이내리뉴얼브랜드개발 7 || 700.0만원/consulting_fee/recommend_only: 000 천원 이내리뉴얼브랜드개발 7,000 천원 이내 4) 지원절차 공고및접수컨설팅기업선정협력사선정사업 추진 || 130.0만원/non_cash/recommend_only: 디자인) 권리화 지원 1) 지원대상: 횡성군 내 중소기업 2) 지원내용 및 규모 가) 기업당 연간 3건 이내 나) 총액의 90% [기업분담금(현금) : 10%] 구 분특허실용신안상표(브랜드)디자인지원금액(자부담 제외)130만원이내/건90만원이내/건25만원이내/건35만원이내/건 3) 지원 || ... 후보 23개 추가",https://www.bizinfo.go.kr/sii/siia/selectSIIA200Detail.do?pblancId=PBLN_000000000122997,limit_candidate_large_delta
PBLN_000000000122998,[강원] 영월군 2026년 2차 지식재산 첫걸음 지원사업 참여기업 모집 공고,강원특별자치도,130.0,최대 130만원,subsidy,subtract,1000.0,"최대 1,000만원",support_amount,subtract,7.69x,new_2x_plus,likely_new_limit_candidate,hold,새 후보가 한도처럼 보이나 기존값과 차이가 커 최종 수동 확인이 필요합니다.,large_amount_delta,"type_changed:subsidy->support_amount | amount_delta_20_percent:old=130,new=1000","현물 15% 적용 3) 지원내용 및 규모 氠瑢 구분 세부지원내용 지원단가 (지원금) 지원한도 특허 특허맵(일반) 10,000 천원 이내 기업당 2건 이내 특허기술 홍보영상 제작 9","1000.0만원/support_amount/subtract: 현물 15% 적용 3) 지원내용 및 규모 氠瑢 구분 세부지원내용 지원단가 (지원금) 지원한도 특허 특허맵(일반) 10,000 천원 이내 기업당 2건 이내 특허기술 홍보영상 제작 9 || 900.0만원/unknown/review: 000 천원 이내 기업당 2건 이내 특허기술 홍보영상 제작 9,000 천원 이내 디자인 제품디자인개발 18 || 1800.0만원/unknown/review: 000 천원 이내 디자인 제품디자인개발 18,000 천원 이내 포장디자인개발 10 || 1000.0만원/unknown/review: 000 천원 이내 포장디자인개발 10,000 천원 이내 화상디자인개발 7 || 700.0만원/unknown/review: 000 천원 이내 화상디자인개발 7,000 천원 이내 상표 (브랜드) 신규브랜드개발 16 || 1600.0만원/unknown/review: 000 천원 이내 상표 (브랜드) 신규브랜드개발 16,000 천원 이내 리뉴얼브랜드개발 7 || 700.0만원/consulting_fee/recommend_only: 000 천원 이내 리뉴얼브랜드개발 7,000 천원 이내 4) 지원절차 氠瑢 공고 및 접수 컨설팅 기업 선정 협력사 선정 사업 추진 || 130.0만원/non_cash/recommend_only: 디자인) 권리화 지원 1) 지원대상: 영월군 내 중소기업 2) 지원내용 및 규모 가) 기업당 연간 3건 이내 나) 총액의 90% [기업분담금(현금) : 10%] 氠瑢 구 분 특허 실용신안 상표(브랜드) 디자인 지원금액 (자부담 제외) 130만원 이내/건 90만원 이내/건 25만원 이내/ || ... 후보 23개 추가",https://www.bizinfo.go.kr/sii/siia/selectSIIA200Detail.do?pblancId=PBLN_000000000122998,limit_candidate_large_delta
PBLN_000000000123053,2026년 2차 경북 영천시 금호 이웃사촌마을 조성사업 청년창업 및 이전기업 지원사업 참여기업(이전기업) 모집 공고,경상북도,5000.0,"최대 5,000만원",support_amount,subtract,20000.0,최대 2억원,support_amount,subtract,4x,new_2x_plus,likely_new_limit_candidate,hold,새 후보가 한도처럼 보이나 기존값과 차이가 커 최종 수동 확인이 필요합니다.,large_amount_delta,"amount_delta_20_percent:old=5000,new=20000","구축(임차) 및 신제품개발 또는 제품고도화 등 자금 지원(단년도 최대 200,000천원","5000.0만원/support_amount/subtract: 임직원 등 영천시 전입 가능 기업(지원금 5천만원 당 1명 이전 필수) - 협약 기간 중 영천시 금호읍 내 공장 설립 및 등록 가능 기업 || 5000.0만원/support_amount/subtract: 유지 및 지역 기여도(금호 삼삼오오이웃대잔치 참여) - (필수) 필수성과지표 포함 최소 6건 이상 작성 - (필수) 지원금 5천만 원당 1명 주소이전 및 유지 필수 || 20000.0만원/support_amount/subtract: (예시) 지원금 2억 원 신청 시 || 22000.0만원/total_project_cost/review: 본 사업의 추진을 위한 사업비 사용 계획 제시 - 총 사업비 최대 220,000천원(2 || 22000.0만원/self_funding/review: 사업의 추진을 위한 사업비 사용 계획 제시 - 총 사업비 최대 220,000천원(2.2억원 / 자부담10% 포함)으로 사업비 계획 구성 - 부가가치세는 사업비로 사용 불가 || 150.0만원/total_project_cost/review: 마케팅비 용역비 (시제품 제작 등) 전문가 활용 및 정보수집비 총사업비 20% 이내 간접 사업비 간접비 성과활용지원에 관한 경비 특허출원(1,500천원*1건) 1 || 5000.0만원/support_amount/subtract: 임직원 등 영천시 전입 가능 기업(지원금 5천만원 당 1명 이전 필수)- 협약 기간 중 영천시 금호읍 내 공장 설립 및 등록 가능 기업 || 5000.0만원/support_amount/subtract: 지원금 5천만원 당 1명 영천시로 주소이전(가족 및 임직원 등) 및 3년 유지 필수 4) 협약 기간 중 ‘영천시 금호읍’ 내 공장 설립 및 등록이 가능한 기업 || ... 후보 5개 추가",https://www.bizinfo.go.kr/sii/siia/selectSIIA200Detail.do?pblancId=PBLN_000000000123053,limit_candidate_large_delta
PBLN_000000000123103,[전남광주] 로컬콘텐츠 기반 문화상품 개발 컨소시엄(공방&디자인기업) 모집 공고,전남광주통합특별시,1000.0,"최대 1,000만원",support_amount,subtract,800.0,최대 800만원,support_amount,subtract,0.8x,moderate_delta,likely_new_limit_candidate,hold,새 후보가 한도처럼 보이나 기존값과 차이가 커 최종 수동 확인이 필요합니다.,large_amount_delta,"amount_delta_20_percent:old=1000,new=800",지식재산권 출원 등 - (상품개발) 과제당 8000천원 - (마케팅) 제품촬영 및 상세페이지 제작 등 온라인 판로를 위한 마케팅 지원 사업신청 방법 이메일 접수(yujeong@gdc,"10.0만원/support_amount/subtract: 지역 고유 웰니스 자원 등을 활용한 소비자가 10만원 이하의 문화상품 개발 및 마케팅 지원 - 상품기획(디자인개발) || 800.0만원/support_amount/subtract: 지식재산권 출원 등 - (상품개발) 과제당 8000천원 - (마케팅) 제품촬영 및 상세페이지 제작 등 온라인 판로를 위한 마케팅 지원 사업신청 방법 이메일 접수(yujeong@gdc || 1000.0만원/total_project_cost/review: 일부 공정에 대해 외부 업체에 의뢰하여 제작하는 용역비 간접비: 상품 개발에 간접적으로 필요한 사업비로 총 사업비(10,000천원)의 10% 이내 편성 가능",https://www.bizinfo.go.kr/sii/siia/selectSIIA200Detail.do?pblancId=PBLN_000000000123103,limit_candidate_large_delta
PBLN_000000000123148,2026년 2차 조선해양산업기술개발사업 신규지원 대상과제 공고,산업통상부,100000.0,최대 10억원,subsidy,subtract,2000000.0,최대 200억원,support_amount,subtract,20x,new_10x_plus,likely_new_limit_candidate,hold,새 후보가 월별/인원별/건별/취득금액/연간한도 문맥이라 대표금액 확정이 어렵습니다.,large_amount_delta,"type_changed:subsidy->support_amount | amount_delta_20_percent:old=100000,new=2e+06",2~4차년도 : 각 12개월) ㅇ 정부지원연구개발비 : ’26년 20억원 이내 (총 정부지원연구개발비 200억원 이내) ㅇ 주관연구개발기관 : 기업 (조선소 참여 필수) ㅇ 정부납부기술료 납부대상 여부 : 징수 품목번호 2026-2차-조선해양산업핵심-04,100000.0만원/support_amount/subtract: 2단계: 4~5차년도 개발기간 각 12개월) ㅇ 정부지원연구개발비 : ’26년 10억원 이내 (총 정부지원연구개발비 90억원 이내) ㅇ 주관연구개발기관 : 비영리기관 ㅇ 정부납부기술료 납부대상 여부 : 비징수 품목번호 2026-2 || 900000.0만원/support_amount/subtract: 2단계: 4~5차년도 개발기간 각 12개월) ㅇ 정부지원연구개발비 : ’26년 10억원 이내 (총 정부지원연구개발비 90억원 이내) ㅇ 주관연구개발기관 : 비영리기관 ㅇ 정부납부기술료 납부대상 여부 : 비징수 품목번호 2026-2차-조선해양산업핵심-02 산업기술분류 || 100000.0만원/support_amount/subtract: 2단계: 4~5차년도 개발기간 각 12개월) ㅇ 정부지원연구개발비 : ’26년 10억원 이내 (총 정부지원연구개발비 85억원 이내) ㅇ 주관연구개발기관 : 중소 || 850000.0만원/support_amount/subtract: 2단계: 4~5차년도 개발기간 각 12개월) ㅇ 정부지원연구개발비 : ’26년 10억원 이내 (총 정부지원연구개발비 85억원 이내) ㅇ 주관연구개발기관 : 중소 || 200000.0만원/support_amount/subtract: 2~4차년도 : 각 12개월) ㅇ 정부지원연구개발비 : ’26년 20억원 이내 (총 정부지원연구개발비 200억원 이내) ㅇ 주관연구개발기관 : 기업 (조선소 참여 필수) ㅇ 정부납부기술료 납부대상 여부 : 징수 품목 || 2000000.0만원/support_amount/subtract: 2~4차년도 : 각 12개월) ㅇ 정부지원연구개발비 : ’26년 20억원 이내 (총 정부지원연구개발비 200억원 이내) ㅇ 주관연구개발기관 : 기업 (조선소 참여 필수) ㅇ 정부납부기술료 납부대상 여부 : 징수 품목번호 2026-2차-조선해양산업핵심-04 || 200000.0만원/support_amount/subtract: 2~4차년도 : 각 12개월) ㅇ 정부지원연구개발비 : ’26년 20억원 이내 (총 정부지원연구개발비 200억원 이내) ㅇ 주관연구개발기관 : 기업 ㅇ 정부납부기술료 납부대상 여부 : 징수 품목번호 2026-2차-조 || 2000000.0만원/support_amount/subtract: 2~4차년도 : 각 12개월) ㅇ 정부지원연구개발비 : ’26년 20억원 이내 (총 정부지원연구개발비 200억원 이내) ㅇ 주관연구개발기관 : 기업 ㅇ 정부납부기술료 납부대상 여부 : 징수 품목번호 2026-2차-조선해양산업핵심-05 산업기술분류 중분류Ⅰ || ... 후보 17개 추가,https://www.bizinfo.go.kr/sii/siia/selectSIIA200Detail.do?pblancId=PBLN_000000000123148,unit_basis_ambiguous
PBLN_000000000123150,2026년 소공인 스마트제조지원(스마트공방)사업 추가 모집 공고,중소벤처기업부,600.0,최대 600만원,subsidy,subtract,3000.0,"최대 3,000만원",subsidy,subtract,5x,new_2x_plus,likely_new_limit_candidate,hold,새 후보가 한도처럼 보이나 기존값과 차이가 커 최종 수동 확인이 필요합니다.,large_amount_delta,"amount_delta_20_percent:old=600,new=3000","클러스터특성에맞는소(상)공인연계사업추진등 -(지원금액) 운영기관별최대3,000만원(국비100%) * 기관별 사업계획에 따라 지원금액 조정 가능 ** 단","3000.0만원/fee/review: 변경된 운영지침에 따라 세목 별 사업비 변동이 있을 수 있음 √ [별첨13] 클러스터 운영기관 간접비 편성 예시(2025년 기준) 참고 √ 인건비는 전체 예산 30%초과 편성 불가 √ 사업비 총액 한도 : 3000만원(국비100%) 항 목 세목 합 계(원) 구성비 간접비 운영비 소모품비 || 1400000.0만원/unknown/review: 연탄 및 석유정제품 제조업 C19 140억원 이하 1차 금속 제조업 C24 식료품 제조업 C10 120억원 이하 음료 제조업 C11 의복 || 1200000.0만원/unknown/review: 연탄 및 석유정제품 제조업 C19 140억원 이하 1차 금속 제조업 C24 식료품 제조업 C10 120억원 이하 음료 제조업 C11 의복 || 800000.0만원/unknown/review: 음향 및 통신장비 제조업 C26 전기장비 제조업 C28 기타 기계 및 장비 제조업 C29 자동차 및 트레일러 제조업 C30 가구 제조업 C32 담배 제조업 C12 80억원 이하 섬유제품 제조업(의복 제조업 제외) C13 목재 및 나무제품 제조업(가구 제조업 제외) C16 펄프 || 150000.0만원/unknown/review: 광학기기 및 시계 제조업 C27 기타 운송장비 제조업 C31 기타 제품 제조업 C33 산업용 기계 및 장비 수리업 C34 15억원 이하 * 부가세가치세신고서상 주업종을 확인 별첨 8 주업종 구분 방법 업종 구분 방법 □ 업종분류 기준 ◦ 업종구분은 통계청의 한국표준산업분류 || 600.0만원/total_project_cost/review: 소프트웨어 임차기간은 사업기간 이내로 한정 ** 임차비용은 총 사업비의 10%(최대 600만원) 이내로 한정하되 || 6000.0만원/self_funding/review: 자부담비40%총 사업비국비(60%)자부담(40%)현금(20% 이상) 현물*(20% 이하)6,000만원최대 3 || 3600.0만원/unknown/review: 000만원최대 3,600만원최소 1 || ... 후보 7개 추가",https://www.bizinfo.go.kr/sii/siia/selectSIIA200Detail.do?pblancId=PBLN_000000000123150,limit_candidate_large_delta
PBLN_000000000123154,2026년 3차 조선해양산업기술개발사업 신규지원 대상과제 공고,산업통상부,297000.0,최대 29.7억원,subsidy,subtract,4210000.0,최대 421억원,support_amount,subtract,14.2x,new_10x_plus,likely_new_limit_candidate,hold,새 후보가 한도처럼 보이나 기존값과 차이가 커 최종 수동 확인이 필요합니다.,large_amount_delta,"type_changed:subsidy->support_amount | amount_delta_20_percent:old=297000,new=4.21e+06",7억원 이내 (총 정부지원연구개발비 421억원 이내) ㅇ 주관연구개발기관 : 비영리기관 ㅇ 정부납부기술료 납부대상 여부 : 징수 관리번호 2026-3차-AI완전자율운항-02 산업기술분류 중,297000.0만원/support_amount/subtract: 2단계: 5~7차년도 개발기간 각 12개월) ㅇ 정부지원연구개발비 : ’26년 29.7억원 이내 (총 정부지원연구개발비 421억원 이내) ㅇ 주관연구개발기관 : 비영리기관 ㅇ 정부납부기술료 납부대상 여부 : 징수 관리번호 2026-3 || 4210000.0만원/support_amount/subtract: 7억원 이내 (총 정부지원연구개발비 421억원 이내) ㅇ 주관연구개발기관 : 비영리기관 ㅇ 정부납부기술료 납부대상 여부 : 징수 관리번호 2026-3차-AI완전자율운항-02 산업기술분류 중 || 1585000.0만원/total_support_scale/review: 연구개발비 지원 규모 및 기간세부사업명(내역사업명) 조선해양산업기술개발(AI완전자율운항선박기술개발)공고예산158.5억원신규 지원 연구개발과제12개지원규모연구개발과제별 특성에 따라 달리함(지원대상 사업 및 과제(RFP || 50000.0만원/unknown/review: 해당 기술분야에 대한 코드번호는 「산업기술혁신사업 공통 운영요령」 [별표1]을 참조 -8- * 기본채용 인원 : 전체 연구개발기간에 걸친 각 참여기업의 정부지원연구개발비 합계액(계획금액 기준)이 5억원 이상인 경우 청년인력은 1차년도에 1명 이상 배정하여야 하며 || 50000.0만원/unknown/review: 정부지원연구개발비 합계액이 5억원의 배수에 달할 때마다 해당 연도 말까지 채용하여야 할 인원을 1명씩 가산 예시) 연구개발기관 중 3개의 기업이 나누어 받는 총 정부지원연구개발 || 138000.0만원/unknown/review: 정부지원연구개발비 합계액이 5억원의 배수에 달할 때마다 해당 연도 말까지 채용하여야 할 인원을 1명씩 가산 예시) 연구개발기관 중 3개의 기업이 나누어 받는 총 정부지원연구개발비 13.8억원인 경우 || 38000.0만원/unknown/review: 참여기업의 연차별 기본채용 인원수 구분1차년도2차년도3차년도해당연도누적해당연도누적해당연도누적정부지원연구개발비3.8억3 || 38000.0만원/unknown/review: 구분1차년도2차년도3차년도해당연도누적해당연도누적해당연도누적정부지원연구개발비3.8억3.8억5억8.8억5억13.8억기본채용 인원1명1명1명2명0명2명□참여연구원 출산전후 휴 || ... 후보 7개 추가,https://www.bizinfo.go.kr/sii/siia/selectSIIA200Detail.do?pblancId=PBLN_000000000123154,limit_candidate_large_delta
PBLN_000000000123188,[경북] 북부 2026년 3차 지식재산 긴급지원 사업 모집 공고,경상북도,420.0,최대 420만원,subsidy,subtract,900.0,최대 900만원,subsidy,subtract,2.14x,new_2x_plus,likely_new_limit_candidate,hold,새 후보가 한도처럼 보이나 기존값과 차이가 커 최종 수동 확인이 필요합니다.,large_amount_delta,"amount_delta_20_percent:old=420,new=900","해외출원비용 등을 지원 氠瑢 구분 세부 사업명 정부지원금 규모 분담금 특 허 특허기술홍보영상제작 9,000천원 이내 40% (현금20%+현물20%) 단","2000.0만원/consulting_fee/recommend_only: 봉화군) 소재 중소기업 (중소기업 기본법 제2조 및 동법 시행령 제3조에 의거) ☞ 기업 당 2,000만원 이내 지원 - 지식재산 전문가의 IP현안 진단을 통해 컨설턴트 직접컨설팅을 제공하고 || 2000.0만원/total_support_scale/review: 천재지변의 경우 일부 절차는 비대면으로 진행될 수 있음 □ 지원규모 o 기업 당 2,000만원 이내(지원금 합산 기준 || 900.0만원/subsidy/subtract: 해외출원비용 등을 지원 氠瑢 구분 세부 사업명 정부지원금 규모 분담금 특 허 특허기술홍보영상제작 9,000천원 이내 40% (현금20%+현물20%) 단 || 900.0만원/unknown/review: 여성기업의 경우 현금 10% + 현물 30% 적용 특허맵(국내) 9,000천원 이내 디자인 디자인맵(국내) 9 || 900.0만원/unknown/review: 000천원 이내 디자인 디자인맵(국내) 9,000천원 이내 제품디자인개발 16 || 1600.0만원/unknown/review: 000천원 이내 제품디자인개발 16,000천원 이내 제품디자인목업 6 || 600.0만원/unknown/review: 000천원 이내 제품디자인목업 6,000천원 이내 포장디자인개발 9 || 900.0만원/unknown/review: 000천원 이내 포장디자인개발 9,000천원 이내 화상디자인 개발(UX || ... 후보 31개 추가",https://www.bizinfo.go.kr/sii/siia/selectSIIA200Detail.do?pblancId=PBLN_000000000123188,limit_candidate_large_delta
PBLN_000000000123192,[경북] 영주시 2026년 3차 지식재산 긴급지원 사업 모집 공고,경상북도,1400.0,"최대 1,400만원",subsidy,subtract,900.0,최대 900만원,subsidy,subtract,0.643x,moderate_delta,likely_new_limit_candidate,hold,새 후보가 한도처럼 보이나 기존값과 차이가 커 최종 수동 확인이 필요합니다.,large_amount_delta,"amount_delta_20_percent:old=1400,new=900","해외출원비용 등을 지원 氠瑢 구분 세부 사업명 정부지원금 규모 분담금 특 허 특허기술홍보영상제작 9,000천원 이내 40% (현금20%+현물20%) 단","2000.0만원/consulting_fee/recommend_only: ☞ 영주시 소재 중소기업 (중소기업 기본법 제2조 및 동법 시행령 제3조에 의거) ☞ 기업 당 2,000만원 이내 지원 - 지식재산 전문가의 IP현안 진단을 통해 컨설턴트 직접컨설팅을 제공하고 || 2000.0만원/total_support_scale/review: 천재지변의 경우 일부 절차는 비대면으로 진행될 수 있음 □ 지원규모 o 기업 당 2,000만원 이내(지원금 합산 기준 || 900.0만원/subsidy/subtract: 해외출원비용 등을 지원 氠瑢 구분 세부 사업명 정부지원금 규모 분담금 특 허 특허기술홍보영상제작 9,000천원 이내 40% (현금20%+현물20%) 단 || 900.0만원/unknown/review: 여성기업의 경우 현금 10% + 현물 30% 적용 특허맵(국내) 9,000천원 이내 디자인 디자인맵(국내) 9 || 900.0만원/unknown/review: 000천원 이내 디자인 디자인맵(국내) 9,000천원 이내 제품디자인개발 16 || 1600.0만원/unknown/review: 000천원 이내 제품디자인개발 16,000천원 이내 제품디자인목업 6 || 600.0만원/unknown/review: 000천원 이내 제품디자인목업 6,000천원 이내 포장디자인개발 9 || 900.0만원/unknown/review: 000천원 이내 포장디자인개발 9,000천원 이내 화상디자인 개발(UX || ... 후보 5개 추가",https://www.bizinfo.go.kr/sii/siia/selectSIIA200Detail.do?pblancId=PBLN_000000000123192,limit_candidate_large_delta
PBLN_000000000123210,2026년 2차 국가표준기술력향상사업 신규지원 대상과제 공고,산업통상부,7000.0,"최대 7,000만원",subsidy,subtract,59850000.0,최대 5985억원,support_amount,subtract,8.55e+03x,new_100x_plus,likely_new_limit_candidate,hold,기존값과 새값 차이가 100배 이상이라 단위/표 연결 수동 확인이 필요합니다.,large_amount_delta,"type_changed:subsidy->support_amount | amount_delta_20_percent:old=7000,new=5.985e+07",855억원이내(총정부지원연구개발비5.985억원이내)ㅇ단계구분:1단계(1~2차년도),1000.0만원/support_amount/subtract: 2~4차년도:각12개월)ㅇ 정부지원연구개발비:’26년0.1억원이내(총정부지원연구개발비0 || 7000.0만원/support_amount/subtract: 1억원이내(총정부지원연구개발비0.7억원이내)ㅇ단계구분:1단계(1~2차년도) || 8550000.0만원/support_amount/subtract: 2~4차년도:각12개월)ㅇ 정부지원연구개발비:’26년0.855억원이내(총정부지원연구개발비5 || 59850000.0만원/support_amount/subtract: 855억원이내(총정부지원연구개발비5.985억원이내)ㅇ단계구분:1단계(1~2차년도) || 6000.0만원/support_amount/subtract: 2~5차년도:각12개월)ㅇ 정부지원연구개발비:’26년0.6억원이내(총정부지원연구개발비5 || 54000.0만원/support_amount/subtract: 6억원이내(총정부지원연구개발비5.4억원이내)ㅇ단계구분:1단계(1~2차년도) || 8350000.0만원/support_amount/subtract: 2~4차년도:각12개월)ㅇ 정부지원연구개발비:’26년0.835억원이내(총정부지원연구개발비5 || 58450000.0만원/support_amount/subtract: 835억원이내(총정부지원연구개발비5.845억원이내)ㅇ단계구분:1단계(1~2차년도) || ... 후보 16개 추가,https://www.bizinfo.go.kr/sii/siia/selectSIIA200Detail.do?pblancId=PBLN_000000000123210,extreme_delta
PBLN_000000000123267,2026년 제5차 바이오ㆍ의료기술개발 사업 신규과제 공고,과학기술정보통신부,1370000.0,최대 137억원,subsidy,subtract,200000.0,최대 20억원,support_amount,subtract,0.146x,new_half_or_less,likely_new_limit_candidate,hold,새 후보가 월별/인원별/건별/취득금액/연간한도 문맥이라 대표금액 확정이 어렵습니다.,large_amount_delta,"type_changed:subsidy->support_amount | amount_delta_20_percent:old=1.37e+06,new=200000",연구 개발 결과의 활용 방안 및 기대 효과 까지 내용을 과제 규모에 따라 아래 분량에 맞춰 작성12개월 기준 정부지원연구개발비 규모(주관+공동 기준) 계획서 분량주관연구개발기관공동연구개발기관연 5억원 미만60쪽 이내15쪽 이내연 5억원 이상 20억원 미만100쪽 이내20쪽 이내연 20억원 이상제한 없음제한 없음,"1370000.0만원/unknown/review: 12) 단계1 차년도(1 ) 백만원13,700 백만원(2 || 44297600.0만원/subsidy/subtract: 줄기세포 등 국민 생명과 건강에 직결된 바이오 및 첨단의료 분야 핵심원천기술 확보 및 실용화 지원□사업기간/예산(정부출연금):’04년~계속 /’26년 4,429.76억원□사업 내용ㅇ신약 || 50000.0만원/support_amount/subtract: 연구 개발 결과의 활용 방안 및 기대 효과 까지 내용을 과제 규모에 따라 아래 분량에 맞춰 작성12개월 기준 정부지원연구개발비 규모(주관+공동 기준) 계획서 분량주관연구개발기관공동연구개발기관연 5억원 미만60쪽 이내15쪽 이내연 5억원 이상 20억원 미만100쪽 이내20쪽 이내연 20억 || 50000.0만원/support_amount/subtract: 연구 개발 결과의 활용 방안 및 기대 효과 까지 내용을 과제 규모에 따라 아래 분량에 맞춰 작성12개월 기준 정부지원연구개발비 규모(주관+공동 기준) 계획서 분량주관연구개발기관공동연구개발기관연 5억원 미만60쪽 이내15쪽 이내연 5억원 이상 20억원 미만100쪽 이내20쪽 이내연 20억 || 200000.0만원/support_amount/subtract: 연구 개발 결과의 활용 방안 및 기대 효과 까지 내용을 과제 규모에 따라 아래 분량에 맞춰 작성12개월 기준 정부지원연구개발비 규모(주관+공동 기준) 계획서 분량주관연구개발기관공동연구개발기관연 5억원 미만60쪽 이내15쪽 이내연 5억원 이상 20억원 미만100쪽 이내20쪽 이내연 20억 || 200000.0만원/support_amount/subtract: 연구 개발 결과의 활용 방안 및 기대 효과 까지 내용을 과제 규모에 따라 아래 분량에 맞춰 작성12개월 기준 정부지원연구개발비 규모(주관+공동 기준) 계획서 분량주관연구개발기관공동연구개발기관연 5억원 미만60쪽 이내15쪽 이내연 5억원 이상 20억원 미만100쪽 이내20쪽 이내연 20억 || None만원/support_ratio/ratio_cap: 2026년 제5차 바이오ㆍ의료기술개발 사업 신규과제 공고 과학기술정보통신부 기업마당>정책정보>지원사업 공고 기업마당 본문 바로가기 주메뉴 바로가기 기업마당 > 정책정보 > 지원사업 공고 메뉴열기 로그인 정책정보 정책정보 지원사업 공고 품목별 법정의무 인증제도 행사정보 정책뉴스 입법·행정",https://www.bizinfo.go.kr/sii/siia/selectSIIA200Detail.do?pblancId=PBLN_000000000123267,unit_basis_ambiguous
PBLN_000000000123371,[경남] 사천시ㆍ진주시 2026년 2차 우주ㆍ항공 제조기업 대상 DX 기반 품질ㆍ공정 개선 및 생산성 향상을 위한 무료 컨설팅 및 전문인력양성 지원사업 공고,산업통상부,1500.0,"최대 1,500만원",support_amount,subtract,700.0,최대 700만원,support_amount,subtract,0.467x,new_half_or_less,likely_new_limit_candidate,hold,새 후보가 한도처럼 보이나 기존값과 차이가 커 최종 수동 확인이 필요합니다.,large_amount_delta,"amount_delta_20_percent:old=1500,new=700",일부 우수 성과 도출 기업에 한해 재료비 최대 700만원 추가 지원 (예산 소진 시 조기 마감),"1500.0만원/consulting_fee/recommend_only: 중견 제조기업 대상 제조 공정 전주기* 디지털 전환(DX) 컨설팅 지원 - 기업당 제조 공정 전주기 분야별 최대 2회 지원 가능(예산 소진 시 마감) - 최대 1,500만원 지원(컨설팅 자문료 및 재료비) 氠瑢 구분 컨설팅 지원 내용 컨설팅 지원 (최대 3개월) 지원 내용 (예시) 공정 || 300.0만원/consulting_fee/recommend_only: 학사 학위 이상 및 DX 관련 컨설팅 경력 보유자 지원 예산 전문가 자문료 최대 300만원 지원 || 50.0만원/non_cash/recommend_only: 자문 50만원/회 * 6회 (경력에 따른 차등 지급) || 500.0만원/support_amount/subtract: 한국전자기술연구원 보유 인력 활용 및 기술지원 가능 지원 예산 재료비 최대 500만원 지원 || 700.0만원/support_amount/subtract: 일부 우수 성과 도출 기업에 한해 재료비 최대 700만원 추가 지원 (예산 소진 시 조기 마감) || 300.0만원/education_fee/recommend_only: 8시간 이상 교육 수료 - 강사료 최대 300만원 지원(이 외 SW 임차비 || 300.0만원/support_amount/subtract: 교재비 등 일체 지원) 氠瑢 구분 지원 내용 지원 예산 강사료 최대 300만원 지원 (예시 || 50.0만원/unknown/review: 50만원/강사 * 6회) 이 외 SW 임차비 || ... 후보 1개 추가",https://www.bizinfo.go.kr/sii/siia/selectSIIA200Detail.do?pblancId=PBLN_000000000123371,limit_candidate_large_delta
PBLN_000000000123399,[경북] 2026년 소공인 클린제조환경조성 사업 모집 공고,경상북도,630.0,최대 630만원,subsidy,subtract,1050.0,"최대 1,050만원",support_amount,subtract,1.67x,moderate_delta,likely_new_limit_candidate,hold,새 후보가 한도처럼 보이나 기존값과 차이가 커 최종 수동 확인이 필요합니다.,large_amount_delta,"type_changed:subsidy->support_amount | amount_delta_20_percent:old=630,new=1050","산업폐기물 처리 등 지원50개사내외630만원이내270만원 이상고위험업종*** 1,050만원이내450만원이상에너지효율","1400000.0만원/unknown/review: 연탄 및 석유정제품 제조업 140억원 이하 10인 미만 C24 1차 금속 제조업 C10 식료품 제조업 120억원 이하 C11 음료 제조업 C14 의복 || 1200000.0만원/unknown/review: 연탄 및 석유정제품 제조업 140억원 이하 10인 미만 C24 1차 금속 제조업 C10 식료품 제조업 120억원 이하 C11 음료 제조업 C14 의복 || 800000.0만원/unknown/review: 음향 및 통신장비 제조업 C28 전기장비 제조업 C29 기타 기계 및 장비 제조업 C30 자동차 및 트레일러 제조업 C32 가구 제조업 C12 담배 제조업 80억원 이하 C13 섬유제품 제조업 || 150000.0만원/unknown/review: 광학 기기 및 시계 제조업 C31 기타 운송장비 제조업 C33 기타 제품 제조업 C34 산업용 기계 및 장비 수리업 15억원 이하 氠瑢 참고2 주 업종(제조업) 구분 방법 □ 업종분류 기준 ◦ 업종구분은 통계청의 한국표준산업분류의 분류원칙에 따르며 || 630.0만원/support_amount/subtract: 산업폐기물 처리 등 지원50개사내외630만원이내270만원 이상고위험업종*** 1 || 270.0만원/support_amount/subtract: 산업폐기물 처리 등 지원50개사내외630만원이내270만원 이상고위험업종*** 1 || 1050.0만원/support_amount/subtract: 산업폐기물 처리 등 지원50개사내외630만원이내270만원 이상고위험업종*** 1,050만원이내450만원이상에너지효율 || 450.0만원/unknown/review: 050만원이내450만원이상에너지효율 || ... 후보 3개 추가",https://www.bizinfo.go.kr/sii/siia/selectSIIA200Detail.do?pblancId=PBLN_000000000123399,limit_candidate_large_delta
PBLN_000000000123416,[경북] 영천시 2026년 2차 중소기업 혁신기술개발 지원사업 공고,경상북도,311.0,최대 311.1만원,support_amount,subtract,5000.0,"최대 5,000만원",support_amount,subtract,16.1x,new_10x_plus,likely_new_limit_candidate,hold,새 후보가 월별/인원별/건별/취득금액/연간한도 문맥이라 대표금액 확정이 어렵습니다.,large_amount_delta,"amount_delta_20_percent:old=311,new=5000","R&D 사업 지원  Scale-up R&D 1) 지원 내용 : 아이디어 단계의 신제품개발 또는 제품고도화를 위한 연구개발 과제 2) 지원 대상 : 선정 후 협약 기업 단독 3) 지원금 : 최대 50,000천원(지원금의 20% 이상 현금 기업 부담) 4) 추진 절차 氠瑢 모집 공고 ⇨ 선정 평가 ⇨ 과제 협약 ⇨ 사업수행 ⇨ 결과 평가 (6~7월) (","18000.0만원/total_project_cost/review: 총사업비(지원금) : 금180,000,000원(금일억팔천만원정) 라 || 5000.0만원/support_amount/subtract: R&D 사업 지원  Scale-up R&D 1) 지원 내용 : 아이디어 단계의 신제품개발 또는 제품고도화를 위한 연구개발 과제 2) 지원 대상 : 선정 후 협약 기업 단독 3) 지원금 : 최대 50,000천원(지원금의 20% 이상 현금 기업 부담) 4) 추진 절차 氠瑢 모집 공고 ⇨ || 3500.0만원/support_amount/subtract: 000천원(지원금의 20% 이상 현금 기업 부담) 4) 추진 절차 氠瑢 모집 공고 ⇨ 선정 평가 ⇨ 과제 협약 ⇨ 사업수행 ⇨ 결과 평가 (6~7월) (7월) (별도 공지) (8월~11월) (11월) 지원대상기업 현장실태조사 및 대면발표평가 협약 체결 사업수행 및 현장모니터링 (필수) || 2000.0만원/support_amount/subtract: 특허 등 지원 2) 지원 대상 : 선정 후 협약 기업 단독 3) 지원금 : 최대 20,000천원(지원금의 20% 이상 현금 기업 부담) 4) 추진절차 氠瑢 모집 공고 ⇨ 선정 평가 ⇨ 과제 협약 ⇨ 사업수행 ⇨ 결과 평가 ⇨ 사업비 지급 || 2500.0만원/non_cash/recommend_only: 기업 현황 氠瑢 기업 현황 기업현황 매출 고용 지원현황 구 분 매출(억) 고용(명) 본 사업 지원 현항 2025년 150 25 2024년 2023년 비R&D-25백만원 재무현황 (2025년) 부채비율 : (부채총계/자본총계×100%) 유동비율 : (유동자산/유동부채×100%) 기업인증 || 5000.0만원/self_funding/review: 사업비 요약 (단위 : 천원) 氠瑢 구 분 영천시 지원금 민간부담금 합 계 현 금 현 물 소 계 금액 % 100% 氠瑢 작성요령 汤捯 작성 후 삭제 ◦ 총괄 - 영천시지원금 및 민간(기업)부담금 비율은 공고문에 명기된 비율로 작성함 - 민간부담금 현금은 민간(기업)부담금의 20%이상이어 || 1000.0만원/self_funding/review: 민간부담금 10백만원이상(현금 필수) || 311.1만원/unknown/review: 상용근로자 월 평균급여(3,111천원)* 이하인 개인사업자 대표는 상용근로자 월 평균급여로 계상 * 노동부 상용근로자 1인당 월평균 임금 기준 || ... 후보 3개 추가",https://www.bizinfo.go.kr/sii/siia/selectSIIA200Detail.do?pblancId=PBLN_000000000123416,unit_basis_ambiguous
PBLN_000000000123417,[경북] 영천시 2026년 2차 중소기업 고부가가치 전환육성 지원사업 공고,경상북도,311.0,최대 311.1만원,support_amount,subtract,10000.0,최대 1억원,support_amount,subtract,32.2x,new_10x_plus,likely_new_limit_candidate,hold,새 후보가 월별/인원별/건별/취득금액/연간한도 문맥이라 대표금액 확정이 어렵습니다.,large_amount_delta,"amount_delta_20_percent:old=311,new=10000","R&D 사업 지원 □ 시제품 개발형 기술 개발 1) 지원 내용 : 영천시 중소기업의 연구개발을 통해 미래의 시장 진출을 준비하기 위한 고부가가치 사업화 기술 개발 지원 2) 지원 대상 : 선정 후 협약 기업 단독 3) 지원금 : 최대 100,000천원(지원금의 20% 이상 현금 기업 부담) 4) 추진 절차 氠瑢 모집 공고 ⇨ 선정 평가 ⇨ 과제 협약 ⇨ 사업수행 ⇨ 결과 평가 (6~7월) (","2500.0만원/non_cash/recommend_only: 기업 현황 氠瑢 기업 현황 기업현황 매출 고용 지원현황 구 분 매출(억) 고용(명) 본 사업 지원 현항 2025년 150 25 2024년 2023년 비R&D-25백만원 재무현황 (2025년) 부채비율 : (부채총계/자본총계×100%) 유동비율 : (유동자산/유동부채×100%) 기업인증 || 10000.0만원/self_funding/review: 사업비 요약 (단위 : 천원) 氠瑢 구 분 영천시 지원금 민간부담금 합 계 현 금 현 물 소 계 금액 % 100% 氠瑢 작성요령 汤捯 작성 후 삭제 ◦ 총괄 - 영천시지원금 및 민간(기업)부담금 비율은 공고문에 명기된 비율로 작성함 - 민간부담금 현금은 민간(기업)부담금의 20%이상이어 || 2000.0만원/self_funding/review: 민간부담금 20백만원이상(현금 필수) || 311.1만원/unknown/review: 상용근로자 월 평균급여(3,111천원)* 이하인 개인사업자 대표는 상용근로자 월 평균급여로 계상 * 노동부 상용근로자 1인당 월평균 임금 기준 || 1000.0만원/unknown/review: 수행기업의 연구과제 추진비의 합계는 1천만원 이하로 계상하여야 한다 || 3.0만원/unknown/review: 활용비는 제외) 다과, 식대 등으로 실 소요비용을 산정할 수 있으며(단, 1인당 3만원 이하), 외부기업 참석없이 단일 수행기업 내부직원 간의 회의비로 사용하는 경우 || 1.0만원/unknown/review: 자체기준이 없는 경우 1인당 1일 1만원 이내로 산정하여야 한다 || 27000.0만원/total_project_cost/review: 총 사업비(지원금) : 금270,000,000원(금이억칠천만원정) 라 || ... 후보 2개 추가",https://www.bizinfo.go.kr/sii/siia/selectSIIA200Detail.do?pblancId=PBLN_000000000123417,unit_basis_ambiguous
PBLN_000000000123419,2026년 소공인 클린제조환경조성사업 추가 모집 공고,중소벤처기업부,630.0,최대 630만원,subsidy,subtract,1050.0,"최대 1,050만원",support_amount,subtract,1.67x,moderate_delta,likely_new_limit_candidate,hold,새 후보가 한도처럼 보이나 기존값과 차이가 커 최종 수동 확인이 필요합니다.,large_amount_delta,"type_changed:subsidy->support_amount | amount_delta_20_percent:old=630,new=1050","산업폐기물 처리 등 지원 500개사 내외 630만원 이내 270만원 이상 고위험업종 *** 50개사 내외 1,050만원 이내 450만원 이상 에너지효율","630.0만원/support_amount/subtract: 산업폐기물 처리 등 지원 500개사 내외 630만원 이내 270만원 이상 고위험업종 *** 50개사 내외 1 || 270.0만원/support_amount/subtract: 산업폐기물 처리 등 지원 500개사 내외 630만원 이내 270만원 이상 고위험업종 *** 50개사 내외 1 || 1050.0만원/support_amount/subtract: 산업폐기물 처리 등 지원 500개사 내외 630만원 이내 270만원 이상 고위험업종 *** 50개사 내외 1,050만원 이내 450만원 이상 에너지효율 || 450.0만원/unknown/review: 050만원 이내 450만원 이상 에너지효율 || 490.0만원/support_amount/subtract: 공사 지원 350개사 내외 490만원 이내 210만원 이상 * 본 사업과 무관한 단순 장비 교체 || 210.0만원/support_amount/subtract: 공사 지원 350개사 내외 490만원 이내 210만원 이상 * 본 사업과 무관한 단순 장비 교체 || 630.0만원/support_amount/subtract: 산업폐기물 처리 등 지원500개사내외630만원이내270만원 이상고위험업종*** 50개사내외1 || 270.0만원/support_amount/subtract: 산업폐기물 처리 등 지원500개사내외630만원이내270만원 이상고위험업종*** 50개사내외1 || ... 후보 8개 추가",https://www.bizinfo.go.kr/sii/siia/selectSIIA200Detail.do?pblancId=PBLN_000000000123419,limit_candidate_large_delta
PBLN_000000000123421,"2026년 중소기업기술혁신개발사업 글로벌선도기술개발(함께달리기, 이어달리기) 시행계획 공고",중소벤처기업부,100000.0,최대 10억원,subsidy,subtract,50000.0,최대 5억원,support_amount,subtract,0.5x,new_half_or_less,likely_new_limit_candidate,hold,새 후보가 한도처럼 보이나 기존값과 차이가 커 최종 수동 확인이 필요합니다.,large_amount_delta,"type_changed:subsidy->support_amount | amount_delta_20_percent:old=100000,new=50000",접수 결과에 따라 추가공고 가능 □ (지원조건) 연구개발비의 65%이내 (연차별 최대 5억원 이내) 내역 사업 개발기간 및 지원한도 정부지원 연구개발비 비중 * 지원방식 수출지향형 함께달리기 최대 2년,"200000.0만원/unknown/review: 20억원) 해외진출 경쟁형 전략형 소부장 시장확대형 (3년 || 360000.0만원/unknown/review: 36억원) 민간투자연계 전략기술테마별프로젝트 전략형 시장대응형 (2년 || 50000.0만원/loan/exclude: 5억원) 일반 융자연계형 소부장 구조혁신 내역사업 내내역사업 글로벌선도 기술개발 수출지향형 (2년 || 100000.0만원/unknown/review: 계형 소부장 구조혁신 내역사업 내내역사업 글로벌선도 기술개발 수출지향형 (2년, 10억원) 글로벌협력형 (5년, 25억원) 중소기업 유망기술개발 국가전략기술 도메인특화 || 250000.0만원/unknown/review: 25억원) 중소기업 유망기술개발 국가전략기술 도메인특화 AI (2년 || 1000000.0만원/unknown/review: 100억원) AI후보물질 (2년 || 100000.0만원/unknown/review: 10억원) 신약파이프라인 (3년 || 300000.0만원/unknown/review: I (2년, 100억원) AI후보물질 (2년, 10억원) 신약파이프라인 (3년, 30억원) 구조혁신 (2년, 5억원) 소부장 (2년, 5억원) 일반(K-뷰티, 소셜벤처, || ... 후보 22개 추가",https://www.bizinfo.go.kr/sii/siia/selectSIIA200Detail.do?pblancId=PBLN_000000000123421,limit_candidate_large_delta
PBLN_000000000123459,[경북] 2026년 4차 푸드테크 스마트 제조 기반 구축 사업 재공고,경상북도,4500.0,"최대 4,500만원",support_amount,subtract,80000.0,최대 8억원,loan,exclude,17.8x,new_10x_plus,needs_manual_review,hold,문맥만으로 기존값/새값 확정이 어렵습니다(needs_manual_review).,large_amount_delta,"type_changed:support_amount->loan | roi_method_changed:subtract->exclude | amount_delta_20_percent:old=4500,new=80000","체 등 생산설비에 소요되는 자금 장기저리, 융자 지원 * 금리 2.5%(변동), 8억원(시설)/3년거치, 5년 균등분할 * 사업장 신축 및 부지매입비, 공장매입비, 사","80000.0만원/loan/exclude: 체 등 생산설비에 소요되는 자금 장기저리, 융자 지원 * 금리 2.5%(변동), 8억원(시설)/3년거치, 5년 균등분할 * 사업장 신축 및 부지매입비, 공장매입비, 사 || 400.0만원/unknown/review: 시제품/포장재(파우치/박스/스티커) 제작 - 최대 4백만원 || 400.0만원/non_cash/recommend_only: 수출 적합성 검토 인증비용 - 최대 4백만원 || 1200000.0만원/revenue_condition/review: 식료품 제조업 C10 평균매출액등 120억원 이하 2 || 800000.0만원/revenue_condition/review: 임업 및 어업 A 평균매출액등 80억원 이하 19 || 500000.0만원/revenue_condition/review: 도매 및 소매업 G 평균매출액등 50억원 이하 33 || 300000.0만원/revenue_condition/review: 원료재생업 (수도업은 제외한다) E (E36 제외) 평균매출액등 30억원 이하 35 || 100000.0만원/revenue_condition/review: 산업용 기계 및 장비 수리업 C34 평균매출액등 10억원 이하 40 || ... 후보 5개 추가",https://www.bizinfo.go.kr/sii/siia/selectSIIA200Detail.do?pblancId=PBLN_000000000123459,manual_review_pattern
PBLN_000000000123468,2026년 에너지신산업 개방형 혁신생태계 OpenLAB 조성사업 기업지원사업 수혜기업모집 공고,산업통상부,8700.0,"최대 8,700만원",support_amount,subtract,3000.0,"최대 3,000만원",support_amount,subtract,0.345x,new_half_or_less,likely_new_limit_candidate,hold,새 후보가 한도처럼 보이나 기존값과 차이가 커 최종 수동 확인이 필요합니다.,large_amount_delta,"amount_delta_20_percent:old=8700,new=3000","/ 최대 30,000천원 이내 지원","0.0만원/total_project_cost/review: 빨강 글씨) 삭제 후 제출) 氠瑢 지원제품명 (기술명) 총사업비 (VAT별도) 사업비 000 백만원 ( 지원금액 000백만원 || 0.0만원/total_project_cost/review: 빨강 글씨) 삭제 후 제출) 氠瑢 지원제품명 (기술명) 총사업비 (VAT별도) 사업비 000 백만원 ( 지원금액 000백만원 || 0.0만원/support_amount/subtract: 민간부담금 000백만원) 지원이 필요한 이유 □ 사업 추진배경 및 목적 - 본 지원사업의 추진배경 및 달성하고자 하는 목표 □ 기술시장현황 ㅇ 제품(기술) 국내외 기 || 2000.0만원/unknown/review: 비교견적서 필요 - (예시) OOO 시제품 제작 20,000천원(단순한 항목의 견적서 제출 X) 지원받은 후 계획 및 활용방안 (기대효과) □ 활용방안 - 본 사업의 수행결과로 얻어진 결과물 등을 활용한 향 || 370000.0만원/unknown/review: ㅇ 국외 시장 동향 - 글로벌 배터리 열관리 시스템 시장은 2024년 약 37억 달러에서 2034년 약 116억 달러 로 성장할 것으로 전망될 만큼 빠른 확장세를 보이고 있음 || 1160000.0만원/unknown/review: ㅇ 국외 시장 동향 - 글로벌 배터리 열관리 시스템 시장은 2024년 약 37억 달러에서 2034년 약 116억 달러 로 성장할 것으로 전망될 만큼 빠른 확장세를 보이고 있음 || 10000.0만원/unknown/review: ㅇ 글로벌 V2G 시장은 전기차 보급 확대와 재생에너지 비중 증가에 힘입어 2032년 약 1억 6 || 21700.0만원/total_support_scale/review: 11월 ❍ 지원규모 및 지원대상 : 총 217,000천원 ① R&D 세부 1 || ... 후보 9개 추가",https://www.bizinfo.go.kr/sii/siia/selectSIIA200Detail.do?pblancId=PBLN_000000000123468,limit_candidate_large_delta
PBLN_000000000123480,[부산] 2026년 2차 블록체인 허브 입주기업 맞춤형 지원 프로그램 모집 공고,부산광역시,100.0,최대 100만원,support_amount,subtract,1000.0,"최대 1,000만원",support_amount,subtract,10x,new_10x_plus,possible_unit_scale_error,hold,문맥만으로 기존값/새값 확정이 어렵습니다(possible_unit_scale_error).,large_amount_delta,"amount_delta_20_percent:old=100,new=1000","부산 블록체인 허브 입주기업 혹은 입주 예정기업 ☞ 입주기업의 수요에 따라 세부프로그램 중 선택하여 프로그램(기업당 최대 1,000만원 이내) 지원 - 비즈니스 성장","1000.0만원/support_amount/subtract: 부산 블록체인 허브 입주기업 혹은 입주 예정기업 ☞ 입주기업의 수요에 따라 세부프로그램 중 선택하여 프로그램(기업당 최대 1,000만원 이내) 지원 - 비즈니스 성장 || 3000.0만원/total_support_scale/review: 2026 블록체인 특화 클러스터 조성사업 內 블록체인 기업 사업화 지원사업 선정기업은 수혜대상에서 제외 - 2 - ◦ 지원규모 : 30백만원 (기업당 10백만원 내외) - 기업부담금(현금) 20% 이상 매칭 필수 q 지원내용 ◦ 입주기업의 수요에 따라 세부프로그램 중 선택하여 프로그 || 1000.0만원/total_support_scale/review: 2026 블록체인 특화 클러스터 조성사업 內 블록체인 기업 사업화 지원사업 선정기업은 수혜대상에서 제외 - 2 - ◦ 지원규모 : 30백만원 (기업당 10백만원 내외) - 기업부담금(현금) 20% 이상 매칭 필수 q 지원내용 ◦ 입주기업의 수요에 따라 세부프로그램 중 선택하여 프로그램 || 1000.0만원/support_amount/subtract: 1개 기업당 수혜 받을 수 있는 맞춤형 프로그램 지원 총액은 1,000만원으로 한정 연번세부프로그램명추진내용지원한도1비즈니스 성장지원ㆍ(목적) 비즈니스 아이디어 발굴 및 BM 개발을 위한 활동 지원ㆍ(내용) 시장조사 || 1000.0만원/support_amount/subtract: 지식재산권 출원ㆍ등록 등기업당 최대1,000만원이내* 선정평가 후 지원가능금액산정 후 안내 2기타 희망분야 지원ㆍ(목적) 기업 희망 프로그램(단 || 100.0만원/self_funding/review: 여비교통비 등 기업 운영경비는 산정 불가 ◦ 기업부담금(현금) 20% 이상 매칭 필수 ◦ 사업비 사용액에 대한 증빙 첨부 불가 시 사업비 미지급 ◦ 사업비 청구 시 공급가액만 청구해야 함(부가세 등 환급금은 제외) ex) 100만원 결제 → 90만원(공급가액) 지원 가능 || 90.0만원/self_funding/review: 여비교통비 등 기업 운영경비는 산정 불가 ◦ 기업부담금(현금) 20% 이상 매칭 필수 ◦ 사업비 사용액에 대한 증빙 첨부 불가 시 사업비 미지급 ◦ 사업비 청구 시 공급가액만 청구해야 함(부가세 등 환급금은 제외) ex) 100만원 결제 → 90만원(공급가액) 지원 가능 || 10.0만원/support_amount/subtract: 10만원(부가세) 지원 불가 ◦ 예산비목별 한도제한은 없으나 프로그램 목적에 부합하지 않거나 사업계획 대비 특정 비목이 과대 계상된 경우 || ... 후보 1개 추가",https://www.bizinfo.go.kr/sii/siia/selectSIIA200Detail.do?pblancId=PBLN_000000000123480,possible_unit_scale_error
PBLN_000000000123506,[전남광주] 2026년 2차 전남 지역기업 성장사다리 지원사업 연장 공고,중소벤처기업부,3500.0,"최대 3,500만원",support_amount,subtract,5000.0,"최대 5,000만원",support_amount,subtract,1.43x,moderate_delta,likely_new_limit_candidate,hold,새 후보가 한도처럼 보이나 기존값과 차이가 커 최종 수동 확인이 필요합니다.,large_amount_delta,"amount_delta_20_percent:old=3500,new=5000","두 사업을 합하여 5,000만원 이내 지원 가능하나","3500.0만원/support_amount/subtract: 스타기업) 지원 - 성장단계형 지원 프로그램(기업당 최대 35백만원 이내) 지원 || 81400.0만원/total_support_scale/review: 전남테크노파크원장 1지원개요□(지원규모)총8.14억원(국비5 || 51600.0만원/total_support_scale/review: 기업부장관,전라남도지사,전남테크노파크원장 1지원개요□(지원규모)총8.14억원(국비5.16억원,지방비2.98억원)□(지원 프로그램) 총1개Track,5개지원대상별프로그램운영□ || 29800.0만원/unknown/review: 지방비2.98억원)□(지원 프로그램) 총1개Track || 3500.0만원/support_amount/subtract: 의기업당최대 지원금은 35백만원 이내에서신청가능 || 100000.0만원/total_support_scale/review: 방향지원규모기업당 평균 지원금 잠재기업 초기• 업력: 창업 7년 내외• 매출: 10억원 미만• 비즈니스모델 및 사업전략 수립 등• R&D‧특허‧인증 사전기획 등• 시제 || 2000.0만원/unknown/review: 기타 프로그램은 p14~16 참고10社내외20 백만원지역R&D 전용 || 2000.0만원/unknown/review: 기타 프로그램은 p14~16 참고3社내외20 백만원스타기업(지정 기업 12개사 대상) || ... 후보 19개 추가",https://www.bizinfo.go.kr/sii/siia/selectSIIA200Detail.do?pblancId=PBLN_000000000123506,limit_candidate_large_delta
PBLN_000000000123525,[충남ㆍ충북ㆍ대전ㆍ세종] 2026년 2차 기업 지원 프로그램(비R&D) 지원대상 모집 공고(미래차 산업 혁신 지원사업),충청남도,1100.0,"최대 1,100만원",support_amount,subtract,2000.0,"최대 2,000만원",support_amount,subtract,1.82x,moderate_delta,likely_new_limit_candidate,hold,새 후보가 한도처럼 보이나 기존값과 차이가 커 최종 수동 확인이 필요합니다.,large_amount_delta,"amount_delta_20_percent:old=1100,new=2000","기업 당 최대 20,000천원까지 지원 (기업부담금 : 지원금액의 10%","1100.0만원/consulting_fee/recommend_only: 지원신청금액 기업부담금 미래차 전환 시제품제작 지원 (광역연계 공급망 지원) ○ 11,000천원 10,000천원 1,000천원 미래차전환 R&D 기획 컨설팅 ○ 3,000천원 || 1000.0만원/consulting_fee/recommend_only: 부담금 미래차 전환 시제품제작 지원 (광역연계 공급망 지원) ○ 11,000천원 10,000천원 1,000천원 미래차전환 R&D 기획 컨설팅 ○ 3,000천원 3,000천원 없 || 100.0만원/consulting_fee/recommend_only: 000천원 1,000천원 미래차전환 R&D 기획 컨설팅 || 300.0만원/consulting_fee/recommend_only: 11,000천원 10,000천원 1,000천원 미래차전환 R&D 기획 컨설팅 ○ 3,000천원 3,000천원 없음 미래차 전환 시험평가 ○ 5,500천원 5,000천원 500 || 300.0만원/non_cash/recommend_only: 000천원 3,000천원 없음 미래차 전환 시험평가 || 550.0만원/consulting_fee/recommend_only: &D 기획 컨설팅 ○ 3,000천원 3,000천원 없음 미래차 전환 시험평가 ○ 5,500천원 5,000천원 500천원 미래차 전환 특허지원 ○ 2,750천원 2,500천원 || 500.0만원/unknown/review: 500천원 5,000천원 500천원 미래차 전환 특허지원 || 50.0만원/unknown/review: 000천원 500천원 미래차 전환 특허지원 || ... 후보 12개 추가",https://www.bizinfo.go.kr/sii/siia/selectSIIA200Detail.do?pblancId=PBLN_000000000123525,limit_candidate_large_delta
PBLN_000000000123622,[전북] 2026년 전주1인창조기업지원센터 선택형 지원사업 공고,전북특별자치도,400.0,최대 400만원,support_amount,subtract,500.0,최대 500만원,support_amount,subtract,1.25x,moderate_delta,likely_new_limit_candidate,hold,새 후보가 한도처럼 보이나 기존값과 차이가 커 최종 수동 확인이 필요합니다.,large_amount_delta,"amount_delta_20_percent:old=400,new=500",졸업기업은 [지식재산권획득] 분야만 신청 가능 ☞ 총 11개 과제 내외 사업화 지원금 입주기업 당 최대 5백만원 - 졸업기업 [지식재산권획득] 분야 최대 1백만원,"500.0만원/support_amount/subtract: 졸업기업은 [지식재산권획득] 분야만 신청 가능 ☞ 총 11개 과제 내외 사업화 지원금 입주기업 당 최대 5백만원 - 졸업기업 [지식재산권획득] 분야 최대 1백만원 || 100.0만원/support_amount/subtract: 졸업기업은 [지식재산권획득] 분야만 신청 가능 ☞ 총 11개 과제 내외 사업화 지원금 입주기업 당 최대 5백만원 - 졸업기업 [지식재산권획득] 분야 최대 1백만원 || 400.0만원/support_amount/subtract: 00 홈페이지 신청 내용 시제품제작(최대 4백만원) 牭景 신규 시제품 제작 牭景 기존 제품 고도화 제작 마케팅지원(최대 4백만원) 牭景 CI || 400.0만원/support_amount/subtract: 00 홈페이지 신청 내용 시제품제작(최대 4백만원) 牭景 신규 시제품 제작 牭景 기존 제품 고도화 제작 마케팅지원(최대 4백만원) 牭景 CI || 100.0만원/unknown/review: 홈페이지 제작 등 지식재산권획득(최대 1백만원) 牭景 특허 || 500.0만원/self_funding/review: 총사업비 氠瑢 (단위 : 원) 구분 사업예산 합계 정부지원금 창업기업부담금(자부담) 민간부담금 부가세(10%) 시제품제작 /마케팅지원 지식재산권획득 합계 氠瑢 1) 사업비 산출내역 증빙서류 제출 - 기업 당 정부지원금 5백만원을 초과할 수 없음 - 재료비 및 외주용역비에 대한 견적서 및 || 440.0만원/unknown/review: 세부산출내역 氠瑢 (단위 : 원) 구분(항목) 산출내역 금액 비고 시제품/마케팅 외주용역비 - 제품설계 4,400,000원 x 1식 4 || 500.0만원/support_amount/subtract: 자진퇴거기업(2년 미만 입주 후 퇴실한 자)〇지 원 규 모:총 11개 과제(기업) 내외(신청 및 선정상황 따라 변동될 수 있음)〇지 원 금 액 :사업화 지원금 입주기업 당 최대 5백만원 (VAT제외)- 졸업기업 [지식재산권획득] 분야 최대 1백만원 (VAT제외) || ... 후보 9개 추가",https://www.bizinfo.go.kr/sii/siia/selectSIIA200Detail.do?pblancId=PBLN_000000000123622,limit_candidate_large_delta
PBLN_000000000123659,[경북] 2026년 3차 지역기업 성장사다리 지원사업 통합 추가 공고,중소벤처기업부,4500.0,"최대 4,500만원",support_amount,subtract,1500.0,"최대 1,500만원",support_amount,subtract,0.333x,new_half_or_less,likely_new_limit_candidate,hold,새 후보가 한도처럼 보이나 기존값과 차이가 커 최종 수동 확인이 필요합니다.,large_amount_delta,"amount_delta_20_percent:old=4500,new=1500","R&D연계기업(최대 15,000천원) 지원 - 기술혁신","1500.0만원/unknown/review: 경북지역 주력산업 분야(KSIC코드 첨부 必)를 영위하는 중소기업 ☞ 초기ㆍ잠재기업(최대 15,000천원) || 1500.0만원/support_amount/subtract: R&D연계기업(최대 15,000천원) 지원 - 기술혁신 || 2000.0만원/self_funding/review: 지원금이2,000만원이라면기업부담금은200만원이상이필수이며 || 200.0만원/self_funding/review: 000만원이라면기업부담금은200만원이상이필수이며 || 600000.0만원/revenue_condition/review: 잠재기업프로그램은어떤기업이신청할수있나요？A5-1ü2025년매출액60억미만이며본사기준경북지역에소재하면지원가능합니다 || 600000.0만원/revenue_condition/review: Q5-2환동해권소재기업은무조건별도공고(환동해권전용)으로신청해야 하나요?A5-2ü환동해권소재기업중잠재기업(전년도매출액60억미만)기업만RMS내별도공고(환동해권전용)으로신청하셔야합니다 || 1500.0만원/support_amount/subtract: 추가로선택한프로그램의지원금합이1,500만원이내여야합니다 || 2000.0만원/consulting_fee/recommend_only: (2,000만원한도)ü(글로벌구조화형예시)해외마케팅(필수)+제품고급화+시장조사ü(글로벌고도화형예시)해외특허(필수)+시험분석+컨설팅ü(제조혁신 || ... 후보 1개 추가",https://www.bizinfo.go.kr/sii/siia/selectSIIA200Detail.do?pblancId=PBLN_000000000123659,limit_candidate_large_delta
PBLN_000000000123671,[전북] 2026년 2차 혁신성장 R&D+(연구개발)사업 지원사업 모집 공고,전북특별자치도,2470.0,"최대 2,470만원",support_amount,subtract,95000.0,최대 9.5억원,support_amount,subtract,38.5x,new_10x_plus,likely_new_limit_candidate,hold,새 후보가 한도처럼 보이나 기존값과 차이가 커 최종 수동 확인이 필요합니다.,large_amount_delta,"amount_delta_20_percent:old=2470,new=95000",대학 및 기업 등 ☞ 혁신성장산업 분야 도내기업의 상용화 가능 기술개발 과제 집중 지원 - 투자유치 : 과제당 110백만원 이내 - 구매조건부 : 과제당 110백만원 이내 - 자유공모형 : 과제당 950백만원 이내 사업신청 방법 온라인 접수 (전북R&D종합정보시스템) 사업신청 사이트 온라인신청 바로가기 문의처 전북테크노파크 과학기술진흥단 R&D지원팀,11000.0만원/support_amount/subtract: 대학 및 기업 등 ☞ 혁신성장산업 분야 도내기업의 상용화 가능 기술개발 과제 집중 지원 - 투자유치 : 과제당 110백만원 이내 - 구매조건부 : 과제당 110백만원 이내 - 자유공모형 : 과제당 950백만원 이내 사업신청 방법 온라인 접수 (전북R&D종합정보시스템 || 11000.0만원/support_amount/subtract: 대학 및 기업 등 ☞ 혁신성장산업 분야 도내기업의 상용화 가능 기술개발 과제 집중 지원 - 투자유치 : 과제당 110백만원 이내 - 구매조건부 : 과제당 110백만원 이내 - 자유공모형 : 과제당 950백만원 이내 사업신청 방법 온라인 접수 (전북R&D종합정보시스템) 사업신청 사이트 온 || 95000.0만원/support_amount/subtract: 대학 및 기업 등 ☞ 혁신성장산업 분야 도내기업의 상용화 가능 기술개발 과제 집중 지원 - 투자유치 : 과제당 110백만원 이내 - 구매조건부 : 과제당 110백만원 이내 - 자유공모형 : 과제당 950백만원 이내 사업신청 방법 온라인 접수 (전북R&D종합정보시스템) 사업신청 사이트 온 || 2470.0만원/unknown/review: 장비 및 재료비 ③ 연구활동비 나 간접비 합계(원) 100% 2) 직접비 ① 인건비(최대 24.7백만원 이내) 氠瑢 구분 성명 직위 (A) (B) (C) 계 비고 실지급액 (연봉/12) 참여기간 (개월) 참여율 (%) 현금 현물 계 내부 인건비 || 100.0만원/non_cash/recommend_only: 000 000 3 일반 연구용 소모품 1백만원이내 시제품제작비 000 시험 분석 || 100.0만원/support_amount/subtract: 합계 ③ 연구활동비(도지원금의 10% 이내) 氠瑢 구분 내역 회수 (수량) 단가(원) 금액(원) 비고 연구 활동비 汫╣ 위탁정산수수료 汫ॣ 汫╣ 고정비 汫ॣ 전문가 활용비 국내여비 1백만원 이내 회의비 1백만원 이내 사무용품비 1백만원 이내 교육 || 100.0만원/support_amount/subtract: 합계 ③ 연구활동비(도지원금의 10% 이내) 氠瑢 구분 내역 회수 (수량) 단가(원) 금액(원) 비고 연구 활동비 汫╣ 위탁정산수수료 汫ॣ 汫╣ 고정비 汫ॣ 전문가 활용비 국내여비 1백만원 이내 회의비 1백만원 이내 사무용품비 1백만원 이내 교육 || 100.0만원/support_amount/subtract: 합계 ③ 연구활동비(도지원금의 10% 이내) 氠瑢 구분 내역 회수 (수량) 단가(원) 금액(원) 비고 연구 활동비 汫╣ 위탁정산수수료 汫ॣ 汫╣ 고정비 汫ॣ 전문가 활용비 국내여비 1백만원 이내 회의비 1백만원 이내 사무용품비 1백만원 이내 교육 || ... 후보 47개 추가,https://www.bizinfo.go.kr/sii/siia/selectSIIA200Detail.do?pblancId=PBLN_000000000123671,limit_candidate_large_delta
PBLN_000000000123731,[대구] 2026년 수요맞춤형 AI솔루션 개발ㆍ실증 지원 사업 컨소시엄 모집 재공고(제조업 AI융합 기반 조성사업),대구광역시,210.0,최대 210만원,support_amount,subtract,1100.0,"최대 1,100만원",non_cash,recommend_only,5.24x,new_2x_plus,needs_manual_review,hold,문맥만으로 기존값/새값 확정이 어렵습니다(needs_manual_review).,large_amount_delta,"type_changed:support_amount->non_cash | roi_method_changed:subtract->recommend_only | amount_delta_20_percent:old=210,new=1100","인증 11,000천원 필히 계상 - 일반용역비에 성과홍보비(매체 보도",5000.0만원/fee/review: -11- 사업비 규모표준수수료⦁5천만원 미만⦁5천만원 이상 1억원 미만⦁1억원 이상 3억원 미만⦁3억원 이상 5억원 미만⦁5억원 이상 10억원 미만⦁10억원 이상 30억원 미만⦁30 || 5000.0만원/fee/review: -11- 사업비 규모표준수수료⦁5천만원 미만⦁5천만원 이상 1억원 미만⦁1억원 이상 3억원 미만⦁3억원 이상 5억원 미만⦁5억원 이상 10억원 미만⦁10억원 이상 30억원 미만⦁30억원 이상 60 || 10000.0만원/fee/review: -11- 사업비 규모표준수수료⦁5천만원 미만⦁5천만원 이상 1억원 미만⦁1억원 이상 3억원 미만⦁3억원 이상 5억원 미만⦁5억원 이상 10억원 미만⦁10억원 이상 30억원 미만⦁30억원 이상 600천원800천 || 10000.0만원/fee/review: -11- 사업비 규모표준수수료⦁5천만원 미만⦁5천만원 이상 1억원 미만⦁1억원 이상 3억원 미만⦁3억원 이상 5억원 미만⦁5억원 이상 10억원 미만⦁10억원 이상 30억원 미만⦁30억원 이상 600천원800천원1 || 30000.0만원/fee/review: -11- 사업비 규모표준수수료⦁5천만원 미만⦁5천만원 이상 1억원 미만⦁1억원 이상 3억원 미만⦁3억원 이상 5억원 미만⦁5억원 이상 10억원 미만⦁10억원 이상 30억원 미만⦁30억원 이상 600천원800천원1 || 30000.0만원/fee/review: -11- 사업비 규모표준수수료⦁5천만원 미만⦁5천만원 이상 1억원 미만⦁1억원 이상 3억원 미만⦁3억원 이상 5억원 미만⦁5억원 이상 10억원 미만⦁10억원 이상 30억원 미만⦁30억원 이상 600천원800천원1 || 50000.0만원/fee/review: -11- 사업비 규모표준수수료⦁5천만원 미만⦁5천만원 이상 1억원 미만⦁1억원 이상 3억원 미만⦁3억원 이상 5억원 미만⦁5억원 이상 10억원 미만⦁10억원 이상 30억원 미만⦁30억원 이상 600천원800천원1 || 50000.0만원/fee/review: -11- 사업비 규모표준수수료⦁5천만원 미만⦁5천만원 이상 1억원 미만⦁1억원 이상 3억원 미만⦁3억원 이상 5억원 미만⦁5억원 이상 10억원 미만⦁10억원 이상 30억원 미만⦁30억원 이상 600천원800천원1 || ... 후보 8개 추가,https://www.bizinfo.go.kr/sii/siia/selectSIIA200Detail.do?pblancId=PBLN_000000000123731,manual_review_pattern
PBLN_000000000123764,AI융합 의료기기 신뢰성 강화 및 성능 평가ㆍ실증 사업 수혜기업 모집 공고,산업통상부,2280.0,"최대 2,280만원",subsidy,subtract,960.0,최대 960만원,non_cash,recommend_only,0.421x,new_half_or_less,needs_manual_review,hold,문맥만으로 기존값/새값 확정이 어렵습니다(needs_manual_review).,large_amount_delta,"type_changed:subsidy->non_cash | roi_method_changed:subtract->recommend_only | amount_delta_20_percent:old=2280,new=960","000천원정부지원금의 20%9,600천원협약일 ~10월 말 ③ 임상 설계 (1건) - 임상시험계획서 작성 컨설팅","1000.0만원/total_project_cost/review: FDA 등 기술문서 제출에 즉시 활용 가능한 결과보고서 및 성적서 발행- 지원기관 : (재)한국AI의료헬스케어연구원- 총 사업비 및 지원 기간 정부지원금민간부담금(20%)총 사업비(VAT별도) 지원 기간최대 10,000천원정부지원금의 20%12 || 1200.0만원/unknown/review: 000천원정부지원금의 20%12,000천원협약일 ~10월 말 ② 성능평가 (5건) - 데이터 기반 알고리즘 || 800.0만원/total_project_cost/review: FDA 등 기술문서 제출에 즉시 활용 가능한 결과보고서 및 성적서 발행- 지원기관 : (재)한국AI의료헬스케어연구원- 총사업비 및 지원 기간 정부지원금민간부담금(20%)총 사업비(VAT별도) 지원 기간최대 8,000천원정부지원금의 20%9 || 960.0만원/non_cash/recommend_only: 000천원정부지원금의 20%9,600천원협약일 ~10월 말 ③ 임상 설계 (1건) - 임상시험계획서 작성 컨설팅 || 1900.0만원/total_project_cost/review: 비용효과성(문헌조사기반) 분석- 지원기관 : (재)충북테크노파크- 총 사업비 및 지원 기간 정부지원금민간부담금(20%)총사업비(VAT별도) 지원 기간최대 19,000천원정부지원금의 20%22 || 2280.0만원/unknown/review: 000천원정부지원금의 20%22,800천원협약일 ~10월 말 ⑥ 보안체계 (7건) - 보안・운영 체계(ISO 27001/HIPAA) 구축 지원",https://www.bizinfo.go.kr/sii/siia/selectSIIA200Detail.do?pblancId=PBLN_000000000123764,manual_review_pattern
SMARTFACTORY:2025-N-0202:2,2026년 디지털협업공장 구축 지원사업 컨소시엄 모집공고,스마트공장 사업관리시스템,5000.0,최대 0.5억원,support_amount,subtract,25000.0,최대 2.5억원,support_amount,subtract,5x,new_2x_plus,likely_new_limit_candidate,hold,새 후보가 한도처럼 보이나 기존값과 차이가 커 최종 수동 확인이 필요합니다.,large_amount_delta,"amount_delta_20_percent:old=5000,new=25000","대 2억원, (동일수준) 최대 0.5억원최대 2억원 이내(단, 목표수준별 2회, 2.5억원 한도) 1. 사업 개요□사업개요◦(사업목적)개별공장의스마트화지원을넘어스마트공장간","20000.0만원/support_amount/subtract: 접수기간선정평가협약’25년 12월 8일 ~ ’26년 1월 7일’26년 1~3월’26년 4월 ~ 구 분 사업공고 주요변경사항2025년도 2026년도지원한도(고도화) 최대 2억원 || 5000.0만원/unknown/review: (동일수준) 최대 0.5억원최대 2억원 이내(단 || 20000.0만원/support_amount/subtract: 년도 2026년도지원한도(고도화) 최대 2억원, (동일수준) 최대 0.5억원최대 2억원 이내(단, 목표수준별 2회, 2.5억원 한도) 1. 사업 개요□사업개요◦(사업목 || 25000.0만원/support_amount/subtract: 대 2억원, (동일수준) 최대 0.5억원최대 2억원 이내(단, 목표수준별 2회, 2.5억원 한도) 1. 사업 개요□사업개요◦(사업목적)개별공장의스마트화지원을넘어스마트공장간 || 100000.0만원/total_project_cost/review: 유통‧ 물류관리등의컨소시엄간연계및공동활용이가능한스마트시스템구축지원-(개별스마트공장구축)제품설계‧ 생산공정개선등스마트공장솔루션구축및이와연동되는자동화장비‧ 제어기‧ 센서등구축지원□지원과제및조건◦(지원과제)6개컨소시엄내외◦(지원조건)컨소시엄당정부지원금최대10억(총사업비50%이내)-(개별기업) || 25000.0만원/total_project_cost/review: 유통‧ 물류관리등의컨소시엄간연계및공동활용이가능한스마트시스템구축지원-(개별스마트공장구축)제품설계‧ 생산공정개선등스마트공장솔루션구축및이와연동되는자동화장비‧ 제어기‧ 센서등구축지원□지원과제및조건◦(지원과제)6개컨소시엄내외◦(지원조건)컨소시엄당정부지원금최대10억(총사업비50%이내)-(개별기업) || 20000.0만원/support_amount/subtract: 업)목표수준별총2.5억원내에서2회(1회차고도화→2회차동일수준)까지지원하되,회당최대2억원한도,지원비율50%이내에서지원 * 예시 : 26년(목표수준 중간1, 고도화) 1. || 15000.0만원/unknown/review: 고도화) 1.5억 → ‘27년 이후(목표수준 중간1 || ... 후보 53개 추가",https://www.smart-factory.kr/usr/bg/ba/ma/bsnsPbancDtl?pbancId=2025-N-0202&pbancSn=2,limit_candidate_large_delta
SMARTFACTORY:2025-N-0203:1,2026년도 자율형공장 구축 지원사업(컨소시엄신청),스마트공장 사업관리시스템,2000.0,최대 50% 지원,support_ratio,ratio_cap,60000.0,최대 6억원,support_amount,subtract,30x,new_10x_plus,likely_new_limit_candidate,hold,새 후보가 한도처럼 보이나 기존값과 차이가 커 최종 수동 확인이 필요합니다.,large_amount_delta,"type_changed:support_ratio->support_amount | roi_method_changed:ratio_cap->subtract | amount_delta_20_percent:old=2000,new=60000",연 3억원 이내) 지원유형 지원기간 지원한도 지원비율 구축목표수준 * 고도화 최대 2년 연 3억(2년 6억) 50% 이내 중간1 이상 * 구축목표 수준은 KS X 9001-1(스마트공장 기본개념과 구조) 표준 기준 ** AI(인공지능),5.0만원/fee/review: □사업비 편성 관련 필수계상 사업비 기타비용 항목에 필수 편성하며 미편성할 경우 총사업비와 별개로 도입기업 부담 정산 수수료 지정 회계법인의 사업비 상시모니터링 및 정산을 위한 수수료 필수 편성차년도 총사업비 규모 표준수수료 공급가액 기준( ) 비고 백만원 이하50 천원455 부가세 제 || 20.0만원/fee/review: □사업비 편성 관련 필수계상 사업비 기타비용 항목에 필수 편성하며 미편성할 경우 총사업비와 별개로 도입기업 부담 정산 수수료 지정 회계법인의 사업비 상시모니터링 및 정산을 위한 수수료 필수 편성차년도 총사업비 규모 표준수수료 공급가액 기준( ) 비고 백만원 이하50 천원455 부가세 제 || 63700.0만원/fee/review: □사업비 편성 관련 필수계상 사업비 기타비용 항목에 필수 편성하며 미편성할 경우 총사업비와 별개로 도입기업 부담 정산 수수료 지정 회계법인의 사업비 상시모니터링 및 정산을 위한 수수료 필수 편성차년도 총사업비 규모 표준수수료 공급가액 기준( ) 비고 백만원 이하50 천원455 부가세 제 || 40.0만원/fee/review: □사업비 편성 관련 필수계상 사업비 기타비용 항목에 필수 편성하며 미편성할 경우 총사업비와 별개로 도입기업 부담 정산 수수료 지정 회계법인의 사업비 상시모니터링 및 정산을 위한 수수료 필수 편성차년도 총사업비 규모 표준수수료 공급가액 기준( ) 비고 백만원 이하50 천원455 부가세 제 || 91000.0만원/fee/review: □사업비 편성 관련 필수계상 사업비 기타비용 항목에 필수 편성하며 미편성할 경우 총사업비와 별개로 도입기업 부담 정산 수수료 지정 회계법인의 사업비 상시모니터링 및 정산을 위한 수수료 필수 편성차년도 총사업비 규모 표준수수료 공급가액 기준( ) 비고 백만원 이하50 천원455 부가세 제 || 40.0만원/fee/review: □사업비 편성 관련 필수계상 사업비 기타비용 항목에 필수 편성하며 미편성할 경우 총사업비와 별개로 도입기업 부담 정산 수수료 지정 회계법인의 사업비 상시모니터링 및 정산을 위한 수수료 필수 편성차년도 총사업비 규모 표준수수료 공급가액 기준( ) 비고 백만원 이하50 천원455 부가세 제 || 2000.0만원/support_amount/subtract: 운영 상근 인력 5명 이상 기획기관 선정 요건통과 기관에 대해 기획기관pool 구성 및 운영 요건검토 및 수행능력평가를 거쳐 기획기관 선정 및 기획기관 Pool 구성(지역TP 기본 지정) 기획지원 과제기획 후 현장평가 결과에 따라 과제당 최대 20백만원 차등 지급 기획지원 후 최종선정에 || 2000.0만원/support_amount/subtract: 운영 상근 인력 5명 이상 기획기관 선정 요건통과 기관에 대해 기획기관pool 구성 및 운영 요건검토 및 수행능력평가를 거쳐 기획기관 선정 및 기획기관 Pool 구성(지역TP 기본 지정) 기획지원 과제기획 후 현장평가 결과에 따라 과제당 최대 20백만원 차등 지급 기획지원 후 최종선정에 || ... 후보 20개 추가,https://www.smart-factory.kr/usr/bg/ba/ma/bsnsPbancDtl?pbancId=2025-N-0203&pbancSn=1,limit_candidate_large_delta
SMARTFACTORY:2025-N-0203:2,2026년도 자율형공장 구축 지원사업(단독신청),스마트공장 사업관리시스템,30000.0,최대 50% 지원,support_ratio,ratio_cap,60000.0,최대 6억원,support_amount,subtract,2x,new_2x_plus,likely_new_limit_candidate,hold,새 후보가 한도처럼 보이나 기존값과 차이가 커 최종 수동 확인이 필요합니다.,large_amount_delta,"type_changed:support_ratio->support_amount | roi_method_changed:ratio_cap->subtract | amount_delta_20_percent:old=30000,new=60000",연 3억원 이내) 지원유형 지원기간 지원한도 지원비율 구축목표수준 * 고도화 최대 2년 연 3억(2년 6억) 50% 이내 중간1 이상 * 구축목표 수준은 KS X 9001-1(스마트공장 기본개념과 구조) 표준 기준 ** AI(인공지능),5.0만원/fee/review: □사업비 편성 관련 필수계상 사업비 기타비용 항목에 필수 편성하며 미편성할 경우 총사업비와 별개로 도입기업 부담 정산 수수료 지정 회계법인의 사업비 상시모니터링 및 정산을 위한 수수료 필수 편성차년도 총사업비 규모 표준수수료 공급가액 기준( ) 비고 백만원 이하50 천원455 부가세 제 || 20.0만원/fee/review: □사업비 편성 관련 필수계상 사업비 기타비용 항목에 필수 편성하며 미편성할 경우 총사업비와 별개로 도입기업 부담 정산 수수료 지정 회계법인의 사업비 상시모니터링 및 정산을 위한 수수료 필수 편성차년도 총사업비 규모 표준수수료 공급가액 기준( ) 비고 백만원 이하50 천원455 부가세 제 || 63700.0만원/fee/review: □사업비 편성 관련 필수계상 사업비 기타비용 항목에 필수 편성하며 미편성할 경우 총사업비와 별개로 도입기업 부담 정산 수수료 지정 회계법인의 사업비 상시모니터링 및 정산을 위한 수수료 필수 편성차년도 총사업비 규모 표준수수료 공급가액 기준( ) 비고 백만원 이하50 천원455 부가세 제 || 40.0만원/fee/review: □사업비 편성 관련 필수계상 사업비 기타비용 항목에 필수 편성하며 미편성할 경우 총사업비와 별개로 도입기업 부담 정산 수수료 지정 회계법인의 사업비 상시모니터링 및 정산을 위한 수수료 필수 편성차년도 총사업비 규모 표준수수료 공급가액 기준( ) 비고 백만원 이하50 천원455 부가세 제 || 91000.0만원/fee/review: □사업비 편성 관련 필수계상 사업비 기타비용 항목에 필수 편성하며 미편성할 경우 총사업비와 별개로 도입기업 부담 정산 수수료 지정 회계법인의 사업비 상시모니터링 및 정산을 위한 수수료 필수 편성차년도 총사업비 규모 표준수수료 공급가액 기준( ) 비고 백만원 이하50 천원455 부가세 제 || 40.0만원/fee/review: □사업비 편성 관련 필수계상 사업비 기타비용 항목에 필수 편성하며 미편성할 경우 총사업비와 별개로 도입기업 부담 정산 수수료 지정 회계법인의 사업비 상시모니터링 및 정산을 위한 수수료 필수 편성차년도 총사업비 규모 표준수수료 공급가액 기준( ) 비고 백만원 이하50 천원455 부가세 제 || 2000.0만원/support_amount/subtract: 운영 상근 인력 5명 이상 기획기관 선정 요건통과 기관에 대해 기획기관pool 구성 및 운영 요건검토 및 수행능력평가를 거쳐 기획기관 선정 및 기획기관 Pool 구성(지역TP 기본 지정) 기획지원 과제기획 후 현장평가 결과에 따라 과제당 최대 20백만원 차등 지급 기획지원 후 최종선정에 || 2000.0만원/support_amount/subtract: 운영 상근 인력 5명 이상 기획기관 선정 요건통과 기관에 대해 기획기관pool 구성 및 운영 요건검토 및 수행능력평가를 거쳐 기획기관 선정 및 기획기관 Pool 구성(지역TP 기본 지정) 기획지원 과제기획 후 현장평가 결과에 따라 과제당 최대 20백만원 차등 지급 기획지원 후 최종선정에 || ... 후보 20개 추가,https://www.smart-factory.kr/usr/bg/ba/ma/bsnsPbancDtl?pbancId=2025-N-0203&pbancSn=2,limit_candidate_large_delta
SMARTFACTORY:2026-N-0102:1,2026년도 강원 지역특화형(바이오헬스·식품) 스마트공장 구축사업(고도화) 공고,스마트공장 사업관리시스템,25000.0,최대 2.5억원,support_amount,subtract,20000.0,최대 2억원,support_amount,subtract,0.8x,moderate_delta,likely_new_limit_candidate,hold,새 후보가 한도처럼 보이나 기존값과 차이가 커 최종 수동 확인이 필요합니다.,large_amount_delta,"amount_delta_20_percent:old=25000,new=20000","원 내에서 2회( 1회차 고도화→ 2회차 동일수준) 까지 지원 하되, 회당 최대 2억원 한도, 지원비율 50% 이내에서 지원 가능 * 단, 공고일 전에 스마트공장 구축","25000.0만원/unknown/review: 기초 10) ◦ (지원 조건) - 고도화: 목표수준별 총 2.5억원 내에서 2회( 1회차 고도화→ 2회차 동일수준) 까지 지원 하되 || 20000.0만원/support_amount/subtract: 원 내에서 2회( 1회차 고도화→ 2회차 동일수준) 까지 지원 하되, 회당 최대 2억원 한도, 지원비율 50% 이내에서 지원 가능 * 단, 공고일 전에 스마트공장 구축 || 5000.0만원/support_amount/subtract: 통해 “고도화” 지원받은 기업이 ‘26년도 “동일수준” 신청시, 기존처럼 최대 0.5억원, 6개월 이내 지원 가능(동일수준 지원은 목표수준별 1회만 지원 가능) - 기초 || 8000.0만원/support_amount/subtract: 6개월 이내 지원 가능(동일수준 지원은 목표수준별 1회만 지원 가능) - 기초: 신규 구축 및 동일 수준 0.8 억원 이내(지원 비율 80% 이내) 지원유형 지원기간 정부 지원한도 지원 비율 구축목표수준 || 20000.0만원/unknown/review: 고도화 최대 9개월 최대 2.0억원 이내 (단 || 25000.0만원/unknown/review: 수준별 2.5억원 한도) 50% 이내 중간1 이상 목표설정 필수 고도화 (동일수준) 기초 최대 9개월 최대 0 || 8000.0만원/unknown/review: 5억원 한도) 50% 이내 중간1 이상 목표설정 필수 고도화 (동일수준) 기초 최대 9개월 최대 0.8억원 이내 80% 이내 기초 이상 기초 (동일수준) || 5000.0만원/unknown/review: 천원) 비고 고도화 50백만원 이하 455 부가세 제외 200백만원 이하 637 400백만원 이하 910 400백만원 초과 1 || ... 후보 7개 추가",https://www.smart-factory.kr/usr/bg/ba/ma/bsnsPbancDtl?pbancId=2026-N-0102&pbancSn=1,limit_candidate_large_delta
SMARTFACTORY:2026-N-0103:1,2026년도 강원 지역특화형(바이오헬스·식품) 스마트공장 구축사업(기초) 공고,스마트공장 사업관리시스템,25000.0,최대 2.5억원,support_amount,subtract,20000.0,최대 2억원,support_amount,subtract,0.8x,moderate_delta,likely_new_limit_candidate,hold,새 후보가 한도처럼 보이나 기존값과 차이가 커 최종 수동 확인이 필요합니다.,large_amount_delta,"amount_delta_20_percent:old=25000,new=20000","원 내에서 2회( 1회차 고도화→ 2회차 동일수준) 까지 지원 하되, 회당 최대 2억원 한도, 지원비율 50% 이내에서 지원 가능 * 단, 공고일 전에 스마트공장 구축","25000.0만원/unknown/review: 기초 10) ◦ (지원 조건) - 고도화: 목표수준별 총 2.5억원 내에서 2회( 1회차 고도화→ 2회차 동일수준) 까지 지원 하되 || 20000.0만원/support_amount/subtract: 원 내에서 2회( 1회차 고도화→ 2회차 동일수준) 까지 지원 하되, 회당 최대 2억원 한도, 지원비율 50% 이내에서 지원 가능 * 단, 공고일 전에 스마트공장 구축 || 5000.0만원/support_amount/subtract: 통해 “고도화” 지원받은 기업이 ‘26년도 “동일수준” 신청시, 기존처럼 최대 0.5억원, 6개월 이내 지원 가능(동일수준 지원은 목표수준별 1회만 지원 가능) - 기초 || 8000.0만원/support_amount/subtract: 6개월 이내 지원 가능(동일수준 지원은 목표수준별 1회만 지원 가능) - 기초: 신규 구축 및 동일 수준 0.8 억원 이내(지원 비율 80% 이내) 지원유형 지원기간 정부 지원한도 지원 비율 구축목표수준 || 20000.0만원/unknown/review: 고도화 최대 9개월 최대 2.0억원 이내 (단 || 25000.0만원/unknown/review: 수준별 2.5억원 한도) 50% 이내 중간1 이상 목표설정 필수 고도화 (동일수준) 기초 최대 9개월 최대 0 || 8000.0만원/unknown/review: 5억원 한도) 50% 이내 중간1 이상 목표설정 필수 고도화 (동일수준) 기초 최대 9개월 최대 0.8억원 이내 80% 이내 기초 이상 기초 (동일수준) || 5000.0만원/unknown/review: 천원) 비고 고도화 50백만원 이하 455 부가세 제외 200백만원 이하 637 400백만원 이하 910 400백만원 초과 1 || ... 후보 7개 추가",https://www.smart-factory.kr/usr/bg/ba/ma/bsnsPbancDtl?pbancId=2026-N-0103&pbancSn=1,limit_candidate_large_delta
SMARTFACTORY:2026-N-0105:1,2026년도 강원 지역특화형(바이오헬스·식품) 스마트공장 구축사업(동일수준) 공고,스마트공장 사업관리시스템,25000.0,최대 2.5억원,support_amount,subtract,20000.0,최대 2억원,support_amount,subtract,0.8x,moderate_delta,likely_new_limit_candidate,hold,새 후보가 한도처럼 보이나 기존값과 차이가 커 최종 수동 확인이 필요합니다.,large_amount_delta,"amount_delta_20_percent:old=25000,new=20000","원 내에서 2회( 1회차 고도화→ 2회차 동일수준) 까지 지원 하되, 회당 최대 2억원 한도, 지원비율 50% 이내에서 지원 가능 * 단, 공고일 전에 스마트공장 구축","25000.0만원/unknown/review: 기초 10) ◦ (지원 조건) - 고도화: 목표수준별 총 2.5억원 내에서 2회( 1회차 고도화→ 2회차 동일수준) 까지 지원 하되 || 20000.0만원/support_amount/subtract: 원 내에서 2회( 1회차 고도화→ 2회차 동일수준) 까지 지원 하되, 회당 최대 2억원 한도, 지원비율 50% 이내에서 지원 가능 * 단, 공고일 전에 스마트공장 구축 || 5000.0만원/support_amount/subtract: 통해 “고도화” 지원받은 기업이 ‘26년도 “동일수준” 신청시, 기존처럼 최대 0.5억원, 6개월 이내 지원 가능(동일수준 지원은 목표수준별 1회만 지원 가능) - 기초 || 8000.0만원/support_amount/subtract: 6개월 이내 지원 가능(동일수준 지원은 목표수준별 1회만 지원 가능) - 기초: 신규 구축 및 동일 수준 0.8 억원 이내(지원 비율 80% 이내) 지원유형 지원기간 정부 지원한도 지원 비율 구축목표수준 || 20000.0만원/unknown/review: 고도화 최대 9개월 최대 2.0억원 이내 (단 || 25000.0만원/unknown/review: 수준별 2.5억원 한도) 50% 이내 중간1 이상 목표설정 필수 고도화 (동일수준) 기초 최대 9개월 최대 0 || 8000.0만원/unknown/review: 5억원 한도) 50% 이내 중간1 이상 목표설정 필수 고도화 (동일수준) 기초 최대 9개월 최대 0.8억원 이내 80% 이내 기초 이상 기초 (동일수준) || 5000.0만원/unknown/review: 천원) 비고 고도화 50백만원 이하 455 부가세 제외 200백만원 이하 637 400백만원 이하 910 400백만원 초과 1 || ... 후보 7개 추가",https://www.smart-factory.kr/usr/bg/ba/ma/bsnsPbancDtl?pbancId=2026-N-0105&pbancSn=1,limit_candidate_large_delta
TECHNOPARK:1500,"(2026-130호) 2026년도 지역주력산업육성(지역특화 프로젝트 레전드 50+) 지원모집 2차 공고 (강원 2.0, 퀀텀점프)",강원테크노파크,1000.0,"10,000천원",support_amount,subtract,2000.0,"최대 2,000만원",support_amount,subtract,2x,new_2x_plus,likely_new_limit_candidate,hold,새 후보가 한도처럼 보이나 기존값과 차이가 커 최종 수동 확인이 필요합니다.,large_amount_delta,"amount_delta_20_percent:old=1000,new=2000","기업은 2개 프로그램 내에서 신청 가능(지원한도: 총20,000천원 이내) ◦ (신청자격) 강원지역 지역특화 프로젝트에 선정된 참여기업 * 지역특화 프로젝트 󰡔레전드 50+󰡕 2","35000.0만원/total_support_scale/review: (재)강원테크노파크원장 灳瑣 지원개요 ◦ (지원규모) 총 350,000천원(국비) - 1차 223 || 22300.0만원/unknown/review: 000천원(국비) - 1차 223,000천원 || 12700.0만원/unknown/review: / 2차 127,000천원 ◦ (프로그램 및 내용) 총 11개 지원프로그램 || 1000.0만원/unknown/review: 전략보고서 도출 등 5개월 10,000천원 기술해결 (기술이전/ 기술지도) || 1000.0만원/unknown/review: 목표기술 개발을 위한 기획지원 5개월 10,000천원 장비지원 || 1000.0만원/non_cash/recommend_only: 웹/앱 등) 등 5개월 10,000천원 인증 (국내/국외) || 1000.0만원/unknown/review: 기존제품 업그레이드 및 디자인 리뉴얼 등 5개월 10,000천원 디자인 || 700.0만원/unknown/review: 포장디자인 등 5개월 7,000천원 마케팅 (국내/국외) || ... 후보 4개 추가",https://www.gwtp.or.kr/gwtp/bbsNew_view.php?bbs_data=aWR4PTMxNjgmc3RhcnRQYWdlPSZsaXN0Tm89JnRhYmxlPWNzX2Jic19kYXRhX25ldyZjb2RlPXN1YjAxYiZzZWFyY2hfaXRlbT0mc2VhcmNoX29yZGVyPSZ1cmw9c3ViMDFiJmtleXZhbHVlPXN1YjAxJmJic19tYWxuYW1lPQ==||,limit_candidate_large_delta
TECHNOPARK:1724,「2026년 예비수소전문기업지원사업」수소산업분야 기술사업화(비R&D) 수혜기업 모집공고,충남테크노파크,6700.0,"최대 67,000천원 이내",support_amount,subtract,3500.0,"최대 3,500만원",support_amount,subtract,0.522x,moderate_delta,likely_new_limit_candidate,hold,새 후보가 월별/인원별/건별/취득금액/연간한도 문맥이라 대표금액 확정이 어렵습니다.,large_amount_delta,"amount_delta_20_percent:old=6700,new=3500","kr 2 지원내용 m 지원분야 - 지원 프로그램 및 내용 구 분분 야내 용 지원금액비 고기 술사업화시제품제작개발이 완료된 기술의 시제품제작35,000천원/건최대67","6700.0만원/total_support_scale/review: 연구소 등이 소재한 기업(단순 영업소 제외) m 지원규모 : 기업 당 최대 67,000천원 이내(부가가치세 제외) - 기업부담금 : 총사업비의 20% 이상 - 분야별(시제품제작 || 3500.0만원/support_amount/subtract: kr 2 지원내용 m 지원분야 - 지원 프로그램 및 내용 구 분분 야내 용 지원금액비 고기 술사업화시제품제작개발이 완료된 기술의 시제품제작35,000천원/건최대67 || 6700.0만원/non_cash/recommend_only: 000천원/건최대67,000천원 이내인증 및 특허국․내외 인증 획득에 필요한 인증 || 2000.0만원/unknown/review: 대행비 등20,000천원/건국․내외 특허 및 디자인의 조사분석 || 500.0만원/equipment_usage_fee/recommend_only: 출원 등록 등장비활용국가연구시설 및 지역 연구장비 등 이용5,000천원/건판로개척판로개척시장조사 || 500.0만원/consulting_fee/recommend_only: 전시회 등5,000천원/건컨설팅컨설팅기업의 기술지도 및 애로사항 해결 등2 || 200.0만원/consulting_fee/recommend_only: 000천원/건컨설팅컨설팅기업의 기술지도 및 애로사항 해결 등2,000천원/건 || 3500.0만원/self_funding/review: 기업부담금은 총공급가의 20% 이상 예시) 35,000천원(신청금) + 8 || ... 후보 1개 추가",https://www.ctp.or.kr/business/datadetail.do?seq=2709304,unit_basis_ambiguous
TECHNOPARK:1747,"충남지자체 지식재산창출지원사업 수혜기업모집 공고(상시, 마감시까지)",충남테크노파크,150.0,최대 150만원,support_amount,subtract,400.0,최대 400만원,support_amount,subtract,2.67x,new_2x_plus,needs_manual_review,hold,문맥만으로 기존값/새값 확정이 어렵습니다(needs_manual_review).,subtract_without_limit_context | large_amount_delta,"amount_delta_20_percent:old=150,new=400","PCT 국제출원 汤捯 4,000천원 지원금의 10% 이상 디자인 제품혁신 제품 디자인개발 및 개선을 위한 목업","50.0만원/unknown/review: 상표권 500천원 - 국내특허 출원 1 || 150.0만원/unknown/review: 상표권 500천원 - 국내특허 출원 1,500천원 - 국외출원 개별국 직접 출원 || 400.0만원/support_amount/subtract: PCT 국제출원 汤捯 4,000천원 지원금의 10% 이상 디자인 제품혁신 제품 디자인개발 및 개선을 위한 목업 || 400.0만원/consulting_fee/recommend_only: 3D 모델링 등 汤捯 4,000천원 IP컨설팅 1 || 300.0만원/consulting_fee/recommend_only: 투자유치 연계 컨설팅 3,000천원 || 0.0만원/unknown/review: hwp] 捤獥 汤捯 湰灧 湯湷 충남지자체 지식재산창출지원사업 수행기관 참여신청서 氠瑢 기 업 명 사업자등록번호 (법인등록번호) ( ) 설립년월일 주생산품 주요사업분야 매 출 액 24년 000백만원 25년 000백만원 26년 000백만원(예상) 고용인원 24년 00명 25년 00명 26년 || 0.0만원/unknown/review: hwp] 捤獥 汤捯 湰灧 湯湷 충남지자체 지식재산창출지원사업 수행기관 참여신청서 氠瑢 기 업 명 사업자등록번호 (법인등록번호) ( ) 설립년월일 주생산품 주요사업분야 매 출 액 24년 000백만원 25년 000백만원 26년 000백만원(예상) 고용인원 24년 00명 25년 00명 26년",https://www.ctp.or.kr/business/datadetail.do?seq=2709310,manual_review_pattern
TECHNOPARK:1769,[2026-056호] 2026년 정보보호 기업육성(사업화 / 창업·벤처 육성)) 지원사업 모집공고,세종테크노파크,4000.0,"최대 4,000만원",support_amount,subtract,1000.0,"최대 1,000만원",support_amount,subtract,0.25x,new_half_or_less,likely_new_limit_candidate,hold,새 후보가 월별/인원별/건별/취득금액/연간한도 문맥이라 대표금액 확정이 어렵습니다.,large_amount_delta,"amount_delta_20_percent:old=4000,new=1000",벤처육성 신청기업은 「정보보호 신규 비즈니스 모델 전략 수립」 지원 필수(기업부담 비용 없음) *추후 접수공고 예정(7월 中) 기업당 최대 10백만원 기타사항 - 세종 스마트시티 테스트베드 3회 이상 이용 필수 - ▪ 세부 지원항목의 서비스를 진행하는 공급기업(관)이 필수로 존재하여야 함 ▪,"5500.0만원/total_support_scale/review: (지원규모) 총 지원금 55,000천원 - 사업화 : 15 || 1500.0만원/unknown/review: 000천원 - 사업화 : 15,000천원(1개사) || 1500.0만원/unknown/review: / 1개사 최대 15,000천원 - 창업 || 4000.0만원/unknown/review: 벤처육성 : 40,000천원(4개사) || 1000.0만원/unknown/review: / 1개사 최대 10,000천원 || 1500.0만원/unknown/review: 오프라인 마케팅 - 기타 사업화에 필요한 비용 등 기업당 최대 15백만원 창업 || 1000.0만원/support_amount/subtract: 벤처육성 신청기업은 「정보보호 신규 비즈니스 모델 전략 수립」 지원 필수(기업부담 비용 없음) *추후 접수공고 예정(7월 中) 기업당 최대 10백만원 기타사항 - 세종 스마트시티 테스트베드 3회 이상 이용 필수 - ▪ 세부 지원항목의 서비스를 진행하는 공급기업(관)이 필수로 존재하여야 || 2000.0만원/total_project_cost/review: 신규채용 __명) 총 사업비 (단위 : 원) 지원금 ex 20,000천원 기업부담금 ex || ... 후보 3개 추가",https://www.sjtp.or.kr/bbs/board.php?bo_table=business01&wr_id=1981,unit_basis_ambiguous
TECHNOPARK:1921,"2026년도 지역주력산업육성(지역특화 프로젝트 레전드 50+) 지원모집 2차 공고(충남, 탄소저감 자동차부품, 디스플레이부품장비)",충남테크노파크,11180.0,최대 1.1억원,subsidy,subtract,380.0,최대 380만원,non_cash,recommend_only,0.034x,new_10pct_or_less,likely_new_limit_candidate,hold,새 후보가 현금성 직접 차감 지원금으로 확정되지 않습니다.,large_amount_delta,"type_changed:subsidy->non_cash | roi_method_changed:subtract->recommend_only | amount_delta_20_percent:old=11180,new=380",ESG 등 인증 지원4개월2백만원마케팅- 국내외 홍보용 카다로그 및 홍보 동영상 제작- 국내외 시장조사 및 전시회 참가지원- 수출상담회 등 4개월3.8백만원◦(신청자격)충청남도 지역특화 프로젝트에 선정된 참여기업 * 지역특화 프로젝트 레전드 50+ 참여기업 선정확인서 보유기업 - 2 - ◦(지원,11180.0만원/total_support_scale/review: (재)충남테크노파크원장 지원개요◦(지원규모)총 111.8백만원(국비)◦(프로그램 및 내용)총 6개 지원프로그램프로그램지원내용지원기간지원단가시제품제작- 제품화 촉진 || 2000.0만원/equipment_usage_fee/recommend_only: 완성도 향상 등 시제품 제작 및 우수 샘플 제작 지원 등- 금형 및 목업비용 지원 등 4개월20백만원생산공정개선- 제조장비 및 제품의 파손원인 진단 및 해결 지원- 기존 장비 개선을 위한 보완설비 장비 구입 가능- 생산성 향상 || 1000.0만원/unknown/review: 불량률 개선을 위한 설비 개선 지원4개월10백만원기술지도- 개발단계 제품의 품질 || 250.0만원/non_cash/recommend_only: 공정의 기술 멘토링- 기업의 애로기술 해결을 위한 기술지도4개월2.5백만원특허- 국내외 특허 출원 등록 등- 선행기술 조사 등 4개월2백만원인증- 신뢰성 평가 || 200.0만원/non_cash/recommend_only: 5백만원특허- 국내외 특허 출원 등록 등- 선행기술 조사 등 4개월2백만원인증- 신뢰성 평가 || 200.0만원/non_cash/recommend_only: ESG 등 인증 지원4개월2백만원마케팅- 국내외 홍보용 카다로그 및 홍보 동영상 제작- 국내외 시장조사 및 전시회 참가지원- 수출상담회 등 4개월3 || 380.0만원/non_cash/recommend_only: ESG 등 인증 지원4개월2백만원마케팅- 국내외 홍보용 카다로그 및 홍보 동영상 제작- 국내외 시장조사 및 전시회 참가지원- 수출상담회 등 4개월3.8백만원◦(신청자격)충청남도 지역특화 프로젝트에 선정된 참여기업 * 지역특화 프로젝트 레전드 50+ 참여기업 선정확인서 보유기업 - 2,https://www.ctp.or.kr/business/datadetail.do?seq=2709320,non_cash_or_non_subtract:non_cash
TECHNOPARK:793,[강원테크노파크 공고 제 2026-101호] 2026년도 강원 지역특화형(바이오헬스·식품) 스마트공장 구축사업 공고,강원테크노파크,25000.0,최대 2.5억원,support_amount,subtract,20000.0,최대 2억원,support_amount,subtract,0.8x,moderate_delta,likely_new_limit_candidate,hold,새 후보가 한도처럼 보이나 기존값과 차이가 커 최종 수동 확인이 필요합니다.,large_amount_delta,"amount_delta_20_percent:old=25000,new=20000","총 2.5억원 내에서 2회(1회차고도화→2회차동일수준)까지 지원하되,회당 최대 2억원 한도,지원비율 50%이내에서 지원가능*단,공고일 전에 스마트공장 구축사업을 통해","20000.0만원/unknown/review: 고도화 최대 9 개월 최대 2.0 억원 이내 ( 단 || 25000.0만원/unknown/review: 수준별 2.5 억원 한도 ) 50% 이내 중간 1 이상 목표설정 필수 고도화 ( 동일수준 ) 기초 최대 9 개월 최대 0 || 8000.0만원/unknown/review: 5 억원 한도 ) 50% 이내 중간 1 이상 목표설정 필수 고도화 ( 동일수준 ) 기초 최대 9 개월 최대 0.8 억원 이내 80% 이내 기초 이상 기초 ( 동일수준 ) || 25000.0만원/unknown/review: 기초 10)◦(지원 조건)-고도화:목표수준별 총 2.5억원 내에서 2회(1회차고도화→2회차동일수준)까지 지원하되 || 20000.0만원/support_amount/subtract: 총 2.5억원 내에서 2회(1회차고도화→2회차동일수준)까지 지원하되,회당 최대 2억원 한도,지원비율 50%이내에서 지원가능*단,공고일 전에 스마트공장 구축사업을 통해 || 5000.0만원/support_amount/subtract: 사업을 통해 “고도화”지원받은 기업이 ‘26년도 “동일수준”신청시,기존처럼 최대 0.5억원,6개월 이내 지원 가능(동일수준 지원은 목표수준별 1회만 지원 가능) - 2 - || 8000.0만원/support_amount/subtract: 6개월 이내 지원 가능(동일수준 지원은 목표수준별 1회만 지원 가능) - 2 - -기초:신규 구축 및 동일 수준 0.8억원 이내(지원 비율 80%이내)지원유형지원기간정부 지원한도지원 비율구축목표수준 || 20000.0만원/unknown/review: 고도화최대 9개월최대 2.0억원 이내(단 || ... 후보 14개 추가",https://www.gwtp.or.kr/gwtp/bbsNew_view.php?bbs_data=aWR4PTMwNjYmc3RhcnRQYWdlPSZsaXN0Tm89JnRhYmxlPWNzX2Jic19kYXRhX25ldyZjb2RlPXN1YjAxYiZzZWFyY2hfaXRlbT0mc2VhcmNoX29yZGVyPSZ1cmw9c3ViMDFiJmtleXZhbHVlPXN1YjAxJmJic19tYWxuYW1lPQ==||,limit_candidate_large_delta
TECHNOPARK:872,2026년 충남 정보보호 우수사례 지원사업 수혜기업 모집,충남테크노파크,750.0,최대 750만원,subsidy,subtract,0.0,최대 0만원,support_amount,subtract,0x,zero_or_missing,needs_manual_review,hold,문맥만으로 기존값/새값 확정이 어렵습니다(needs_manual_review).,subtract_without_limit_context | large_amount_delta,"type_changed:subsidy->support_amount | amount_delta_20_percent:old=750,new=0",/ 성 명 E-mail 전 화 팩 스 Mobile 사 업 비 총 000천원 (지원금 30,"750.0만원/consulting_fee/recommend_only: (구축) 정보보호 컨설팅에 기반한 보안솔루션 및 SECaaS 활용 시스템 구축구분총 지원비구축기업 부담금(예시-컨설팅 7,500천원)현금 10%부가세 10%계컨설팅 || 3000.0만원/unknown/review: 보안솔루션 및 SECaaS30,000천원2 || 225.0만원/consulting_fee/recommend_only: 0천원)현금 10%부가세 10%계컨설팅, 보안솔루션 및 SECaaS30,000천원2,250천원3,225천원5,475천원 * 실제 지원 내용은 상기 사업비 범위 내에서 사업 유 || 322.5만원/consulting_fee/recommend_only: 10%부가세 10%계컨설팅, 보안솔루션 및 SECaaS30,000천원2,250천원3,225천원5,475천원 * 실제 지원 내용은 상기 사업비 범위 내에서 사업 유형별로 조정 || 547.5만원/consulting_fee/recommend_only: 225천원5,475천원 * 실제 지원 내용은 상기 사업비 범위 내에서 사업 유형별로 조정 가능 * 현금 부담은 컨설팅 비용을 제외한 지원금의 10% 이상으로 함 - || 750.0만원/non_cash/recommend_only: 컨설팅 비용은 전체 지원금의 25% 이내(최대 7,500천원)로 제한 ž 현금 부담 : 컨설팅 비용을 제외한 전체 지원금의 10% 이상을 구축기업이 별도 부담 ž 부가가치세 : 컨설팅 || 0.0만원/support_amount/subtract: / 성 명 E-mail 전 화 팩 스 Mobile 사 업 비 총 000천원 (지원금 30",https://www.ctp.or.kr/business/datadetail.do?seq=2709231,manual_review_pattern
TECHNOPARK:986,(2026-124호) 2026 강원 미래모빌리티 기업지원 프로그램 통합 공고,강원테크노파크,10000.0,최대 1억원,support_amount,subtract,1000.0,"최대 1,000만원",support_amount,subtract,0.1x,new_10pct_or_less,possible_unit_scale_error,hold,문맥만으로 기존값/새값 확정이 어렵습니다(possible_unit_scale_error).,large_amount_delta,"amount_delta_20_percent:old=10000,new=1000",/ 마케팅 중 택 1 예 ) 기술지도 + 마케팅 ( 500 만원 지원 ) 예 ) 기술지도 + 샘플제작 ( 1000 만원 지원 ) 단위사업명 지원분야 ( 세부내용 ) 지원금액 바이오트윈 기반 미래치 부품 고도화 기반구축 사업 1,"1000.0만원/unknown/review: / 마케팅 결합형 지원 19 건 ( 1 건당 1000 만원 || 500.0만원/consulting_fee/recommend_only: 지도 / 샘플제작 / 마케팅 결합형 지원 19 건 ( 1 건당 1000 만원 / 500 만원 , 총 1 억 4 천만원 ) ❍ 지원내용 - 기술지도 ( 전문가 컨설팅비용 ) || 10000.0만원/consulting_fee/recommend_only: 총 1 억 4 천만원 ) ❍ 지원내용 - 기술지도 ( 전문가 컨설팅비용 ) 지원 (100 만원 ) || 4000.0만원/consulting_fee/recommend_only: 총 1 억 4 천만원 ) ❍ 지원내용 - 기술지도 ( 전문가 컨설팅비용 ) 지원 (100 만원 ) || 100.0만원/consulting_fee/recommend_only: 총 1 억 4 천만원 ) ❍ 지원내용 - 기술지도 ( 전문가 컨설팅비용 ) 지원 (100 만원 ) || 20.0만원/consulting_fee/recommend_only: 기술지도 1 건당 20 만원 지원 ) - 샘플제작 ( 전문가 컨설팅 기반 제작 ) (900 만원 ) || 900.0만원/consulting_fee/recommend_only: 기술지도 1 건당 20 만원 지원 ) - 샘플제작 ( 전문가 컨설팅 기반 제작 ) (900 만원 ) || 400.0만원/unknown/review: 전시회 등 ) 지원 (400 만원 ) || ... 후보 22개 추가",https://www.gwtp.or.kr/gwtp/bbsNew_view.php?bbs_data=aWR4PTMxMjYmc3RhcnRQYWdlPSZsaXN0Tm89JnRhYmxlPWNzX2Jic19kYXRhX25ldyZjb2RlPXN1YjAxYiZzZWFyY2hfaXRlbT0mc2VhcmNoX29yZGVyPSZ1cmw9c3ViMDFiJmtleXZhbHVlPXN1YjAxJmJic19tYWxuYW1lPQ==||,possible_unit_scale_error
