policy_id,title,organization,no_upload_group,no_upload_reason,recommended_action,old_amount_manwon,old_amount_actual,candidate_count,url
ENERGYAGENCY:24575,(수정)2026년도 산업진단 개선이행 지원사업 2차 공고,한국에너지공단,resolved_keep_old,large_amount_delta 검수 결과 기존값 유지,no_update_keep_existing,69000.0,최대 6.9억원,2,https://www.energy.or.kr/front/board/View2.do?boardMngNo=2&boardNo=24575
KPASS:P2950,2026년 산업기술국제협력사업 통합 시행계획 공고,한국산업기술진흥원,resolved_keep_old,large_amount_delta 검수 결과 기존값 유지,no_update_keep_existing,250000.0,최대 25억원,19,https://www.k-pass.kr/notice/ancView.do?ancId=P2950&gubun=NEW
PBLN_000000000118027,2026년 KOLAS 공인 제품인증 서비스 바우처 지원사업 참가 희망기업 모집 공고,부산광역시,resolved_keep_old,large_amount_delta 검수 결과 기존값 유지,no_update_keep_existing,80.0,,8,https://www.bizinfo.go.kr/sii/siia/selectSIIA200Detail.do?pblancId=PBLN_000000000118027
PBLN_000000000118209,2026년 중소기업 연구인력지원사업 공고,중소벤처기업부,resolved_keep_old,large_amount_delta 검수 결과 기존값 유지,no_update_keep_existing,3800.0,"최대 3,800만원",13,https://www.bizinfo.go.kr/sii/siia/selectSIIA200Detail.do?pblancId=PBLN_000000000118209
PBLN_000000000119206,[충남] 아산시 2026년 해외마케팅 지원사업 참가기업 모집 공고,충청남도,resolved_keep_old,large_amount_delta 검수 결과 기존값 유지,no_update_keep_existing,400.0,최대 400만원,11,https://www.bizinfo.go.kr/sii/siia/selectSIIA200Detail.do?pblancId=PBLN_000000000119206
PBLN_000000000119454,[경기] 평택시 2026년 국내외 지식재산 권리화 지원사업 모집 공고,경기도,resolved_keep_old,large_amount_delta 검수 결과 기존값 유지,no_update_keep_existing,0.0,최대 0만원,4,https://www.bizinfo.go.kr/sii/siia/selectSIIA200Detail.do?pblancId=PBLN_000000000119454
PBLN_000000000119836,[전남광주] 2026년 상반기 구조고도화자금 지원 계획 공고,전남광주통합특별시,resolved_keep_old,large_amount_delta 검수 결과 기존값 유지,no_update_keep_existing,3000000.0,최대 300억원,9,https://www.bizinfo.go.kr/sii/siia/selectSIIA200Detail.do?pblancId=PBLN_000000000119836
PBLN_000000000121194,[경남] 고성군 2026년 지역지식재산창출 지원사업 공고,경상남도,resolved_keep_old,large_amount_delta 검수 결과 기존값 유지,no_update_keep_existing,130.0,최대 130만원,5,https://www.bizinfo.go.kr/sii/siia/selectSIIA200Detail.do?pblancId=PBLN_000000000121194
PBLN_000000000121197,[경남] 창녕군 2026년 지역지식재산 창출지원사업 공고,경상남도,resolved_keep_old,large_amount_delta 검수 결과 기존값 유지,no_update_keep_existing,130.0,최대 130만원,5,https://www.bizinfo.go.kr/sii/siia/selectSIIA200Detail.do?pblancId=PBLN_000000000121197
PBLN_000000000121785,[전남광주] 2026년 소규모 밀착 안전망 구축사업 참여기업 모집 공고(지역 중대재해 예방 사각지대 해소사업),전남광주통합특별시,resolved_keep_old,large_amount_delta 검수 결과 기존값 유지,no_update_keep_existing,10000.0,최대 1억원,11,https://www.bizinfo.go.kr/sii/siia/selectSIIA200Detail.do?pblancId=PBLN_000000000121785
PBLN_000000000121945,2026년 자이언트캐스팅(다이캐스팅) 부품 시험ㆍ평가ㆍ인증 및 기술지도 지원 시행 공고(자이언트캐스팅 공용센터 기반구축 사업),과학기술정보통신부,resolved_keep_old,large_amount_delta 검수 결과 기존값 유지,no_update_keep_existing,1000.0,"최대 1,000만원",5,https://www.bizinfo.go.kr/sii/siia/selectSIIA200Detail.do?pblancId=PBLN_000000000121945
PBLN_000000000122359,[경북] 2026년 지역특화형(고도화) 스마트공장 구축사업 공고,중소벤처기업부,resolved_keep_old,large_amount_delta 검수 결과 기존값 유지,no_update_keep_existing,63740000.0,최대 6374억원,27,https://www.bizinfo.go.kr/sii/siia/selectSIIA200Detail.do?pblancId=PBLN_000000000122359
PBLN_000000000122384,2026년 글로벌산업기술협력센터 사업(M.AX 분야 공동연구) 시행계획 공고,산업통상부,resolved_keep_old,large_amount_delta 검수 결과 기존값 유지,no_update_keep_existing,1000000.0,최대 100억원,15,https://www.bizinfo.go.kr/sii/siia/selectSIIA200Detail.do?pblancId=PBLN_000000000122384
PBLN_000000000122492,[충남] 2026년 IP디딤돌 프로그램 창업자 후속지원 대상자 모집 공고,충청남도,resolved_keep_old,large_amount_delta 검수 결과 기존값 유지,no_update_keep_existing,900.0,최대 900만원,7,https://www.bizinfo.go.kr/sii/siia/selectSIIA200Detail.do?pblancId=PBLN_000000000122492
PBLN_000000000122501,2026년 디지털기반 중소사업장 산재예방 기술개발 지원사업 시행계획 공고,중소벤처기업부,resolved_keep_old,large_amount_delta 검수 결과 기존값 유지,no_update_keep_existing,50000.0,최대 5억원,26,https://www.bizinfo.go.kr/sii/siia/selectSIIA200Detail.do?pblancId=PBLN_000000000122501
PBLN_000000000122968,2026년 2차 안전일터 조성지원 사업 수정 공고,고용노동부,resolved_keep_old,large_amount_delta 검수 결과 기존값 유지,no_update_keep_existing,3000.0,"최대 3,000만원",9,https://www.bizinfo.go.kr/sii/siia/selectSIIA200Detail.do?pblancId=PBLN_000000000122968
PBLN_000000000122997,[강원] 횡성군 2026년 2차 지식재산 첫걸음 지원사업 참여기업 모집 공고,강원특별자치도,resolved_keep_old,large_amount_delta 검수 결과 기존값 유지,no_update_keep_existing,130.0,최대 130만원,31,https://www.bizinfo.go.kr/sii/siia/selectSIIA200Detail.do?pblancId=PBLN_000000000122997
PBLN_000000000122998,[강원] 영월군 2026년 2차 지식재산 첫걸음 지원사업 참여기업 모집 공고,강원특별자치도,resolved_keep_old,large_amount_delta 검수 결과 기존값 유지,no_update_keep_existing,130.0,최대 130만원,31,https://www.bizinfo.go.kr/sii/siia/selectSIIA200Detail.do?pblancId=PBLN_000000000122998
PBLN_000000000123103,[전남광주] 로컬콘텐츠 기반 문화상품 개발 컨소시엄(공방&디자인기업) 모집 공고,전남광주통합특별시,resolved_keep_old,large_amount_delta 검수 결과 기존값 유지,no_update_keep_existing,1000.0,"최대 1,000만원",3,https://www.bizinfo.go.kr/sii/siia/selectSIIA200Detail.do?pblancId=PBLN_000000000123103
PBLN_000000000123154,2026년 3차 조선해양산업기술개발사업 신규지원 대상과제 공고,산업통상부,resolved_keep_old,large_amount_delta 검수 결과 기존값 유지,no_update_keep_existing,297000.0,최대 29.7억원,15,https://www.bizinfo.go.kr/sii/siia/selectSIIA200Detail.do?pblancId=PBLN_000000000123154
PBLN_000000000123158,2026년 3차 친환경양식어업육성 사업대상자 모집 재공고(품종별산업화시설지원-친환경개체굴생산지원),해양수산부,resolved_keep_old,large_amount_delta 검수 결과 기존값 유지,no_update_keep_existing,100000.0,최대 10억원,18,https://www.bizinfo.go.kr/sii/siia/selectSIIA200Detail.do?pblancId=PBLN_000000000123158
PBLN_000000000123188,[경북] 북부 2026년 3차 지식재산 긴급지원 사업 모집 공고,경상북도,resolved_keep_old,large_amount_delta 검수 결과 기존값 유지,no_update_keep_existing,420.0,최대 420만원,39,https://www.bizinfo.go.kr/sii/siia/selectSIIA200Detail.do?pblancId=PBLN_000000000123188
PBLN_000000000123205,[경기] 안양시 2026년 하반기 국내외 IP 출원 및 인증 지원사업 모집 공고,경기도,resolved_keep_old,large_amount_delta 검수 결과 기존값 유지,no_update_keep_existing,400.0,최대 400만원,8,https://www.bizinfo.go.kr/sii/siia/selectSIIA200Detail.do?pblancId=PBLN_000000000123205
PBLN_000000000123210,2026년 2차 국가표준기술력향상사업 신규지원 대상과제 공고,산업통상부,resolved_keep_old,large_amount_delta 검수 결과 기존값 유지,no_update_keep_existing,7000.0,"최대 7,000만원",24,https://www.bizinfo.go.kr/sii/siia/selectSIIA200Detail.do?pblancId=PBLN_000000000123210
PBLN_000000000123247,[경남] 고성군 2026년 3차 시군구연고산업육성사업 지원기업 모집 공고,중소벤처기업부,resolved_keep_old,large_amount_delta 검수 결과 기존값 유지,no_update_keep_existing,3630.0,"최대 3,630만원",17,https://www.bizinfo.go.kr/sii/siia/selectSIIA200Detail.do?pblancId=PBLN_000000000123247
PBLN_000000000123261,[인천] 2026년 우수디자인 시제품개발지원사업 모집 공고,인천광역시,resolved_keep_old,large_amount_delta 검수 결과 기존값 유지,no_update_keep_existing,290.0,최대 290만원,11,https://www.bizinfo.go.kr/sii/siia/selectSIIA200Detail.do?pblancId=PBLN_000000000123261
PBLN_000000000123371,[경남] 사천시ㆍ진주시 2026년 2차 우주ㆍ항공 제조기업 대상 DX 기반 품질ㆍ공정 개선 및 생산성 향상을 위한 무료 컨설팅 및 전문인력양성 지원사업 공고,산업통상부,resolved_keep_old,large_amount_delta 검수 결과 기존값 유지,no_update_keep_existing,1500.0,"최대 1,500만원",9,https://www.bizinfo.go.kr/sii/siia/selectSIIA200Detail.do?pblancId=PBLN_000000000123371
PBLN_000000000123421,"2026년 중소기업기술혁신개발사업 글로벌선도기술개발(함께달리기, 이어달리기) 시행계획 공고",중소벤처기업부,resolved_keep_old,large_amount_delta 검수 결과 기존값 유지,no_update_keep_existing,100000.0,최대 10억원,30,https://www.bizinfo.go.kr/sii/siia/selectSIIA200Detail.do?pblancId=PBLN_000000000123421
PBLN_000000000123459,[경북] 2026년 4차 푸드테크 스마트 제조 기반 구축 사업 재공고,경상북도,resolved_keep_old,large_amount_delta 검수 결과 기존값 유지,no_update_keep_existing,4500.0,"최대 4,500만원",13,https://www.bizinfo.go.kr/sii/siia/selectSIIA200Detail.do?pblancId=PBLN_000000000123459
PBLN_000000000123468,2026년 에너지신산업 개방형 혁신생태계 OpenLAB 조성사업 기업지원사업 수혜기업모집 공고,산업통상부,resolved_keep_old,large_amount_delta 검수 결과 기존값 유지,no_update_keep_existing,8700.0,"최대 8,700만원",17,https://www.bizinfo.go.kr/sii/siia/selectSIIA200Detail.do?pblancId=PBLN_000000000123468
PBLN_000000000123512,[경북] 2026년 지역 연계 미드폼 제작지원 사업 공고(경북콘텐츠코리아랩 운영사업),경상북도,resolved_keep_old,large_amount_delta 검수 결과 기존값 유지,no_update_keep_existing,1000.0,"최대 1,000만원",13,https://www.bizinfo.go.kr/sii/siia/selectSIIA200Detail.do?pblancId=PBLN_000000000123512
PBLN_000000000123520,[제주] 2026년 2차 지역기업 성장사다리 지원사업 공고,중소벤처기업부,resolved_keep_old,large_amount_delta 검수 결과 기존값 유지,no_update_keep_existing,5000.0,"최대 5,000만원",7,https://www.bizinfo.go.kr/sii/siia/selectSIIA200Detail.do?pblancId=PBLN_000000000123520
PBLN_000000000123549,[경기] 용인시 제2차 반도체기업 기술보호 지원사업 모집 공고,경기도,resolved_keep_old,large_amount_delta 검수 결과 기존값 유지,no_update_keep_existing,2000.0,"최대 2,000만원",5,https://www.bizinfo.go.kr/sii/siia/selectSIIA200Detail.do?pblancId=PBLN_000000000123549
PBLN_000000000123622,[전북] 2026년 전주1인창조기업지원센터 선택형 지원사업 공고,전북특별자치도,resolved_keep_old,large_amount_delta 검수 결과 기존값 유지,no_update_keep_existing,400.0,최대 400만원,17,https://www.bizinfo.go.kr/sii/siia/selectSIIA200Detail.do?pblancId=PBLN_000000000123622
PBLN_000000000123644,[전북] 2026년 3차 데이터 활용기업 맞춤형 지원사업 수요기업 모집 연장 공고,전북특별자치도,resolved_keep_old,large_amount_delta 검수 결과 기존값 유지,no_update_keep_existing,600.0,최대 600만원,27,https://www.bizinfo.go.kr/sii/siia/selectSIIA200Detail.do?pblancId=PBLN_000000000123644
PBLN_000000000123659,[경북] 2026년 3차 지역기업 성장사다리 지원사업 통합 추가 공고,중소벤처기업부,resolved_keep_old,large_amount_delta 검수 결과 기존값 유지,no_update_keep_existing,4500.0,"최대 4,500만원",9,https://www.bizinfo.go.kr/sii/siia/selectSIIA200Detail.do?pblancId=PBLN_000000000123659
PBLN_000000000123764,AI융합 의료기기 신뢰성 강화 및 성능 평가ㆍ실증 사업 수혜기업 모집 공고,산업통상부,resolved_keep_old,large_amount_delta 검수 결과 기존값 유지,no_update_keep_existing,2280.0,"최대 2,280만원",6,https://www.bizinfo.go.kr/sii/siia/selectSIIA200Detail.do?pblancId=PBLN_000000000123764
PBLN_000000000123782,[충남] 2026년 콘텐츠코리아랩 미드폼 영상콘텐츠 제작 지원사업 모집 공고,충청남도,resolved_keep_old,large_amount_delta 검수 결과 기존값 유지,no_update_keep_existing,17500.0,최대 1.8억원,19,https://www.bizinfo.go.kr/sii/siia/selectSIIA200Detail.do?pblancId=PBLN_000000000123782
SMARTFACTORY:2025-N-0203:1,2026년도 자율형공장 구축 지원사업(컨소시엄신청),스마트공장 사업관리시스템,resolved_keep_old,large_amount_delta 검수 결과 기존값 유지,no_update_keep_existing,2000.0,최대 50% 지원,28,https://www.smart-factory.kr/usr/bg/ba/ma/bsnsPbancDtl?pbancId=2025-N-0203&pbancSn=1
SMARTFACTORY:2026-N-0105:1,2026년도 강원 지역특화형(바이오헬스·식품) 스마트공장 구축사업(동일수준) 공고,스마트공장 사업관리시스템,resolved_keep_old,large_amount_delta 검수 결과 기존값 유지,no_update_keep_existing,25000.0,최대 2.5억원,15,https://www.smart-factory.kr/usr/bg/ba/ma/bsnsPbancDtl?pbancId=2026-N-0105&pbancSn=1
TECHNOPARK:1500,"(2026-130호) 2026년도 지역주력산업육성(지역특화 프로젝트 레전드 50+) 지원모집 2차 공고 (강원 2.0, 퀀텀점프)",강원테크노파크,resolved_keep_old,large_amount_delta 검수 결과 기존값 유지,no_update_keep_existing,1000.0,"10,000천원",12,https://www.gwtp.or.kr/gwtp/bbsNew_view.php?bbs_data=aWR4PTMxNjgmc3RhcnRQYWdlPSZsaXN0Tm89JnRhYmxlPWNzX2Jic19kYXRhX25ldyZjb2RlPXN1YjAxYiZzZWFyY2hfaXRlbT0mc2VhcmNoX29yZGVyPSZ1cmw9c3ViMDFiJmtleXZhbHVlPXN1YjAxJmJic19tYWxuYW1lPQ==||
TECHNOPARK:793,[강원테크노파크 공고 제 2026-101호] 2026년도 강원 지역특화형(바이오헬스·식품) 스마트공장 구축사업 공고,강원테크노파크,resolved_keep_old,large_amount_delta 검수 결과 기존값 유지,no_update_keep_existing,25000.0,최대 2.5억원,22,https://www.gwtp.or.kr/gwtp/bbsNew_view.php?bbs_data=aWR4PTMwNjYmc3RhcnRQYWdlPSZsaXN0Tm89JnRhYmxlPWNzX2Jic19kYXRhX25ldyZjb2RlPXN1YjAxYiZzZWFyY2hfaXRlbT0mc2VhcmNoX29yZGVyPSZ1cmw9c3ViMDFiJmtleXZhbHVlPXN1YjAxJmJic19tYWxuYW1lPQ==||
TECHNOPARK:872,2026년 충남 정보보호 우수사례 지원사업 수혜기업 모집,충남테크노파크,resolved_keep_old,large_amount_delta 검수 결과 기존값 유지,no_update_keep_existing,750.0,최대 750만원,7,https://www.ctp.or.kr/business/datadetail.do?seq=2709231
PBLN_000000000116853,2026년 기업훈련 탄력운영제 참여기업 모집 공고,고용노동부,selected_candidate_missing,대표금액 제외 타입이 혼합되어 정책 판단이 필요합니다.,exclude_or_policy_decision,1820000.0,최대 182억원,2,https://www.bizinfo.go.kr/sii/siia/selectSIIA200Detail.do?pblancId=PBLN_000000000116853
PBLN_000000000117291,2026년 한국식품산업클러스터진흥원 기업지원시설ㆍ장비 활용 지원사업 공고,농림축산식품부,selected_candidate_missing,대표금액 제외 타입이 혼합되어 정책 판단이 필요합니다.,exclude_or_policy_decision,25000.0,최대 2.5억원,3,https://www.bizinfo.go.kr/sii/siia/selectSIIA200Detail.do?pblancId=PBLN_000000000117291
PBLN_000000000117481,전북바이오융합교육센터 재직자 교육 훈련생ㆍ기업 모집 공고(국가인적자원개발컨소시엄),전북특별자치도,selected_candidate_missing,대표금액 제외 타입이 혼합되어 정책 판단이 필요합니다.,exclude_or_policy_decision,100.0,최대 100만원,2,https://www.bizinfo.go.kr/sii/siia/selectSIIA200Detail.do?pblancId=PBLN_000000000117481
PBLN_000000000117654,[강원] 2026년 중소ㆍ벤처기업 투자이음 강화 프로그램 참여기업 연중 상시접수 공고(강원 벤처투자 생태계 조성사업),강원특별자치도,selected_candidate_missing,Gemini 검수 결과 대표금액 없음,no_representative_amount,650000.0,최대 65억원,3,https://www.bizinfo.go.kr/sii/siia/selectSIIA200Detail.do?pblancId=PBLN_000000000117654
PBLN_000000000117794,[경북] 2026년 중소기업 정부기술개발공모사업 선정지원 참여기업 모집 공고,경상북도,selected_candidate_missing,Gemini 검수 결과 대표금액 없음,no_representative_amount,150.0,최대 150만원,12,https://www.bizinfo.go.kr/sii/siia/selectSIIA200Detail.do?pblancId=PBLN_000000000117794
PBLN_000000000118006,2026년 스마트공장 수준확인 사업 공고,중소벤처기업부,selected_candidate_missing,대표금액 제외 타입이 혼합되어 정책 판단이 필요합니다.,exclude_or_policy_decision,200000.0,최대 20억원,2,https://www.bizinfo.go.kr/sii/siia/selectSIIA200Detail.do?pblancId=PBLN_000000000118006
PBLN_000000000118047,[충북] 청주시 2026년 도시근로자 지원사업 참여기업 모집 공고,충청북도,selected_candidate_missing,Gemini 검수 결과 대표금액 없음,no_representative_amount,20.0,최대 20만원,2,https://www.bizinfo.go.kr/sii/siia/selectSIIA200Detail.do?pblancId=PBLN_000000000118047
PBLN_000000000118049,2026년 중소벤처기업부 외국전문인력(E-7-1) 고용추천 공고,중소벤처기업부,selected_candidate_missing,Gemini 검수 결과 대표금액 없음,no_representative_amount,2897.0,"최대 2,897만원",1,https://www.bizinfo.go.kr/sii/siia/selectSIIA200Detail.do?pblancId=PBLN_000000000118049
PBLN_000000000118318,2026년 소스개발 및 생산지원 사업 공고,농림축산식품부,selected_candidate_missing,대표금액 제외 타입이 혼합되어 정책 판단이 필요합니다.,exclude_or_policy_decision,3000.0,"최대 3,000만원",6,https://www.bizinfo.go.kr/sii/siia/selectSIIA200Detail.do?pblancId=PBLN_000000000118318
PBLN_000000000118927,[강원] 2026년 직장문화ㆍ환경개선지원사업 참여기업 모집 공고,강원특별자치도,selected_candidate_missing,Gemini 검수 결과 대표금액 없음,no_representative_amount,500.0,최대 500만원,5,https://www.bizinfo.go.kr/sii/siia/selectSIIA200Detail.do?pblancId=PBLN_000000000118927
PBLN_000000000119093,[인천] 2026년 파브(PAV) 부품 시험ㆍ인증 지원사업 참여기업 모집 공고,인천광역시,selected_candidate_missing,대표금액 제외 타입이 혼합되어 정책 판단이 필요합니다.,exclude_or_policy_decision,8000.0,"최대 8,000만원",2,https://www.bizinfo.go.kr/sii/siia/selectSIIA200Detail.do?pblancId=PBLN_000000000119093
PBLN_000000000119457,[경기] 평택시 2026년 장비 활용 지원사업 기업 모집 공고,경기도,selected_candidate_missing,Gemini 검수 결과 대표금액 없음,no_representative_amount,80.0,최대 80만원,4,https://www.bizinfo.go.kr/sii/siia/selectSIIA200Detail.do?pblancId=PBLN_000000000119457
PBLN_000000000119518,[전북] 2026년 에너지산업융복합단지 공동연구장비 활용 및 컨설팅 지원 수혜기업 모집 공고,전북특별자치도,non_cash_only,비현금/수수료/인증성 후보만 있어 ROI 직접 차감 제외 후보입니다.,recommend_only_or_exclude,250.0,최대 250만원,5,https://www.bizinfo.go.kr/sii/siia/selectSIIA200Detail.do?pblancId=PBLN_000000000119518
PBLN_000000000119727,[부산] 2026년 중소기업 빅데이터 분석 활용 지원사업 참가기업 모집 공고,부산광역시,non_cash_only,비현금/수수료/인증성 후보만 있어 ROI 직접 차감 제외 후보입니다.,recommend_only_or_exclude,500.0,최대 500만원,1,https://www.bizinfo.go.kr/sii/siia/selectSIIA200Detail.do?pblancId=PBLN_000000000119727
PBLN_000000000119764,2026년 중소기업 기술혁신 지원사업(KOSBIR) 통합 공고,중소벤처기업부,selected_candidate_missing,Gemini 검수 결과 대표금액 없음,no_representative_amount,90000.0,최대 9억원,32,https://www.bizinfo.go.kr/sii/siia/selectSIIA200Detail.do?pblancId=PBLN_000000000119764
PBLN_000000000119851,[경북] 안동시 2026년 로케이션 제작지원 사업 공고,경상북도,selected_candidate_missing,Gemini 검수 결과 대표금액 없음,no_representative_amount,100000.0,최대 10억원,7,https://www.bizinfo.go.kr/sii/siia/selectSIIA200Detail.do?pblancId=PBLN_000000000119851
PBLN_000000000119852,[경북] 2026년 로케이션 제작지원 사업 공고,경상북도,selected_candidate_missing,Gemini 검수 결과 대표금액 없음,no_representative_amount,100000.0,최대 10억원,7,https://www.bizinfo.go.kr/sii/siia/selectSIIA200Detail.do?pblancId=PBLN_000000000119852
PBLN_000000000119881,[제주] 2026년 어업활동지원 사업 대상자 모집 공고,제주특별자치도,selected_candidate_missing,대표금액 제외 타입이 혼합되어 정책 판단이 필요합니다.,exclude_or_policy_decision,1440.0,"최대 1,440만원",2,https://www.bizinfo.go.kr/sii/siia/selectSIIA200Detail.do?pblancId=PBLN_000000000119881
PBLN_000000000119978,[경북] 2026년 OK FTA 컨설팅 지원사업 모집 공고(경북FTA통상진흥센터),경상북도,selected_candidate_missing,Gemini 검수 결과 대표금액 없음,no_representative_amount,15000000.0,최대 1500억원,5,https://www.bizinfo.go.kr/sii/siia/selectSIIA200Detail.do?pblancId=PBLN_000000000119978
PBLN_000000000120006,[서울] 2026년 노동환경개선컨설팅 사업 대상 모집 공고,서울특별시,selected_candidate_missing,Gemini 검수 결과 대표금액 없음,no_representative_amount,100000.0,최대 10억원,2,https://www.bizinfo.go.kr/sii/siia/selectSIIA200Detail.do?pblancId=PBLN_000000000120006
PBLN_000000000120170,2026년 중소기업 기술분쟁 소송보험 지원사업 공고,중소벤처기업부,selected_candidate_missing,Gemini 검수 결과 대표금액 없음,no_representative_amount,5000.0,"최대 5,000만원",17,https://www.bizinfo.go.kr/sii/siia/selectSIIA200Detail.do?pblancId=PBLN_000000000120170
PBLN_000000000120201,[경기] 포천시 2026년 신소재개발 프로그램 지원사업 모집 공고,경기도,selected_candidate_missing,Gemini 검수 결과 대표금액 없음,no_representative_amount,73.0,최대 73만원,1,https://www.bizinfo.go.kr/sii/siia/selectSIIA200Detail.do?pblancId=PBLN_000000000120201
PBLN_000000000120342,2026년 기업승계 M&A 활성화를 위한 컨설팅 지원사업 시행계획 공고,중소벤처기업부,selected_candidate_missing,대표금액 제외 타입이 혼합되어 정책 판단이 필요합니다.,exclude_or_policy_decision,700.0,최대 700만원,16,https://www.bizinfo.go.kr/sii/siia/selectSIIA200Detail.do?pblancId=PBLN_000000000120342
PBLN_000000000120495,[강원] 2026년 수요기술 발굴 및 기술멘토링 지원사업 참여기업 모집 공고(전기차 충돌 후 배터리 핵심부품 안전성 확보 지원사업),강원특별자치도,selected_candidate_missing,대표금액 제외 타입이 혼합되어 정책 판단이 필요합니다.,exclude_or_policy_decision,0.0,최대 0만원,1,https://www.bizinfo.go.kr/sii/siia/selectSIIA200Detail.do?pblancId=PBLN_000000000120495
PBLN_000000000120527,2026년 스마트 전자약 종합지원센터 인허가 지원 기업 상시 모집 공고,보건복지부,selected_candidate_missing,대표금액 제외 타입이 혼합되어 정책 판단이 필요합니다.,exclude_or_policy_decision,,지원금 확인 필요,1,https://www.bizinfo.go.kr/sii/siia/selectSIIA200Detail.do?pblancId=PBLN_000000000120527
PBLN_000000000121038,2026년 IoT 보안인증 인증시험 수수료 지원 공고,과학기술정보통신부,selected_candidate_missing,Gemini 검수 결과 대표금액 없음,no_representative_amount,1600.0,최대 80% 지원,3,https://www.bizinfo.go.kr/sii/siia/selectSIIA200Detail.do?pblancId=PBLN_000000000121038
PBLN_000000000121415,[경남] 2026년 경남형 제조 AX 고도화 패스트트랙 지원사업 도입기업 모집 공고,경상남도,selected_candidate_missing,Gemini 검수 결과 대표금액 없음,no_representative_amount,30000.0,최대 3억원,10,https://www.bizinfo.go.kr/sii/siia/selectSIIA200Detail.do?pblancId=PBLN_000000000121415
PBLN_000000000121614,[전남광주] 2026년 스마트공장 지원계획 공고,중소벤처기업부,selected_candidate_missing,Gemini 검수 결과 대표금액 없음,no_representative_amount,80000.0,최대 8억원,12,https://www.bizinfo.go.kr/sii/siia/selectSIIA200Detail.do?pblancId=PBLN_000000000121614
PBLN_000000000121777,[울산] 2026년 소상공인 산재보험료 지원사업 공고,울산광역시,selected_candidate_missing,Gemini 검수 결과 대표금액 없음,no_representative_amount,,최대 80% 지원,2,https://www.bizinfo.go.kr/sii/siia/selectSIIA200Detail.do?pblancId=PBLN_000000000121777
PBLN_000000000121849,전기차 차체ㆍ섀시 충돌안전 기업지원 연장 공고(xEV 보호차체 충돌안전 기업지원사업),경상북도,selected_candidate_missing,대표금액 제외 타입이 혼합되어 정책 판단이 필요합니다.,exclude_or_policy_decision,3000.0,"최대 3,000만원",3,https://www.bizinfo.go.kr/sii/siia/selectSIIA200Detail.do?pblancId=PBLN_000000000121849
PBLN_000000000121853,2026년 업종별 임금체계 개선 지원 사업 참여기업 모집 공고,고용노동부,non_cash_only,비현금/수수료/인증성 후보만 있어 ROI 직접 차감 제외 후보입니다.,recommend_only_or_exclude,8000.0,"최대 8,000만원",1,https://www.bizinfo.go.kr/sii/siia/selectSIIA200Detail.do?pblancId=PBLN_000000000121853
PBLN_000000000122045,2026년 연구조직(기업부설연구소 등) 설립 및 기술ㆍ경영혁신 인증 지원사업 참여기업 모집 공고,대구광역시,selected_candidate_missing,대표금액 제외 타입이 혼합되어 정책 판단이 필요합니다.,exclude_or_policy_decision,5000.0,지원금 확인 필요,4,https://www.bizinfo.go.kr/sii/siia/selectSIIA200Detail.do?pblancId=PBLN_000000000122045
PBLN_000000000122168,[경북] 경주시 2026년 소규모 사업장 방지시설 설치 지원사업 공고,경상북도,selected_candidate_missing,Gemini 검수 결과 대표금액 없음,no_representative_amount,,최대 80% 지원,4,https://www.bizinfo.go.kr/sii/siia/selectSIIA200Detail.do?pblancId=PBLN_000000000122168
PBLN_000000000122275,[대구] 2026년 2차 지역혁신 중심 대학지원체계(RISE) 사업 협업ㆍ지원대상 기업 모집 공고,교육부,selected_candidate_missing,Gemini 검수 결과 대표금액 없음,no_representative_amount,5500.0,,5,https://www.bizinfo.go.kr/sii/siia/selectSIIA200Detail.do?pblancId=PBLN_000000000122275
PBLN_000000000122640,[경북] 2026년 경북산업기술단지 거점기능강화사업 기술닥터제 활성화 지원사업 공고,중소벤처기업부,selected_candidate_missing,대표금액 제외 타입이 혼합되어 정책 판단이 필요합니다.,exclude_or_policy_decision,300000.0,최대 30억원,6,https://www.bizinfo.go.kr/sii/siia/selectSIIA200Detail.do?pblancId=PBLN_000000000122640
PBLN_000000000122644,[경북] 2026년 2차 미래자동차 사업재편 혁신성장 지원사업 공고,경상북도,selected_candidate_missing,Gemini 검수 결과 대표금액 없음,no_representative_amount,3200.0,"최대 3,200만원",3,https://www.bizinfo.go.kr/sii/siia/selectSIIA200Detail.do?pblancId=PBLN_000000000122644
PBLN_000000000122744,2026년 2차 GLP(세포독성) 시험평가인증 지원사업 공고(메카노바이오활성소재 혁신의료기기 실증 기반구축),산업통상부,non_cash_only,비현금/수수료/인증성 후보만 있어 ROI 직접 차감 제외 후보입니다.,recommend_only_or_exclude,,,2,https://www.bizinfo.go.kr/sii/siia/selectSIIA200Detail.do?pblancId=PBLN_000000000122744
PBLN_000000000122761,"2026년 2차 재생에너지R&D(태양광, 풍력) 신규지원대상 연구개발과제 공고",기후에너지환경부,selected_candidate_missing,Gemini 검수 결과 대표금액 없음,no_representative_amount,2050000.0,최대 205억원,3,https://www.bizinfo.go.kr/sii/siia/selectSIIA200Detail.do?pblancId=PBLN_000000000122761
PBLN_000000000122820,2026년 한국형 ARPA-H 프로젝트 신규지원 대상과제 통합 공고,보건복지부,selected_candidate_missing,Gemini 검수 결과 대표금액 없음,no_representative_amount,1930000.0,최대 193억원,28,https://www.bizinfo.go.kr/sii/siia/selectSIIA200Detail.do?pblancId=PBLN_000000000122820
PBLN_000000000122852,2026년 하반기 우수 상용품 시범사용 제안제품 접수 공고,국방부,selected_candidate_missing,Gemini 검수 결과 대표금액 없음,no_representative_amount,2000.0,"최대 2,000만원",1,https://www.bizinfo.go.kr/sii/siia/selectSIIA200Detail.do?pblancId=PBLN_000000000122852
PBLN_000000000122891,2026년 2차 전력정보화 및 정책지원사업(신재생에너지 분야) 신규지원 대상과제 공고,기후에너지환경부,selected_candidate_missing,Gemini 검수 결과 대표금액 없음,no_representative_amount,5000.0,"최대 5,000만원",4,https://www.bizinfo.go.kr/sii/siia/selectSIIA200Detail.do?pblancId=PBLN_000000000122891
PBLN_000000000122942,[세종] 조달청 다수공급자계약(MAS) 활용 컨설팅 지원사업 공고,세종특별자치시,non_cash_only,비현금/수수료/인증성 후보만 있어 ROI 직접 차감 제외 후보입니다.,recommend_only_or_exclude,200.0,최대 200만원,2,https://www.bizinfo.go.kr/sii/siia/selectSIIA200Detail.do?pblancId=PBLN_000000000122942
PBLN_000000000122971,[경북] 2026년 경북중소기업기술혁신협의회 경북형 R&D플랫폼 참여기업 모집 공고,경상북도,selected_candidate_missing,대표금액 제외 타입이 혼합되어 정책 판단이 필요합니다.,exclude_or_policy_decision,,지원금 확인 필요,2,https://www.bizinfo.go.kr/sii/siia/selectSIIA200Detail.do?pblancId=PBLN_000000000122971
PBLN_000000000123119,2026년 바이오프린팅 활용 첨단바이오 활성화 지원사업(시설ㆍ장비 활용) 수혜기업 모집 공고,경상북도,selected_candidate_missing,대표금액 제외 타입이 혼합되어 정책 판단이 필요합니다.,exclude_or_policy_decision,3000.0,"최대 3,000만원",8,https://www.bizinfo.go.kr/sii/siia/selectSIIA200Detail.do?pblancId=PBLN_000000000123119
PBLN_000000000123130,2026년 K-온디바이스 AI반도체 기술개발사업 신규 지원대상 연구개발과제 공고,산업통상부,selected_candidate_missing,Gemini 검수 결과 대표금액 없음,no_representative_amount,50000.0,최대 5억원,12,https://www.bizinfo.go.kr/sii/siia/selectSIIA200Detail.do?pblancId=PBLN_000000000123130
PBLN_000000000123189,[충북] 지능형첨단부품산업의 디지털전환 거점 구축 사업 AI 융합 제품ㆍ솔루션 고도화 지원 수혜기업 모집 공고,산업통상부,selected_candidate_missing,대표금액 제외 타입이 혼합되어 정책 판단이 필요합니다.,exclude_or_policy_decision,,최대 10% 지원,6,https://www.bizinfo.go.kr/sii/siia/selectSIIA200Detail.do?pblancId=PBLN_000000000123189
PBLN_000000000123354,[부산] 2026년 도시형소공인 맞춤형 패키지 지원사업 모집 공고,부산광역시,selected_candidate_missing,Gemini 검수 결과 대표금액 없음,no_representative_amount,1200000.0,최대 120억원,28,https://www.bizinfo.go.kr/sii/siia/selectSIIA200Detail.do?pblancId=PBLN_000000000123354
PBLN_000000000123374,[전남] 첨단로봇ㆍAI 활용 중소기업 제조혁신 사업 기업지원(실증지원) 모집 공고,전라남도,selected_candidate_missing,Gemini 검수 결과 대표금액 없음,no_representative_amount,21000.0,최대 2.1억원,3,https://www.bizinfo.go.kr/sii/siia/selectSIIA200Detail.do?pblancId=PBLN_000000000123374
PBLN_000000000123379,[경북] 포항시 2026년 지역 기업 투자유치 활성화를 위한 Rising Star IR DAY 참가기업 모집 공고,경상북도,selected_candidate_missing,Gemini 검수 결과 대표금액 없음,no_representative_amount,400.0,최대 400만원,1,https://www.bizinfo.go.kr/sii/siia/selectSIIA200Detail.do?pblancId=PBLN_000000000123379
PBLN_000000000123387,[경기] 안양시 2026년 우수기업 선정 공고,경기도,selected_candidate_missing,Gemini 검수 결과 대표금액 없음,no_representative_amount,500.0,최대 500만원,4,https://www.bizinfo.go.kr/sii/siia/selectSIIA200Detail.do?pblancId=PBLN_000000000123387
PBLN_000000000123389,2026년 3차 광주 차세대 지능형 반도체 적용 온디바이스 AI 스케일업 밸리 육성 사업 성장스케일업 지원 수혜기업 추가모집 통합 공고(딥테크 스케일업 밸리 육성사업),과학기술정보통신부,selected_candidate_missing,대표금액 제외 타입이 혼합되어 정책 판단이 필요합니다.,exclude_or_policy_decision,300.0,최대 300만원,5,https://www.bizinfo.go.kr/sii/siia/selectSIIA200Detail.do?pblancId=PBLN_000000000123389
PBLN_000000000123427,[경기] 안산시 2026년 로봇직업교육센터 구축사업 제조기업 로봇공정 성능개선 지원사업 공고,경기도,selected_candidate_missing,Gemini 검수 결과 대표금액 없음,no_representative_amount,210.0,최대 210만원,4,https://www.bizinfo.go.kr/sii/siia/selectSIIA200Detail.do?pblancId=PBLN_000000000123427
PBLN_000000000123448,해오름 이차전지 기업지원(비즈협력ㆍ스케일업) 수혜기업 모집 공고(해오름동맹 첨단이차전지 연대협력사업),경상북도,selected_candidate_missing,Gemini 검수 결과 대표금액 없음,no_representative_amount,2500.0,"최대 2,500만원",4,https://www.bizinfo.go.kr/sii/siia/selectSIIA200Detail.do?pblancId=PBLN_000000000123448
PBLN_000000000123451,바이오의약품 소재부품장비 기업지원 프로그램 모집 공고,산업통상부,non_cash_only,비현금/수수료/인증성 후보만 있어 ROI 직접 차감 제외 후보입니다.,recommend_only_or_exclude,1000.0,"최대 1,000만원",2,https://www.bizinfo.go.kr/sii/siia/selectSIIA200Detail.do?pblancId=PBLN_000000000123451
PBLN_000000000123466,2026년 지능형 반도체 개발ㆍ실증지원 고신뢰 반도체 상용화를 위한 검증ㆍ확인 지원사업 기업 지원 프로그램 통합 공고,산업통상부,selected_candidate_missing,Gemini 검수 결과 대표금액 없음,no_representative_amount,0.0,최대 0.5만원,11,https://www.bizinfo.go.kr/sii/siia/selectSIIA200Detail.do?pblancId=PBLN_000000000123466
PBLN_000000000123470,[대구] 2026년 2차 AI솔루션 실증 참여기업 모집 공고(지역특화 제조데이터 활성화 사업),중소벤처기업부,selected_candidate_missing,대표금액 제외 타입이 혼합되어 정책 판단이 필요합니다.,exclude_or_policy_decision,13000.0,최대 1.3억원,4,https://www.bizinfo.go.kr/sii/siia/selectSIIA200Detail.do?pblancId=PBLN_000000000123470
PBLN_000000000123478,[부산] 2026년 2차 연구개발장비 공동활용 지원사업 공고(장비사용료 지원사업 안내),부산광역시,selected_candidate_missing,Gemini 검수 결과 대표금액 없음,no_representative_amount,600.0,최대 600만원,5,https://www.bizinfo.go.kr/sii/siia/selectSIIA200Detail.do?pblancId=PBLN_000000000123478
PBLN_000000000123526,[충남] 2026년 산학연 협동프로그램 참여기업 지원사업 모집 재공고(테크노파크 생산장비 고도화),충청남도,selected_candidate_missing,Gemini 검수 결과 대표금액 없음,no_representative_amount,100.0,최대 100만원,7,https://www.bizinfo.go.kr/sii/siia/selectSIIA200Detail.do?pblancId=PBLN_000000000123526
PBLN_000000000123596,[서울ㆍ경기ㆍ인천ㆍ강원] 2026년 중소기업 AI활용 도입을 위한 AI훈련 참여기업 모집 공고,고용노동부,non_cash_only,비현금/수수료/인증성 후보만 있어 ROI 직접 차감 제외 후보입니다.,recommend_only_or_exclude,783.0,최대 783만원,1,https://www.bizinfo.go.kr/sii/siia/selectSIIA200Detail.do?pblancId=PBLN_000000000123596
PBLN_000000000123638,[경남] 2026년 4차 기술경영 애로해결을 위한 Quick Solution Program(기술닥터 및 이노카페심층상담) 참여기업 모집 공고,경상남도,non_cash_only,비현금/수수료/인증성 후보만 있어 ROI 직접 차감 제외 후보입니다.,recommend_only_or_exclude,10.0,최대 10만원,2,https://www.bizinfo.go.kr/sii/siia/selectSIIA200Detail.do?pblancId=PBLN_000000000123638
PBLN_000000000123670,[부산] 영도구 2026년 3차 부산 커피산업 생태계 R&D 클러스트 구축사업 기업지원 프로그램 통합 모집 공고(시군구연고산업육성 협업프로젝트),중소벤처기업부,selected_candidate_missing,대표금액 제외 타입이 혼합되어 정책 판단이 필요합니다.,exclude_or_policy_decision,3300.0,"최대 3,300만원",7,https://www.bizinfo.go.kr/sii/siia/selectSIIA200Detail.do?pblancId=PBLN_000000000123670
PBLN_000000000123680,2026년 중견기업-공공연 개방형 혁신 지원 사업 신규과제 모집 공고,산업통상부,selected_candidate_missing,대표금액 제외 타입이 혼합되어 정책 판단이 필요합니다.,exclude_or_policy_decision,700.0,최대 700만원,2,https://www.bizinfo.go.kr/sii/siia/selectSIIA200Detail.do?pblancId=PBLN_000000000123680
PBLN_000000000123681,자동차부품기업 사이버보안 컨설팅 참여기업 모집 공고,산업통상부,selected_candidate_missing,대표금액 제외 타입이 혼합되어 정책 판단이 필요합니다.,exclude_or_policy_decision,5000.0,"최대 5,000만원",2,https://www.bizinfo.go.kr/sii/siia/selectSIIA200Detail.do?pblancId=PBLN_000000000123681
PBLN_000000000123700,[대구] 2026년 산업안전보건 원스톱 서비스 지원 공고,대구광역시,selected_candidate_missing,Gemini 검수 결과 대표금액 없음,no_representative_amount,1250.0,"최대 1,250만원",5,https://www.bizinfo.go.kr/sii/siia/selectSIIA200Detail.do?pblancId=PBLN_000000000123700
PBLN_000000000123708,[경기] 2026년 공공의료원 AI진단보조기기 실증지원사업 참여기업 모집 공고,경기도,selected_candidate_missing,대표금액 제외 타입이 혼합되어 정책 판단이 필요합니다.,exclude_or_policy_decision,8000.0,"최대 8,000만원",6,https://www.bizinfo.go.kr/sii/siia/selectSIIA200Detail.do?pblancId=PBLN_000000000123708
PBLN_000000000123718,[전남광주] 2026년 2차 중소기업 맞춤형 성장지원(컨설팅) 참여기업 모집 기간 연장 공고,전남광주통합특별시,selected_candidate_missing,Gemini 검수 결과 대표금액 없음,no_representative_amount,350.0,최대 350만원,6,https://www.bizinfo.go.kr/sii/siia/selectSIIA200Detail.do?pblancId=PBLN_000000000123718
PBLN_000000000123747,2026년 디지털전환 혁신기업 기획지원 사업 (컨설팅 참여기업(관)) 모집,경상북도,selected_candidate_missing,대표금액 제외 타입이 혼합되어 정책 판단이 필요합니다.,exclude_or_policy_decision,150.0,최대 150만원,2,https://www.bizinfo.go.kr/sii/siia/selectSIIA200Detail.do?pblancId=PBLN_000000000123747
PBLN_000000000123771,[강원] 2026년 3차 지식재산 긴급지원 모집 공고,강원특별자치도,non_cash_only,비현금/수수료/인증성 후보만 있어 ROI 직접 차감 제외 후보입니다.,recommend_only_or_exclude,2000.0,"최대 2,000만원",1,https://www.bizinfo.go.kr/sii/siia/selectSIIA200Detail.do?pblancId=PBLN_000000000123771
PBLN_000000000123783,[전남광주] 첨단 스마트그린 AX실증산단 구축사업 제조경쟁력 강화를 위한 기업AX 실증지원 공고,전남광주통합특별시,selected_candidate_missing,Gemini 검수 결과 대표금액 없음,no_representative_amount,0.0,최대 0만원,9,https://www.bizinfo.go.kr/sii/siia/selectSIIA200Detail.do?pblancId=PBLN_000000000123783
SMARTFACTORY:2025-N-0211:1,2026년 제조DX멘토단 활용지원사업 통합공고,스마트공장 사업관리시스템,selected_candidate_missing,Gemini 검수 결과 대표금액 없음,no_representative_amount,,지원금 확인 필요,13,https://www.smart-factory.kr/usr/bg/ba/ma/bsnsPbancDtl?pbancId=2025-N-0211&pbancSn=1
SMARTFACTORY:2026-N-0010:1,2026년도 제조DX멘토단 활용지원(AX기획) 도입기업 모집 공고,스마트공장 사업관리시스템,selected_candidate_missing,Gemini 검수 결과 대표금액 없음,no_representative_amount,238.0,최대 238만원,6,https://www.smart-factory.kr/usr/bg/ba/ma/bsnsPbancDtl?pbancId=2026-N-0010&pbancSn=1
SMARTFACTORY:2026-N-0011:1,2026년도 제조DX멘토단 활용지원(사전기획) 도입기업 모집 공고,스마트공장 사업관리시스템,selected_candidate_missing,Gemini 검수 결과 대표금액 없음,no_representative_amount,,,6,https://www.smart-factory.kr/usr/bg/ba/ma/bsnsPbancDtl?pbancId=2026-N-0011&pbancSn=1
SMARTFACTORY:2026-N-0071:1,[경북] 2026년 제조DX멘토단 활용지원사업(구축지도) 도입기업 모집 공고,스마트공장 사업관리시스템,selected_candidate_missing,대표금액 제외 타입이 혼합되어 정책 판단이 필요합니다.,exclude_or_policy_decision,21.0,최대 21만원,4,https://www.smart-factory.kr/usr/bg/ba/ma/bsnsPbancDtl?pbancId=2026-N-0071&pbancSn=1
SMARTFACTORY:2026-N-0073:1,[충남] 2026년 제조DX멘토단 활용지원사업(구축지도) 도입기업 모집 공고,스마트공장 사업관리시스템,selected_candidate_missing,대표금액 제외 타입이 혼합되어 정책 판단이 필요합니다.,exclude_or_policy_decision,,,4,https://www.smart-factory.kr/usr/bg/ba/ma/bsnsPbancDtl?pbancId=2026-N-0073&pbancSn=1
SMARTFACTORY:2026-N-0074:1,[대구] 2026년 제조DX멘토단 활용지원사업(구축지도) 도입기업 모집 공고,스마트공장 사업관리시스템,selected_candidate_missing,대표금액 제외 타입이 혼합되어 정책 판단이 필요합니다.,exclude_or_policy_decision,21.0,최대 21만원,4,https://www.smart-factory.kr/usr/bg/ba/ma/bsnsPbancDtl?pbancId=2026-N-0074&pbancSn=1
SMARTFACTORY:2026-N-0075:1,[경남]2026년 제조DX멘토단 활용지원(구축지도) 도입기업 모집 공고,스마트공장 사업관리시스템,selected_candidate_missing,대표금액 제외 타입이 혼합되어 정책 판단이 필요합니다.,exclude_or_policy_decision,21.0,최대 21만원,4,https://www.smart-factory.kr/usr/bg/ba/ma/bsnsPbancDtl?pbancId=2026-N-0075&pbancSn=1
SMARTFACTORY:2026-N-0085:1,[경기북부]2026년 제조DX멘토단 활용지원(구축지도) 도입기업 모집 공고,스마트공장 사업관리시스템,selected_candidate_missing,대표금액 제외 타입이 혼합되어 정책 판단이 필요합니다.,exclude_or_policy_decision,21.0,최대 21만원,4,https://www.smart-factory.kr/usr/bg/ba/ma/bsnsPbancDtl?pbancId=2026-N-0085&pbancSn=1
SMARTFACTORY:2026-N-0104:1,2026 제조DX멘토 활용지원 구축지도 도입기업 모집,스마트공장 사업관리시스템,selected_candidate_missing,Gemini 검수 결과 대표금액 없음,no_representative_amount,21.0,최대 21만원,4,https://www.smart-factory.kr/usr/bg/ba/ma/bsnsPbancDtl?pbancId=2026-N-0104&pbancSn=1
SMARTFACTORY:2026-N-0110:2,[현대자동차그룹]2026 대중소상생형 스마트공장 구축(고도화 동일),스마트공장 사업관리시스템,selected_candidate_missing,대표금액 제외 타입이 혼합되어 정책 판단이 필요합니다.,exclude_or_policy_decision,,지원금 확인 필요,15,https://www.smart-factory.kr/usr/bg/ba/ma/bsnsPbancDtl?pbancId=2026-N-0110&pbancSn=2
SMARTFACTORY:2026-N-0110:4,[현대자동차그룹]2026 대중소상생형 스마트공장 구축(고도화1),스마트공장 사업관리시스템,selected_candidate_missing,대표금액 제외 타입이 혼합되어 정책 판단이 필요합니다.,exclude_or_policy_decision,,지원금 확인 필요,15,https://www.smart-factory.kr/usr/bg/ba/ma/bsnsPbancDtl?pbancId=2026-N-0110&pbancSn=4
SMARTFACTORY:2026-N-0110:5,[현대자동차그룹]2026 대중소상생형 스마트공장 구축(기초),스마트공장 사업관리시스템,selected_candidate_missing,대표금액 제외 타입이 혼합되어 정책 판단이 필요합니다.,exclude_or_policy_decision,,지원금 확인 필요,15,https://www.smart-factory.kr/usr/bg/ba/ma/bsnsPbancDtl?pbancId=2026-N-0110&pbancSn=5
SMARTFACTORY:2026-N-0112:1,2026년 전북형 스마트 제조혁신 프로젝트 추가모집 (JS1-일반과제),스마트공장 사업관리시스템,selected_candidate_missing,Gemini 검수 결과 대표금액 없음,no_representative_amount,,,22,https://www.smart-factory.kr/usr/bg/ba/ma/bsnsPbancDtl?pbancId=2026-N-0112&pbancSn=1
SMARTFACTORY:2026-N-0113:1,[포스코DX] 2026년도 상생형 인공지능 전환(AX) 선도모델 구축지원 사업 공고,스마트공장 사업관리시스템,selected_candidate_missing,Gemini 검수 결과 대표금액 없음,no_representative_amount,150000.0,최대 15억원,17,https://www.smart-factory.kr/usr/bg/ba/ma/bsnsPbancDtl?pbancId=2026-N-0113&pbancSn=1
SMARTFACTORY:2026-N-0114:1,[미라콤] 2026년도 상생형 인공지능 전환(AX) 선도모델 구축지원 사업 공고,스마트공장 사업관리시스템,selected_candidate_missing,Gemini 검수 결과 대표금액 없음,no_representative_amount,300000.0,최대 30억원,17,https://www.smart-factory.kr/usr/bg/ba/ma/bsnsPbancDtl?pbancId=2026-N-0114&pbancSn=1
SMARTFACTORY:2026-N-0115:1,[LS일렉트릭] 2026년도 상생형 인공지능 전환(AX) 선도모델 구축지원 사업 공고,스마트공장 사업관리시스템,selected_candidate_missing,Gemini 검수 결과 대표금액 없음,no_representative_amount,150000.0,최대 15억원,17,https://www.smart-factory.kr/usr/bg/ba/ma/bsnsPbancDtl?pbancId=2026-N-0115&pbancSn=1
SMARTFACTORY:2026-N-0118:1,[LG전자] 2026년도 상생형 인공지능 전환(AX) 선도모델 구축지원 사업 공고,스마트공장 사업관리시스템,selected_candidate_missing,Gemini 검수 결과 대표금액 없음,no_representative_amount,150000.0,최대 15억원,17,https://www.smart-factory.kr/usr/bg/ba/ma/bsnsPbancDtl?pbancId=2026-N-0118&pbancSn=1
SMARTFACTORY:2026-N-0119:1,[CJ올리브네트웍스] 2026년도 상생형 인공지능 전환(AX) 선도모델 구축지원 사업 공고,스마트공장 사업관리시스템,selected_candidate_missing,Gemini 검수 결과 대표금액 없음,no_representative_amount,150000.0,최대 15억원,17,https://www.smart-factory.kr/usr/bg/ba/ma/bsnsPbancDtl?pbancId=2026-N-0119&pbancSn=1
SMARTFACTORY:2026-N-0120:1,[한국네트웍스] 2026년도 상생형 인공지능 전환(AX) 선도모델 구축지원 사업 공고,스마트공장 사업관리시스템,selected_candidate_missing,Gemini 검수 결과 대표금액 없음,no_representative_amount,150000.0,최대 15억원,17,https://www.smart-factory.kr/usr/bg/ba/ma/bsnsPbancDtl?pbancId=2026-N-0120&pbancSn=1
SMARTFACTORY:2026-N-0122:1,[코오롱베니트] 2026년도 상생형 인공지능 전환(AX) 선도모델 구축지원 사업 공고,스마트공장 사업관리시스템,selected_candidate_missing,Gemini 검수 결과 대표금액 없음,no_representative_amount,150000.0,최대 15억원,17,https://www.smart-factory.kr/usr/bg/ba/ma/bsnsPbancDtl?pbancId=2026-N-0122&pbancSn=1
SMARTFACTORY:2026-N-0123:1,[한솔PNS] 2026년도 상생형 인공지능 전환(AX) 선도모델 구축지원 사업 공고,스마트공장 사업관리시스템,selected_candidate_missing,Gemini 검수 결과 대표금액 없음,no_representative_amount,150000.0,최대 15억원,17,https://www.smart-factory.kr/usr/bg/ba/ma/bsnsPbancDtl?pbancId=2026-N-0123&pbancSn=1
SMARTFACTORY:2026-N-0124:1,[현대자동차 그룹] 2026년도 상생형 인공지능 전환(AX) 선도모델 구축지원 사업 공고,스마트공장 사업관리시스템,selected_candidate_missing,Gemini 검수 결과 대표금액 없음,no_representative_amount,50000.0,최대 5억원,9,https://www.smart-factory.kr/usr/bg/ba/ma/bsnsPbancDtl?pbancId=2026-N-0124&pbancSn=1
TECHNOPARK:1316,아산시 CES 2027 기업지원 사업 참가기업 모집 재공고,충남테크노파크,selected_candidate_missing,대표금액 제외 타입이 혼합되어 정책 판단이 필요합니다.,exclude_or_policy_decision,2900.0,"전액 지원 (29,000천원 이내)",3,https://www.ctp.or.kr/business/datadetail.do?seq=2709280
TECHNOPARK:1399,(2026-129호) 「수요맞춤형 전기구동 경형 PBV 개발 지원기반 구축사업」 2026년 기업지원 프로그램 기술자문(지도) 추가 모집 공고,강원테크노파크,non_cash_only,비현금/수수료/인증성 후보만 있어 ROI 직접 차감 제외 후보입니다.,recommend_only_or_exclude,,지원금 확인 필요,1,https://www.gwtp.or.kr/gwtp/bbsNew_view.php?bbs_data=aWR4PTMxNjAmc3RhcnRQYWdlPSZsaXN0Tm89JnRhYmxlPWNzX2Jic19kYXRhX25ldyZjb2RlPXN1YjAxYiZzZWFyY2hfaXRlbT0mc2VhcmNoX29yZGVyPSZ1cmw9c3ViMDFiJmtleXZhbHVlPXN1YjAxJmJic19tYWxuYW1lPQ==||
TECHNOPARK:1519,2026년 햇빛소득마을 컨설팅 지원사업 위탁기관 모집 공고,충남테크노파크,selected_candidate_missing,Gemini 검수 결과 대표금액 없음,no_representative_amount,,,14,https://www.ctp.or.kr/business/datadetail.do?seq=2709292
TECHNOPARK:1532,(재공고) 2026년 테크노파크 생산장비 고도화 지원사업 산학연 협동프로그램 참여 기업 모집 재공고,충남테크노파크,selected_candidate_missing,Gemini 검수 결과 대표금액 없음,no_representative_amount,,,7,https://www.ctp.or.kr/business/datadetail.do?seq=2709293
TECHNOPARK:1770,[2026-037호] 2026년도 세종 규제자유특구 수요조사 재공고(3차),세종테크노파크,selected_candidate_missing,Gemini 검수 결과 대표금액 없음,no_representative_amount,,지원금 확인 필요,2,https://www.sjtp.or.kr/bbs/board.php?bo_table=business01&wr_id=1982
TECHNOPARK:1792,2026년 수출디딤돌지원사업 「2026 중국 상하이 시장개척단」참가기업 모집 공고,충남테크노파크,selected_candidate_missing,대표금액 제외 타입이 혼합되어 정책 판단이 필요합니다.,exclude_or_policy_decision,,,1,https://www.ctp.or.kr/business/datadetail.do?seq=2709312
TECHNOPARK:304,(2026-70호) 「2026 강원후평스마트에너지플랫폼 구축사업」 공장에너지관리시스템(FEMS) 수요기업 모집 공고,강원테크노파크,selected_candidate_missing,대표금액 제외 타입이 혼합되어 정책 판단이 필요합니다.,exclude_or_policy_decision,7000.0,"최대 7,000만원",2,https://www.gwtp.or.kr/gwtp/bbsNew_view.php?bbs_data=aWR4PTI5MzEmc3RhcnRQYWdlPSZsaXN0Tm89JnRhYmxlPWNzX2Jic19kYXRhX25ldyZjb2RlPXN1YjAxYiZzZWFyY2hfaXRlbT0mc2VhcmNoX29yZGVyPSZ1cmw9c3ViMDFiJmtleXZhbHVlPXN1YjAxJmJic19tYWxuYW1lPQ==||
TECHNOPARK:391,(2026-75호) 2026년 제조DX멘토단 활용지원(구축지도) 도입기업 모집 공고,강원테크노파크,selected_candidate_missing,대표금액 제외 타입이 혼합되어 정책 판단이 필요합니다.,exclude_or_policy_decision,21.0,최대 21만원,6,https://www.gwtp.or.kr/gwtp/bbsNew_view.php?bbs_data=aWR4PTI5NTEmc3RhcnRQYWdlPSZsaXN0Tm89JnRhYmxlPWNzX2Jic19kYXRhX25ldyZjb2RlPXN1YjAxYiZzZWFyY2hfaXRlbT0mc2VhcmNoX29yZGVyPSZ1cmw9c3ViMDFiJmtleXZhbHVlPXN1YjAxJmJic19tYWxuYW1lPQ==||
TECHNOPARK:405,2026년 전북특별자치도 공공데이터·AI 활용 창업경진대회 공고,전북테크노파크,selected_candidate_missing,Gemini 검수 결과 대표금액 없음,no_representative_amount,,,5,https://www.jbtp.or.kr/board/view.jbtp?menuCd=DOM_000000102001000000&boardId=BBS_0000006&dataSid=20084
TECHNOPARK:525,「AI 솔루션 기술개발」참여기업 모집공고,충남테크노파크,selected_candidate_missing,대표금액 제외 타입이 혼합되어 정책 판단이 필요합니다.,exclude_or_policy_decision,5000.0,"최대 5,000만원",2,https://www.ctp.or.kr/business/datadetail.do?seq=2709173
TECHNOPARK:616,(2026-88호) 「홍천군 첨단바이오산업 활성화 지원사업」 지역(홍천군)선도기업 육성사업 수혜기업 모집,강원테크노파크,selected_candidate_missing,Gemini 검수 결과 대표금액 없음,no_representative_amount,40000.0,최대 4억원,15,https://www.gwtp.or.kr/gwtp/bbsNew_view.php?bbs_data=aWR4PTMwMDkmc3RhcnRQYWdlPSZsaXN0Tm89JnRhYmxlPWNzX2Jic19kYXRhX25ldyZjb2RlPXN1YjAxYiZzZWFyY2hfaXRlbT0mc2VhcmNoX29yZGVyPSZ1cmw9c3ViMDFiJmtleXZhbHVlPXN1YjAxJmJic19tYWxuYW1lPQ==||
TECHNOPARK:955,(예산) 2026 시군구연고산업육성사업 2차 공고 (수정공고),충남테크노파크,selected_candidate_missing,Gemini 검수 결과 대표금액 없음,no_representative_amount,15427.0,최대 1.5억원,11,https://www.ctp.or.kr/business/datadetail.do?seq=2709247
TECHNOPARK:977,「AI 솔루션 기술개발」참여기업 추가 모집공고,충남테크노파크,selected_candidate_missing,대표금액 제외 타입이 혼합되어 정책 판단이 필요합니다.,exclude_or_policy_decision,5000.0,"최대 5,000만원",2,https://www.ctp.or.kr/business/datadetail.do?seq=2709266
PBLN_000000000118133,[경북] 2026년 화장품산업 경쟁력 강화사업(성분 분석ㆍ검증 시험인증) 모집공고,경상북도,safe_non_update_remainder,위험 사유는 없지만 통합 업데이트 payload 기준에는 포함되지 않은 잔여 건,no_payload_update,80.0,최대 80만원,3,https://www.bizinfo.go.kr/sii/siia/selectSIIA200Detail.do?pblancId=PBLN_000000000118133
PBLN_000000000118361,[경기] 부천시 2026년 유해물질 시험분석 수수료 지원 사업 참여 기업 모집 공고,경기도,safe_non_update_remainder,위험 사유는 없지만 통합 업데이트 payload 기준에는 포함되지 않은 잔여 건,no_payload_update,100.0,최대 100만원,2,https://www.bizinfo.go.kr/sii/siia/selectSIIA200Detail.do?pblancId=PBLN_000000000118361
PBLN_000000000118750,[경남] 진주시 2026년 중소기업 국내외 인증수수료 지원사업 공고,경상남도,safe_non_update_remainder,위험 사유는 없지만 통합 업데이트 payload 기준에는 포함되지 않은 잔여 건,no_payload_update,100.0,최대 100만원,7,https://www.bizinfo.go.kr/sii/siia/selectSIIA200Detail.do?pblancId=PBLN_000000000118750
PBLN_000000000119010,[인천] 2026년 연구장비 공동활용 지원사업 모집 공고,인천광역시,safe_non_update_remainder,위험 사유는 없지만 통합 업데이트 payload 기준에는 포함되지 않은 잔여 건,no_payload_update,300.0,,3,https://www.bizinfo.go.kr/sii/siia/selectSIIA200Detail.do?pblancId=PBLN_000000000119010
PBLN_000000000119126,2026년 물리ㆍ화학적 시험평가인증 지원사업 공고(메카노바이오활성소재 혁신의료기기 실증 기반구축),전북특별자치도,safe_non_update_remainder,위험 사유는 없지만 통합 업데이트 payload 기준에는 포함되지 않은 잔여 건,no_payload_update,400.0,,2,https://www.bizinfo.go.kr/sii/siia/selectSIIA200Detail.do?pblancId=PBLN_000000000119126
PBLN_000000000119181,[충북] 2026년 소부장 지원 전문가 스테이션 운영사업 기술애로 지원 모집 공고,충청북도,safe_non_update_remainder,위험 사유는 없지만 통합 업데이트 payload 기준에는 포함되지 않은 잔여 건,no_payload_update,100.0,최대 100만원,4,https://www.bizinfo.go.kr/sii/siia/selectSIIA200Detail.do?pblancId=PBLN_000000000119181
PBLN_000000000119201,2026년 중소기업 연구인력 현장맞춤형 양성지원 사업 시행계획 공고,중소벤처기업부,safe_non_update_remainder,위험 사유는 없지만 통합 업데이트 payload 기준에는 포함되지 않은 잔여 건,no_payload_update,1720.0,"최대 1,720만원",7,https://www.bizinfo.go.kr/sii/siia/selectSIIA200Detail.do?pblancId=PBLN_000000000119201
PBLN_000000000119733,[울산] 울주군 2026년 강소기업 육성 기술 혁신 지원사업 시행 공고,울산광역시,safe_non_update_remainder,위험 사유는 없지만 통합 업데이트 payload 기준에는 포함되지 않은 잔여 건,no_payload_update,1000.0,"최대 1,000만원",12,https://www.bizinfo.go.kr/sii/siia/selectSIIA200Detail.do?pblancId=PBLN_000000000119733
PBLN_000000000120134,[전남광주] 2026년 평동산업단지 중소기업 보증료 지원사업 공고,전남광주통합특별시,safe_non_update_remainder,위험 사유는 없지만 통합 업데이트 payload 기준에는 포함되지 않은 잔여 건,no_payload_update,100.0,최대 100만원,3,https://www.bizinfo.go.kr/sii/siia/selectSIIA200Detail.do?pblancId=PBLN_000000000120134
PBLN_000000000120135,[전남광주] 2026년 하남산업단지 중소기업 보증료 지원사업 공고,전남광주통합특별시,safe_non_update_remainder,위험 사유는 없지만 통합 업데이트 payload 기준에는 포함되지 않은 잔여 건,no_payload_update,100.0,최대 100만원,3,https://www.bizinfo.go.kr/sii/siia/selectSIIA200Detail.do?pblancId=PBLN_000000000120135
PBLN_000000000120468,[경기] 2026년 국내ㆍ외 우수 물기술 인ㆍ검증 지원사업 참여기업 모집 공고,경기도,safe_non_update_remainder,위험 사유는 없지만 통합 업데이트 payload 기준에는 포함되지 않은 잔여 건,no_payload_update,600.0,최대 600만원,13,https://www.bizinfo.go.kr/sii/siia/selectSIIA200Detail.do?pblancId=PBLN_000000000120468
PBLN_000000000121239,[전북] 2026년 산업체 애로기술 해결을 위한 기술자문 참여기업 모집 공고(지역지능화혁신인재양성사업),전북특별자치도,safe_non_update_remainder,위험 사유는 없지만 통합 업데이트 payload 기준에는 포함되지 않은 잔여 건,no_payload_update,20.0,최대 20만원,1,https://www.bizinfo.go.kr/sii/siia/selectSIIA200Detail.do?pblancId=PBLN_000000000121239
PBLN_000000000121411,[울산] 울주군 2026년 강소기업 육성 기술 혁신 지원사업 추가모집 공고,울산광역시,safe_non_update_remainder,위험 사유는 없지만 통합 업데이트 payload 기준에는 포함되지 않은 잔여 건,no_payload_update,1000.0,"최대 1,000만원",12,https://www.bizinfo.go.kr/sii/siia/selectSIIA200Detail.do?pblancId=PBLN_000000000121411
PBLN_000000000121426,[대구] 2026년 BIT융합캠퍼스(의료ㆍ헬스ㆍ바이오) 지원사업 기업 모집 공고,대구광역시,safe_non_update_remainder,위험 사유는 없지만 통합 업데이트 payload 기준에는 포함되지 않은 잔여 건,no_payload_update,7500.0,최대 100% 지원,12,https://www.bizinfo.go.kr/sii/siia/selectSIIA200Detail.do?pblancId=PBLN_000000000121426
PBLN_000000000121784,[경기] 2026년 로봇직업교육센터 취업 연계 지원사업 참여기업 모집 공고,경기도,safe_non_update_remainder,위험 사유는 없지만 통합 업데이트 payload 기준에는 포함되지 않은 잔여 건,no_payload_update,210.0,최대 210만원,5,https://www.bizinfo.go.kr/sii/siia/selectSIIA200Detail.do?pblancId=PBLN_000000000121784
PBLN_000000000121956,2026년 시흥시 (국비)금형 디지털전환 지원사업 기술지도 모집 공고,경기도,safe_non_update_remainder,위험 사유는 없지만 통합 업데이트 payload 기준에는 포함되지 않은 잔여 건,no_payload_update,200.0,최대 200만원,3,https://www.bizinfo.go.kr/sii/siia/selectSIIA200Detail.do?pblancId=PBLN_000000000121956
PBLN_000000000122268,2026년 2차 메카노바이오활성소재 혁신의료기기 실증 기반구축 생물학적 시험평가인증 지원사업 공고(산업혁신기반구축사업),산업통상부,safe_non_update_remainder,위험 사유는 없지만 통합 업데이트 payload 기준에는 포함되지 않은 잔여 건,no_payload_update,800.0,,4,https://www.bizinfo.go.kr/sii/siia/selectSIIA200Detail.do?pblancId=PBLN_000000000122268
PBLN_000000000123029,2026년 2차 차세대 재생에너지 표준화 및 인증고도화 혁신지원 사업 대상과제 공고,기후에너지환경부,safe_non_update_remainder,위험 사유는 없지만 통합 업데이트 payload 기준에는 포함되지 않은 잔여 건,no_payload_update,30000.0,최대 3억원,3,https://www.bizinfo.go.kr/sii/siia/selectSIIA200Detail.do?pblancId=PBLN_000000000123029
PBLN_000000000123284,2026년 고용노동부(안전보건공단) 연계 스마트 안전장비지원 품목 등록 시행계획 공고,과학기술정보통신부,safe_non_update_remainder,위험 사유는 없지만 통합 업데이트 payload 기준에는 포함되지 않은 잔여 건,no_payload_update,3000.0,"최대 3,000만원",2,https://www.bizinfo.go.kr/sii/siia/selectSIIA200Detail.do?pblancId=PBLN_000000000123284
PBLN_000000000123299,2026년 수요맞춤형 전기구동 경형 PBV 개발 지원기반 구축사업 기업지원 프로그램(기술자문) 추가 모집 공고,강원특별자치도,safe_non_update_remainder,위험 사유는 없지만 통합 업데이트 payload 기준에는 포함되지 않은 잔여 건,no_payload_update,300.0,최대 300만원,2,https://www.bizinfo.go.kr/sii/siia/selectSIIA200Detail.do?pblancId=PBLN_000000000123299
PBLN_000000000123377,[전남] 첨단로봇ㆍAI 활용 중소기업 제조혁신 사업 기업지원(기획 컨설팅) 모집 공고,전라남도,safe_non_update_remainder,위험 사유는 없지만 통합 업데이트 payload 기준에는 포함되지 않은 잔여 건,no_payload_update,400.0,최대 400만원,9,https://www.bizinfo.go.kr/sii/siia/selectSIIA200Detail.do?pblancId=PBLN_000000000123377
PBLN_000000000123381,[강원] 2026년 2차 지역주력산업육성(지역특화 프로젝트 레전드 50+) 지원모집 공고(강원 2.0 퀀텀점프),중소벤처기업부,safe_non_update_remainder,위험 사유는 없지만 통합 업데이트 payload 기준에는 포함되지 않은 잔여 건,no_payload_update,,지원금 확인 필요,12,https://www.bizinfo.go.kr/sii/siia/selectSIIA200Detail.do?pblancId=PBLN_000000000123381
PBLN_000000000123398,[경북] 2026년 4차산업혁명 핵심기술개발사업(혁신기술R&D) 지원사업 공고,경상북도,safe_non_update_remainder,위험 사유는 없지만 통합 업데이트 payload 기준에는 포함되지 않은 잔여 건,no_payload_update,,최대 10% 지원,5,https://www.bizinfo.go.kr/sii/siia/selectSIIA200Detail.do?pblancId=PBLN_000000000123398
PBLN_000000000123433,2026년 K-바이오헬스 지역ㆍ전략센터 연계ㆍ협력 지원사업 참여기업 모집 공고,충청북도,safe_non_update_remainder,위험 사유는 없지만 통합 업데이트 payload 기준에는 포함되지 않은 잔여 건,no_payload_update,,지원금 확인 필요,3,https://www.bizinfo.go.kr/sii/siia/selectSIIA200Detail.do?pblancId=PBLN_000000000123433
PBLN_000000000123447,[전북] 2026년 특화역량 BI 지원사업 AI-R&D 부스팅 프로그램 참여기업 모집 공고,중소벤처기업부,safe_non_update_remainder,위험 사유는 없지만 통합 업데이트 payload 기준에는 포함되지 않은 잔여 건,no_payload_update,,지원금 확인 필요,4,https://www.bizinfo.go.kr/sii/siia/selectSIIA200Detail.do?pblancId=PBLN_000000000123447
PBLN_000000000123504,[서남권] 2026년 2차 지역혁신클러스터육성(비R&D) 기업지원사업 모집 공고,전남광주통합특별시,safe_non_update_remainder,위험 사유는 없지만 통합 업데이트 payload 기준에는 포함되지 않은 잔여 건,no_payload_update,,지원금 확인 필요,27,https://www.bizinfo.go.kr/sii/siia/selectSIIA200Detail.do?pblancId=PBLN_000000000123504
PBLN_000000000123542,[충남] 2026년 미래차전환 종합지원사업 기업지원(R&D) 프로그램 모집 공고,충청남도,safe_non_update_remainder,위험 사유는 없지만 통합 업데이트 payload 기준에는 포함되지 않은 잔여 건,no_payload_update,10000.0,최대 1억원,11,https://www.bizinfo.go.kr/sii/siia/selectSIIA200Detail.do?pblancId=PBLN_000000000123542
PBLN_000000000123593,[비수도권] 2026년 3차 지능형 반도체 시험분석ㆍ성능검증 지원 지원기업 모집 공고,산업통상부,safe_non_update_remainder,위험 사유는 없지만 통합 업데이트 payload 기준에는 포함되지 않은 잔여 건,no_payload_update,1000.0,"최대 1,000만원",13,https://www.bizinfo.go.kr/sii/siia/selectSIIA200Detail.do?pblancId=PBLN_000000000123593
PBLN_000000000123689,지능형 헬스케어제품 기반 실증ㆍ사업화 지원사업 기업지원 기술지원 추가 공고,산업통상부,safe_non_update_remainder,위험 사유는 없지만 통합 업데이트 payload 기준에는 포함되지 않은 잔여 건,no_payload_update,1000.0,"최대 1,000만원",8,https://www.bizinfo.go.kr/sii/siia/selectSIIA200Detail.do?pblancId=PBLN_000000000123689
PBLN_000000000123739,2026년 4차 무기체계 부품국산화개발 지원사업 (상생협력부품국산화) 과제ㆍ연구개발기관 모집 공고,방위사업청,safe_non_update_remainder,위험 사유는 없지만 통합 업데이트 payload 기준에는 포함되지 않은 잔여 건,no_payload_update,1000000.0,최대 100억원,3,https://www.bizinfo.go.kr/sii/siia/selectSIIA200Detail.do?pblancId=PBLN_000000000123739
PBLN_000000000123745,2026년 4차 예술산업보증 7월 공고,문화체육관광부,safe_non_update_remainder,위험 사유는 없지만 통합 업데이트 payload 기준에는 포함되지 않은 잔여 건,no_payload_update,100000.0,최대 10억원,5,https://www.bizinfo.go.kr/sii/siia/selectSIIA200Detail.do?pblancId=PBLN_000000000123745
PBLN_000000000123766,[충북] 2026년 스마트공장 구축 자부담금 지원사업 수혜기업 모집 공고,충청북도,safe_non_update_remainder,위험 사유는 없지만 통합 업데이트 payload 기준에는 포함되지 않은 잔여 건,no_payload_update,,최대 15% 지원,5,https://www.bizinfo.go.kr/sii/siia/selectSIIA200Detail.do?pblancId=PBLN_000000000123766
PBLN_000000000123767,2026년 바이오소재(항원ㆍ항체) 개발지원사업 공고(중소형 CDMO육성 항원 항체소재 뱅크 구축 사업),산업통상부,safe_non_update_remainder,위험 사유는 없지만 통합 업데이트 payload 기준에는 포함되지 않은 잔여 건,no_payload_update,10000.0,최대 1억원,2,https://www.bizinfo.go.kr/sii/siia/selectSIIA200Detail.do?pblancId=PBLN_000000000123767
SMARTFACTORY:2025-N-0210:1,2026년도 지역특화 프로젝트「레전드50+」연계 스마트공장 구축 지원사업 공고,스마트공장 사업관리시스템,safe_non_update_remainder,위험 사유는 없지만 통합 업데이트 payload 기준에는 포함되지 않은 잔여 건,no_payload_update,1000000.0,최대 100억원,44,https://www.smart-factory.kr/usr/bg/ba/ma/bsnsPbancDtl?pbancId=2025-N-0210&pbancSn=1
SMARTFACTORY:2026-N-0005:1,2026년 스마트공장 수준확인 사업 공고,스마트공장 사업관리시스템,safe_non_update_remainder,위험 사유는 없지만 통합 업데이트 payload 기준에는 포함되지 않은 잔여 건,no_payload_update,,최대 100% 지원,6,https://www.smart-factory.kr/usr/bg/ba/ma/bsnsPbancDtl?pbancId=2026-N-0005&pbancSn=1
SMARTFACTORY:2026-N-0090:1,2026년 경북형 스마트공장(기초단계) 구축지원 사업 2차모집_(신규구축),스마트공장 사업관리시스템,safe_non_update_remainder,위험 사유는 없지만 통합 업데이트 payload 기준에는 포함되지 않은 잔여 건,no_payload_update,6000.0,"최대 6,000만원",13,https://www.smart-factory.kr/usr/bg/ba/ma/bsnsPbancDtl?pbancId=2026-N-0090&pbancSn=1
SMARTFACTORY:2026-N-0090:3,2026년 경북형 스마트공장(기초단계) 구축지원 사업 2차모집_(동일수준),스마트공장 사업관리시스템,safe_non_update_remainder,위험 사유는 없지만 통합 업데이트 payload 기준에는 포함되지 않은 잔여 건,no_payload_update,6000.0,"최대 6,000만원",13,https://www.smart-factory.kr/usr/bg/ba/ma/bsnsPbancDtl?pbancId=2026-N-0090&pbancSn=3
SMARTFACTORY:2026-N-0121:1,2026년「푸드테크 스마트 제조 기반 구축」사업 공고(기초)_4차 재공고,스마트공장 사업관리시스템,safe_non_update_remainder,위험 사유는 없지만 통합 업데이트 payload 기준에는 포함되지 않은 잔여 건,no_payload_update,,지원금 확인 필요,11,https://www.smart-factory.kr/usr/bg/ba/ma/bsnsPbancDtl?pbancId=2026-N-0121&pbancSn=1
TECHNOPARK:1343,2026년 충남 디스플레이 특화단지 R&D 컨설팅 지원 수혜기업 모집,충남테크노파크,safe_non_update_remainder,위험 사유는 없지만 통합 업데이트 payload 기준에는 포함되지 않은 잔여 건,no_payload_update,,,2,https://www.ctp.or.kr/business/datadetail.do?seq=2709286
TECHNOPARK:1348,(2026-127호) 2026년 강원지역연구장비 서비스 활성화 지원사업 참여기관 모집 공고,강원테크노파크,safe_non_update_remainder,위험 사유는 없지만 통합 업데이트 payload 기준에는 포함되지 않은 잔여 건,no_payload_update,1000.0,"기관별 최대 10,000천원 이내",4,https://www.gwtp.or.kr/gwtp/bbsNew_view.php?bbs_data=aWR4PTMxNTMmc3RhcnRQYWdlPSZsaXN0Tm89JnRhYmxlPWNzX2Jic19kYXRhX25ldyZjb2RlPXN1YjAxYiZzZWFyY2hfaXRlbT0mc2VhcmNoX29yZGVyPSZ1cmw9c3ViMDFiJmtleXZhbHVlPXN1YjAxJmJic19tYWxuYW1lPQ==||
TECHNOPARK:1439,「2026년 미래차전환 종합지원사업」 기업지원(R&D) 프로그램 모집 공고,충남테크노파크,safe_non_update_remainder,위험 사유는 없지만 통합 업데이트 payload 기준에는 포함되지 않은 잔여 건,no_payload_update,,,10,https://www.ctp.or.kr/business/datadetail.do?seq=2709289
TECHNOPARK:1725,「2026년 지역 거점 정보보호 클러스터 구축 사업」정보보호 비즈니스 모델 발굴 및 유망기업 지원 모집공고 재공고(2차),충남테크노파크,safe_non_update_remainder,위험 사유는 없지만 통합 업데이트 payload 기준에는 포함되지 않은 잔여 건,no_payload_update,,,7,https://www.ctp.or.kr/business/datadetail.do?seq=2709305
TECHNOPARK:1857,미래차 산업전환 공정기술 고도화 수혜기업 모집 공고(3차),경남테크노파크,safe_non_update_remainder,위험 사유는 없지만 통합 업데이트 payload 기준에는 포함되지 않은 잔여 건,no_payload_update,,,5,http://www.gntp.or.kr/biz/applyInfo/3791
TECHNOPARK:1873,「충남 지역혁신클러스터육성(비R&D)사업」사업화 지원 수혜기업 모집 공고(2차),충남테크노파크,safe_non_update_remainder,위험 사유는 없지만 통합 업데이트 payload 기준에는 포함되지 않은 잔여 건,no_payload_update,,지원금 확인 필요,12,https://www.ctp.or.kr/business/datadetail.do?seq=2709316
TECHNOPARK:434,「해양수산자원 산업화 육성 지원(바이오)」수혜기업 모집(2차) 공고,충남테크노파크,safe_non_update_remainder,위험 사유는 없지만 통합 업데이트 payload 기준에는 포함되지 않은 잔여 건,no_payload_update,,지원금 확인 필요,4,https://www.ctp.or.kr/business/datadetail.do?seq=2709157
TECHNOPARK:957,(2026-119호) 2026년 강원지역연구장비 활용 수수료 지원사업 참여기업(1차) 모집 공고,강원테크노파크,safe_non_update_remainder,위험 사유는 없지만 통합 업데이트 payload 기준에는 포함되지 않은 잔여 건,no_payload_update,,,12,https://www.gwtp.or.kr/gwtp/bbsNew_view.php?bbs_data=aWR4PTMxMTQmc3RhcnRQYWdlPSZsaXN0Tm89JnRhYmxlPWNzX2Jic19kYXRhX25ldyZjb2RlPXN1YjAxYiZzZWFyY2hfaXRlbT0mc2VhcmNoX29yZGVyPSZ1cmw9c3ViMDFiJmtleXZhbHVlPXN1YjAxJmJic19tYWxuYW1lPQ==||
