policy_id,title,organization,old_amount_manwon,old_amount_type,old_roi_apply_method,new_amount_manwon,new_amount_actual,new_amount_type,new_roi_apply_method,candidate_count,selected_evidence
PBLN_000000000115994,2026년 스마트 제조혁신 지원사업 통합 공고,중소벤처기업부,50000.0,subsidy,subtract,50000.0,최대 5억원,subsidy,subtract,42, 지역특화 프로젝트 참여기업으로 선정된 기업□지원내용및조건◦지원내용-정보통신기술(ICT)로제품의기획-설계-제조-판매과정을통합하여제조공정을최적화하는스마트공장구축지원-제품설계‧ 생산공정개선등을위한스마트공장솔루션구축및솔루션과연동되는자동화장비‧ 제어기‧ 센서등구축지원◦지원과제:50개내외◦지원조건:과제별수준향상정도에따라정부지원금차등지급지원유형지원 기간지원 한도지원 비율구축목표 수준고도화최대 9개월최대 5억원(아래 표 참조)50% 이내중간1 이상목표설정필수 현재수준목표수준최대 지원한도미적용è중간1 3억원중간2 5억원기초è중간1 2억원중간2 4억원중간
PBLN_000000000116004,스마트 공장 수준 확인(2026년 스마트 제조혁신 지원사업 통합 공고),중소벤처기업부,50000.0,subsidy,subtract,50000.0,최대 5억원,subsidy,subtract,42, 지역특화 프로젝트 참여기업으로 선정된 기업□지원내용및조건◦지원내용-정보통신기술(ICT)로제품의기획-설계-제조-판매과정을통합하여제조공정을최적화하는스마트공장구축지원-제품설계‧ 생산공정개선등을위한스마트공장솔루션구축및솔루션과연동되는자동화장비‧ 제어기‧ 센서등구축지원◦지원과제:50개내외◦지원조건:과제별수준향상정도에따라정부지원금차등지급지원유형지원 기간지원 한도지원 비율구축목표 수준고도화최대 9개월최대 5억원(아래 표 참조)50% 이내중간1 이상목표설정필수 현재수준목표수준최대 지원한도미적용è중간1 3억원중간2 5억원기초è중간1 2억원중간2 4억원중간
PBLN_000000000116008,제조 DX멘토단 활용지원(2026년 스마트 제조혁신 지원사업 통합 공고),중소벤처기업부,50000.0,subsidy,subtract,50000.0,최대 5억원,subsidy,subtract,42, 지역특화 프로젝트 참여기업으로 선정된 기업□지원내용및조건◦지원내용-정보통신기술(ICT)로제품의기획-설계-제조-판매과정을통합하여제조공정을최적화하는스마트공장구축지원-제품설계‧ 생산공정개선등을위한스마트공장솔루션구축및솔루션과연동되는자동화장비‧ 제어기‧ 센서등구축지원◦지원과제:50개내외◦지원조건:과제별수준향상정도에따라정부지원금차등지급지원유형지원 기간지원 한도지원 비율구축목표 수준고도화최대 9개월최대 5억원(아래 표 참조)50% 이내중간1 이상목표설정필수 현재수준목표수준최대 지원한도미적용è중간1 3억원중간2 5억원기초è중간1 2억원중간2 4억원중간
PBLN_000000000117643,2026년 예산군 로케이션 인센티브 제작지원 사업 공고,충청남도,6000.0,support_amount,subtract,6000.0,"최대 6,000만원",support_amount,subtract,3," 온라인 플랫폼 등 방영이 확정된 작품 ☞ 예산군 내 2지역 이상 촬영 시 예산군 내 소비금액의 50%환급 지원(최대 60,000,000원) 사업신청 방법 온라인 접수(충남콘텐츠진흥원) 사업신청 사이트 온라인신청 바로가기 문의처 충남콘텐츠진흥원 로케이션 인센티브 담당자 041-59"
PBLN_000000000117781,[경북] 국방기술 민간이전 사업 참여기업 모집 공고(경북ㆍ구미 방산혁신클러스터),경상북도,4000.0,support_amount,subtract,4000.0,"최대 4,000만원",support_amount,subtract,4," ☞ 공고일 기준 경북지역 본사(또는 공장) 소재 중소ㆍ벤처기업 중 방위산업으로 진입을 희망하는 기업 또는 방위산업 영위기업 - 국방 관련 연구소 보유 기술을 적용하고자 하는 기업 - 유무인복합체계 관련 기술을 적용하고자 하는 기업 ☞ 국방기술이전 지원(지원기업별 40,000천원 이내) - 국방 관련 연구소의 기술을 경북소재 기업에 이전"
PBLN_000000000118003,[경기] 용인시 2026년 다통해 서포터즈(시민 통번역 서포터즈) 지원사업 공고,경기도,50.0,support_amount,subtract,50.0,최대 50만원,support_amount,subtract,8, 기업당 지원금액 연간 최대 50만원*
PBLN_000000000118122,[울산] 2026년 이전ㆍ창업기업(기술강소기업) 특별보조금 지원사업 공고,울산광역시,20000.0,subsidy,subtract,20000.0,최대 2억원,subsidy,subtract,10, 기업당 최대 2억원(+고용보조금) 지원 사업신청 방법 방문 접수 - 접수처 : 울산 남구 중앙로 201
PBLN_000000000118679,[인천] 2026년 채용연계형 뿌리기업 근로환경 혁신 지원사업(환경개선) 모집 공고(지역산업맞춤형 일자리지원 사업),인천광역시,2100.0,support_amount,subtract,2100.0,"최대 2,100만원",support_amount,subtract,12," 이 후 신규 채용인력에 대한 지원금은 1명당 최대 700만원(기업당 최대3명, 2,100만원)까지 지원함. 2. 공고일 이후 신규 채용한 인원은 공고일로부터 협약 종료일까지"
PBLN_000000000118681,[경남] 진주시 2026년 산업재산권 권리화 지원 사업 공고,경상남도,100.0,support_amount,subtract,100.0,최대 100만원,support_amount,subtract,8," 개인발명가는 분야별 1건 이내 지원 - 특허 1,000천 원 이내"
PBLN_000000000118752,2026년 한국농수산식품유통공사(aT) 안전성 검사비 지원사업 공고,농림축산식품부,8000.0,support_amount,subtract,8000.0,"최대 8,000만원",support_amount,subtract,3, ☞ 농식품 수출업체 및 수출농가(법인) ☞ 잔류농약 및 식품위생 검사비 지원(업체당 연간 80백만원) - 지원품목 : 국내산 신선 농축산물
PBLN_000000000118806,[경남] 사천시ㆍ진주시 2026년 디지털전환(DX) 컨설팅 및 인력양성 지원 사업 수요기업 모집 공고,경상남도,500.0,support_amount,subtract,500.0,최대 500만원,support_amount,subtract,4," *신청 시) 기업당 최대 5,000천원 지원 "
PBLN_000000000119158,[전북] 2026년 초등학부모 10시 출근제 도입 중소기업 지원 사업 참여기업 모집 공고,전북특별자치도,120.0,support_amount,subtract,120.0,최대 120만원,support_amount,subtract,5, ☞ 10시 출근제(1시간 단축근로)를 도입하는 50인 미만 도내 중소 제조업체 ☞ 초등 1~6학년 자녀를 둔 초등학부모 직원 대상 10시 출근제(임금 삭감 없는 1시간 단축근로)를 도입하는 50인 미만 도내 중소 제조업체에 지원금 지원 - 근로자 1인당 최대 120만원
PBLN_000000000119321,[세종] 2026년 수출보증보험료 지원 사업 참가기업 모집 공고,세종특별자치시,200.0,support_amount,subtract,200.0,최대 200만원,support_amount,subtract,4,지원한도:업체당연간200만원 * 단체보험의경우
PBLN_000000000119515,2026년 M&A 활성화 지원사업 공고,중소벤처기업부,3000.0,support_amount,subtract,3000.0,"최대 3,000만원",support_amount,subtract,16,"세무에대한통합실사일경우기업당최대3,000만원한도내에서기업실사소요비용의50%를지원-법률"
PBLN_000000000119686,[경기] 2026년 베이비부머 라이트잡 모집 공고,경기도,40.0,support_amount,subtract,40.0,최대 40만원,support_amount,subtract,5, 근로자의 해당 월 급여가 지원금액인 40만 원 이하일 경우에만 일할 계산하여 지급합니다
PBLN_000000000119822,[경북] 구미시 2026년 시제품제작센터 수혜기업 모집 공고,경상북도,600.0,support_amount,subtract,600.0,최대 600만원,support_amount,subtract,4, 시제품 측정(300만원/연) 지원(기업당 최대 600만원/연) - 각종 가공기를 활용한 모형
PBLN_000000000119953,[부산] 제조산업 산업전환을 통한 혁신성장 지원 사업 참여 기업 모집 공고,부산광역시,4000.0,support_amount,subtract,4000.0,"최대 4,000만원",support_amount,subtract,18,지원 자격의 사업장 기준 참고) - 사업자등록증상 부산시에 소재한 5인 이상 중소ㆍ중견기업 - 공고일 이후(공고일 포함) 요건에 부합하는 근로자를 채용하였거나 채용 예정인 기업 ☞ 산업 전환 도입 후 신규 채용 시 1인당 1천만원 지원 (기업별 최대 4천만원) 사업신청 방법 이메일 접수 (car@bsef
PBLN_000000000120097,2026년 데이터 품질인증 지원사업 공고,과학기술정보통신부,1150.0,support_amount,subtract,1150.0,"최대 1,150만원",support_amount,subtract,43," 중소 및 초기 중견기업 17개社(기업당 최대 1,150만원 지원) ㅇ (사업기간) 협약일로부터 2026년 12월 말까지 ㅇ (신청"
PBLN_000000000120219,2026년 투자연계형 기술확보지원사업(기술검증지원) 참여기업 모집 공고,산업통상부,6000.0,subsidy,subtract,6000.0,"최대 6,000만원",subsidy,subtract,8, M&A 자문사 등 외부 자문기관 활용 등에 소요되는 전문가 활용비 최대 6천만원* 지원 * 기술확보 방식에 따라 정부지원금 차등 지원(M&A 6천만원
PBLN_000000000120375,2026년 중소기업 연구인력 현장맞춤형 양성지원사업 연구인력(R&D) 양성프로그램 참여기업 모집 공고,경기도,1000.0,support_amount,subtract,1000.0,"최대 1,000만원",support_amount,subtract,7," 이노비즈협회로 구성된 컨소시엄 ◦ (지원대상) - (구직자) 전공무관 학사/석사/박사 학위 취득(예정)자 중 미취업자 100명 - (기 업) 연구인력 채용수요를 보유한 중소기업 80개사 ◦ (지원내용) 단계별 연구자 양성을 통한 우수 연구자 양성 및 채용지원 - (1단계) 예비연구자(학/석/박사 학위예정자)에 대한 R&D 인턴십 매칭 (자체채용 가능) - (2단계) R&D인턴십 예비연구자(학/석/박사) 인턴지원 및 프로젝트 기획 - (3단계) 2단계 이수 연구자의 R&D프로젝트* 심의를 통해 4개월 수행을 지원하여 예비 연구자의 연구 역량 향상 * R&D프로젝트 소요경비 1,000만원 선지원 - (타사업연계) 3단계를 마친 기업 중 우수 기업(연구자)에 대해 중기부 연계 사업* 우선지원 대상자로 추천(최대 5~8개사) * “"
PBLN_000000000120385,[울산] 2026년 자동차 부품업종 근로자 지역정착 지원사업 참여기업 모집 공고(지역ㆍ산업맞춤형 일자리지원 사업(자율계정)),울산광역시,10000.0,subsidy,subtract,10000.0,최대 1억원,subsidy,subtract,24, □ 부정수급자에 대한 제재내용 ① 지급받은 지원금 반환(지원받으려는 지원금 부지급 포함) 및 5년 범위 내 지원금 지급 제한 ② 지원된 보조금의 5배 이내의 범위에서 제재부가금 ③ 10년 이하의 징역 또는 1억원 이하의 벌금 
PBLN_000000000120423,2026년 로봇 재제조산업 기업지원사업(기술 자문) 공고,산업통상부,300.0,support_amount,subtract,300.0,최대 300만원,support_amount,subtract,2, 지원 기간 및 지원 규모지원 기간지원 금액담당기관비 고상시 지원(최대 3개월) 1건 당최대 3백만원한국로봇사용자협회고등기술연구원경남테크노파크김해의생명 산업진흥원전문위원지원금 - 2 - Ⅱ 신청 기간 및 방법 등1
PBLN_000000000120509,[충남] 2026년 혁신기업 기술창업 활성화 지원사업 모집 공고,충청남도,1020.0,support_amount,subtract,1020.0,"최대 1,020만원",support_amount,subtract,6,"동일 기업당 총 지원 한도는 최대 1,020만원을 초과할 수 없음"
PBLN_000000000120822,[경북] 영천시 2026년 영천기업 연구시설장비 바우처 지원사업 수혜기업 모집 공고,경상북도,800.0,support_amount,subtract,800.0,최대 800만원,support_amount,subtract,9,신청서 접수 순서대로 기업 당 최대 8백만원(부가세 포함)을 지원하며
PBLN_000000000120964,[경북] 경주시 2026년 중소기업 화재보험료 지원사업 참여기업 모집 공고,경상북도,1000.0,support_amount,subtract,1000.0,"최대 1,000만원",support_amount,subtract,12,"000만원 미만1,000만원이상지원금액보험료의 90%보험료의 50%보험료의 40%보험료의 35%최대한도최대 100만원최대 200만원최대 300만원최대 400만원 "
PBLN_000000000121291,2026년 비즈니스지원단(현장클리닉) 사업 운영계획 공고,중소벤처기업부,35.0,subsidy,subtract,35.0,최대 35만원,subsidy,subtract,3, 자영업자 등 경영/기술상 애로가 있는 중소기업 관련자 □ 지원조건 ◦ (현장클리닉) 기업당 1일 35만원 (정부지원금 80% + 기업부담금 20%) * 기업당 3일 이내 (특정 분야의 경우
PBLN_000000000121311,[전남광주] 2026년 융ㆍ복합 가전산업 고용 안착 활성화 지원 사업 참여기업(참여자) 모집 공고,전남광주통합특별시,300.0,support_amount,subtract,300.0,최대 300만원,support_amount,subtract,12, 기업당 최대 5명) § (지원내용) 신규 채용 인건비(기업) 및 근속 축하금(근로자) 지급구분지원항목지원금액지급 시기 및 기준1인 채용당 최대 지원액채용 기업신규 채용인건비 지원월 50만원1~6개월 차 매월 지급(해당 근로자 고용 유지 시)300만 원신규 입사자근속 축하금100만원6개월 차에 일시 지급(6개월 근속 유지 달성 시)100만 원 § (지급방식) 수행기관-기업-근로자 간 3자 간 
PBLN_000000000121327,[경북] 상주시 2026년 일자리 공감페이 지원사업 참여기업 모집 공고,경상북도,1000.0,support_amount,subtract,1000.0,"최대 1,000만원",support_amount,subtract,1, ☞ 상주시 소재 사업장을 가동 중인 상시근로자 5인 이상 기업 ☞ 일자리 창출 우수기업 인센티브(기업당 최대 10백만원 이내) 지원 
PBLN_000000000121417,[대구] 2026년 디지털전환 현장캠퍼스 지원대상 기업 모집 공고,대구광역시,2000.0,support_amount,subtract,2000.0,"최대 2,000만원",support_amount,subtract,12," 지원내용 ▢ 지원 한도(2,000만원) 내에서 기업의 필요에 따라 필요한 항목만 선택하여 금액을 자유롭게 편성(특정 항목 제외 또는 단일 항목 100% 구성 가능) 후 신청 - 평"
PBLN_000000000121424,[경북] 고령군 2026년 지역발전 우수기업 환경개선 사업 참가기업 모집 공고,경상북도,1000.0,support_amount,subtract,1000.0,"최대 1,000만원",support_amount,subtract,9," 자세한 지원대상 공고문 참조 ☞ 작업환경 및 복지 공간 등 근로자의 근로 환경 개선 비용 기업당 최대 1,000만원 지원 사업신청 방법 이메일 접수(jin940123@gepa"
PBLN_000000000121442,[인천] 2026년 소규모 제조업 중대재해 예방 안전조치 지원사업 참여기업 모집 공고,인천광역시,250.0,support_amount,subtract,250.0,최대 250만원,support_amount,subtract,9, 방호ㆍ보호 장치 구입비용 기업당 최대 250만원 지원 - (검사비)「산업안전보건법 시행령」 제78조에 의한 안전검사대상 기계 등의 정기 안전검사ㆍ재검사(1회) 검사비용 - (방호장치)「산업안
PBLN_000000000121444,[경기] 군포시 2026년 품질경쟁력 강화 지원사업 참여기업 모집 공고,경기도,300.0,support_amount,subtract,300.0,최대 300만원,support_amount,subtract,13, 지식재산권 지원(업체당 최대 300만원) 
PBLN_000000000121591,[충남] 2026년 수소상용차 부품 성능 검증 기반 구축 사업 장비활용 지원 수혜기업 상시 모집 공고,충청남도,1000.0,support_amount,subtract,1000.0,"최대 1,000만원",support_amount,subtract,4," 10,000천원 이내 지원 10"
PBLN_000000000121664,2026년 IP투자연계 지식재산평가 지원사업 공고,지식재산처,1500.0,support_amount,subtract,1500.0,"최대 1,500만원",support_amount,subtract,19,"4) □ 지원 한도 ㅇ 기본 지원율(80%) : 지식재산평가 1건당 평가비용 이내에서 80% 지원 氠瑢 구 분 평가 비용 국고지원액 비 고 특허 가액형 1,500만원 (VAT 별도) 평가비용의 80% 이내 (지원한도 1"
PBLN_000000000121677,[충남] 2026년 대전상공회의소 ESG 경영 컨설팅 지원사업 참여기업 모집 공고,충청남도,300.0,support_amount,subtract,300.0,최대 300만원,support_amount,subtract,1, 비용 등 고려) □ 비 용 : 전액 지원(최대 300만원) 
PBLN_000000000122153,[서울] 외식업 경영혁신 컨설팅 지원사업 컨설팅 참여업소 모집 공고,서울특별시,60.0,support_amount,subtract,60.0,최대 60만원,support_amount,subtract,5, 법률 - 인센티브 : 서울배달+땡겨요 앱 내 사장님 지원금 최대 60만원 제공 - 우수사례 선정 시 홍보용 숏폼 제작 지원 사업신청 방법 온라인 접수 (구글 폼) 사업신청 사이트 온라인신청 바로가기 문의처 한국표준협
PBLN_000000000122174,2026년 인천 블록체인 바우처 지원사업 수요기업 모집 공고,인천광역시,500.0,support_amount,subtract,500.0,최대 500만원,support_amount,subtract,11, 공고일 기준 2개월 이내 예정기업(확약서) ☞ 블록체인 도입을 희망하는 수요기업을 대상으로 블록체인 기술기업의 솔루션 및 서비스 도입ㆍ활용에 소요되는 비용(최대 5백만원 이내) 지원 - 지원분야(기술 상품 분야) : DID(탈중앙화 신원증명)
PBLN_000000000122325,2026년 대전 도심 공실 활용 스마트팜 조성사업 운영사 모집 공고,대전광역시,200.0,support_amount,subtract,200.0,최대 200만원,support_amount,subtract,20, 월 2백만원 한도 내에서 지원 예정 氠瑢 
PBLN_000000000122433,[대구] 2026년 (Pre)스타기업 육성사업 개별지원 유형별 특성화지원 통합 공고,대구광역시,3000.0,support_amount,subtract,3000.0,"최대 3,000만원",support_amount,subtract,48, ISO37301 등지원금액◦ 기업당 최대 금액 : (스타) 30백만원 이내
PBLN_000000000122454,[경기] 포천시 2026년 현장기술돌봄이 지원사업 모집 공고,경기도,90.0,support_amount,subtract,90.0,최대 90만원,support_amount,subtract,14, ☞ 포천시 소재(본사/공장) 섬유관련 기업 ☞ 조직변환 지원 최대 90만원 이내(회당 최대 3회
PBLN_000000000122495,[경기] 2026년 GH 민간협력기술개발사업 과제 공모 공고,경기도,7000.0,support_amount,subtract,7000.0,"최대 7,000만원",support_amount,subtract,6,4 지원조건 (1) 공사는 민간협력기술개발사업 지원과제의 총 직접비의 70% (최대 7천만원
PBLN_000000000122563,[충남] 천안시 2026년 기술이전ㆍ가치평가 지원사업 참여기업 모집 공고,충청남도,900.0,support_amount,subtract,900.0,최대 900만원,support_amount,subtract,30, (기술가치평가) 기술가치평가 90% 지원 최대 900만원 지원 기술가치평가 비용 10% 및 부가가치세(VAT) 기업 부담 
PBLN_000000000122718,[충북] 2026년 유망기업 IP투자연계 지식재산평가 지원사업 모집 재공고,충청북도,1500.0,support_amount,subtract,1500.0,"최대 1,500만원",support_amount,subtract,12," 자세한 지원대상 공고문 참조 ☞ 발명진흥법 제28조에 따라 지정된 발명 등의 평가기관이 수행하는 지식재산가치평가에 소요되는 평가비용(기업당 최대 1,500만원 이내) 지원 - 지식재산평가 1건당 평가비용 이내에서 80% 지원 사업신청 방법 이메일 접수 (mjkwon@cbtp"
PBLN_000000000122724,[충북] 청주시 2026년 2차 공정혁신시뮬레이션센터 구축 및 운영사업 기술지원 수혜기업 모집 연장 공고,산업통상부,1600.0,support_amount,subtract,1600.0,"최대 1,600만원",support_amount,subtract,5," 설계 및 해석 기술 서비스 활용 비용지원 - 제품 모델링(설계) 및 해석 지원 - 공정 모델링(설계) 및 해석 지원 비용지원 최대 1,600만원 (기업당) 200만원 이상 23개社 내외 충북테크노파크"
PBLN_000000000122793,2026년 연구개발특구 딥테크 스타트업 챌린지 기업모집 공고,과학기술정보통신부,300000.0,support_amount,subtract,300000.0,최대 30억원,support_amount,subtract,15, (투자규모) 기업당 10억원 내외(총 30억원 내외) □ 후속 R&D 지원(과제별 6억원 내외) 
PBLN_000000000122893,2026년 세종테크밸리 첨단기업 유치 임차료 지원사업 희망기업(임차기업) 모집 수정 공고,세종특별자치시,2000.0,support_amount,subtract,2000.0,"최대 2,000만원",support_amount,subtract,14, 최종 선정 기업은 세종시 내 본사 또는 사업장(공장 및 연구소)에 대한 사업자등록 필수 ☞ 사무실 임차료(지원한도 최대 20백만원 이내(연간)
PBLN_000000000122906,[부산ㆍ울산ㆍ경남] 2026년 부ㆍ울ㆍ경 3T(Together Towards Tomorrow) 협력 파트너십 참여기업 모집 공고,고용노동부,6000.0,support_amount,subtract,6000.0,"최대 6,000만원",support_amount,subtract,18," 프로젝트 당 최대 6,000만원) ❍ 지원조건 : 협력 파트너십 체결 및 신규 채용 - 부산"
PBLN_000000000122930,[경남] 서부 2026년 3차 지식재산 긴급지원 사업 모집 공고,경상남도,900.0,subsidy,subtract,900.0,최대 900만원,subsidy,subtract,26," 해외출원비용 등을 지원 氠瑢 구분 세부 사업명 정부지원금 규모 분담금 특 허 특허맵(국내) 9,000천원 이내 40% (현금20%+현물20%) 단"
PBLN_000000000122976,2026년 2차 첨단제조로봇 실증사업 참여기업 모집 공고,산업통상부,50000.0,subsidy,subtract,54050.0,최대 5.4억원,subsidy,subtract,31,705억원세부주관기관 총정부출연금15% 이내합계5.405억원6
PBLN_000000000123023,[경남] 2026년 사이버 위기대응 모의훈련 및 보안점검 수요기업 모집 공고(지역 정보보호 지원센터),경상남도,1300.0,support_amount,subtract,1300.0,"최대 1,300만원",support_amount,subtract,3, 사후관리(기업당 13백만원) 지원 
PBLN_000000000123043,2026년 1인 중증장애인기업 업무지원인 서비스 지원사업 의사소통형ㆍ경영지도형 지원대상자 모집 공고,중소벤처기업부,300.0,support_amount,subtract,300.0,최대 300만원,support_amount,subtract,5, ☞ 아래 조건을 모두 충족하는 장애인 기업 - 장애정도가 심한 장애인(중증장애인) - 장애인기업 확인서가 발급되었으며 기한이 유효한 장애인기업 - 신청자(장애인 대표)가 대표자로 있는 모든 사업장에 상시 근로자가 없는 1인 장애인기업(신청일 제출 전일 기준) ☞ 의사소통형ㆍ경영지도형 직무 전문가 수행 비용(최대 300만원) 지원 - (의사소통형) 경영활동 및 직무 수행과 관련한 수어통역
PBLN_000000000123074,[경남] 2026년 산업안전 AI 스마트공장 구축 지원사업 공고,경상남도,20000.0,support_amount,subtract,20000.0,최대 2억원,support_amount,subtract,14, 양산(시군비 매칭이 된 지역만 가능) ◦ (지원 조건) - 지원기간 내 AI공장 구축이 가능한 기업은 도입 예정인 ’AI기능‘과 ’적용 공정‘을 선택하여(붙임1 참조) 최대 2억원 내에서 구축 지원 氠瑢 구축목표수준
PBLN_000000000123109,[전남광주] 장성군 2026년 2차 스마트기계전자산업 활성화 지원사업 참여기업 모집 공고(시군구연고산업육성사업),중소벤처기업부,4000.0,support_amount,subtract,4000.0,"최대 4,000만원",support_amount,subtract,17, 판로개척 등) - 기업당 최대 4천만원 이내(지원프로그램별 복수 지원 가능) - (혁신화&성장촉진) 신규사업 발굴 기획지원
PBLN_000000000123112,[전남광주] 화순군 2026년 2차 바이오산업 활성화 지원사업 참여기업 모집 공고(시군구연고산업육성사업),전남광주통합특별시,5000.0,support_amount,subtract,5000.0,"최대 5,000만원",support_amount,subtract,25, 외국인 인력채용 지원 - 기업당 최대 5천만원 이내(지원프로그램별 복수 지원 가능) 
PBLN_000000000123165,[울산] 데이터 파이프라인 구축 사업 수혜기업 추가 모집 공고(지역주도형 AI 대전환),중소벤처기업부,5000.0,support_amount,subtract,5000.0,"최대 5,000만원",support_amount,subtract,11, 설비 예지보전 등 AX전환 수요가 있는 기업 - 공급기업 : AI기술을 보유하여 기술실증이력이 있는 기업(울산 내외) ☞ 제조 AI 컴퓨팅센터 자원을 활용한 제조데이터 기반 현장 설비 데이터 파이프라인 구축 및 지능형 솔루션 도입(기업당 최대 50백만원) 지원 사업신청 방법 이메일 접수 (dgkim0097@utp
PBLN_000000000123173,[전남광주] 여수시 2026년 2차 지역산업위기대응 맞춤형 지원사업 공고,전남광주통합특별시,20000.0,support_amount,subtract,20000.0,최대 2억원,support_amount,subtract,18, 에너지 효율증대) 지원 - 패키지형 지원 프로그램 : 총 2억원 이내로 같은 주제ㆍ품목(연결성)으로 매뉴판 내 다수 프로그램 동시 지원(신청서
PBLN_000000000123174,[경기] 포천시 2026년 현장기술 돌봄이 지원사업 모집 수정 공고,경기도,90.0,support_amount,subtract,90.0,최대 90만원,support_amount,subtract,11, 최대 3회까지 지원(최대 90만원 이내) 비용 총계 필수제출서류 ① [서식2] 개인정보이용동의서(신청기업) ② 신청기업 사업자등록증 ③ 국세
PBLN_000000000123179,[경기] 2026년 2차 제조로봇 도입ㆍ실증 및 고도화지원 사업 공고(제조로봇 도입지원),경기도,12000.0,support_amount,subtract,12000.0,최대 1.2억원,support_amount,subtract,27, 제조로봇 고도화지원 - 제조로봇 도입ㆍ실증지원 : 기업당 최대 120백만원 - 제조로봇 고도화 지원 : 기업당 최대 35백만원 
PBLN_000000000123191,[경북] 안동시 2026년 3차 지식재산 긴급지원 사업 모집 공고,경상북도,900.0,subsidy,subtract,900.0,최대 900만원,subsidy,subtract,31," 해외출원비용 등을 지원 氠瑢 구분 세부 사업명 정부지원금 규모 분담금 특 허 특허기술홍보영상제작 9,000천원 이내 40% (현금20%+현물20%) 단"
PBLN_000000000123195,[경북] 의성군 2026년 3차 지식재산 긴급지원 사업 모집 공고,경상북도,900.0,subsidy,subtract,900.0,최대 900만원,subsidy,subtract,31," 해외출원비용 등을 지원 氠瑢 구분 세부 사업명 정부지원금 규모 분담금 특 허 특허기술홍보영상제작 9,000천원 이내 40% (현금20%+현물20%) 단"
PBLN_000000000123231,[충북] 2026년 산업 AI 도입·실증 지원사업 참여기업 모집 공고(산업 인공지능 전환 및 확산 기반조성 사업),산업통상부,5500.0,support_amount,subtract,5500.0,"최대 5,500만원",support_amount,subtract,5," 예측분석 등 AI 솔루션을 적용ㆍ최적화 할 수 있는 기업(지역제한 없음) ☞ 수요-공급기업 간 매칭을 통해 AI 솔루션 적용 가능 분야에 AI 솔루션을 도입ㆍ최적화할 수 있도록 실증 비용(과제당 55,000천원) 지원 사업신청 방법 온라인 접수 (충북과기원 과제관리시스템) 사업신청 사이트 온라인신청 바로가기 문의처 충북과학기술혁신원 AI융합혁신본부 정"
PBLN_000000000123257,[부산] 2027년 방산 중소기업 생산성향상 지원사업 공고,부산광역시,15000.0,support_amount,subtract,15000.0,최대 1.5억원,support_amount,subtract,13,"000천원 생산 최적화 및 생산설비 고도화 지원 3개사 내외 기업당 최대 150,000천원 "
PBLN_000000000123264,[경북] 2026년 모빌리티 산업 디지털 전환 고도화 지원사업 수혜기업 모집 공고,경상북도,2000.0,support_amount,subtract,2000.0,"최대 2,000만원",support_amount,subtract,1," ☞ 경상북도에 소재한 모빌리티 산업 전ㆍ후방 부품 제조 기업 ☞ 기업 당 최대 20,000천원 이내 지원"
PBLN_000000000123268,[충남] 천안시ㆍ아산시 2026년 디스플레이 특화단지 R&D 컨설팅 지원 수혜기업 모집 공고,충청남도,300.0,support_amount,subtract,300.0,최대 300만원,support_amount,subtract,2," R&D 연계 지원 기업당 3,000천원 이내 "
PBLN_000000000123291,[전북] 군산시 2026년 2차 AX얼라이언스 산ㆍ학ㆍ연 종합프로그램 지원 수혜기업 모집 공고(군산국가산업단지 스마트그린 AX실증산단 구축사업),산업통상부,2000.0,support_amount,subtract,2000.0,"최대 2,000만원",support_amount,subtract,2, 자세한 지원대상 공고문 참조 ☞ 컨소시엄 당 최대 20백만원 이내 지원 - (기술도입) AIㆍ빅데이터 기반 제조 공정 최적화 솔루션
PBLN_000000000123298,2026년 산업데이터 표준 기반 AI 솔루션 실증지원 사업수요기업 추가모집 공고(산업데이터 표준확산 기반구축 사업),경기도,5000.0,support_amount,subtract,5000.0,"최대 5,000만원",support_amount,subtract,3," 기업의 데이터 분석을 위한 지능형 솔루션의 효율적인 도입 기반을 마련하고 제조 공정상의 다양한 문제를 해결 지원(기업당 최대 5,000만원 이내) 사업신청 방법 이메일 접수 (dhl@gtp"
PBLN_000000000123338,2026년 IP투자연계 지식재산평가 지원사업 공고,지식재산처,1500.0,support_amount,subtract,1500.0,"최대 1,500만원",support_amount,subtract,11,"4)□지원 한도ㅇ 기본 지원율(80%):지식재산평가 1건당 평가비용 이내에서 80%지원구 분 평가 비용국고지원액비 고특허가액형1,500만원(VAT 별도)평가비용의 80% 이내(지원한도 1"
PBLN_000000000123358,[충북] 2026년 화장품산업 근로자 고용안정을 위한 복지 지원사업 참여기업 모집 공고(충청북도 고용유지 버팀이음 프로젝트 사업),충청북도,50.0,support_amount,subtract,50.0,최대 50만원,support_amount,subtract,12, ☞ 도내 소재 화장품 산업 중 고용보험법상 우선지원대상기업 ① 산업코드 : KSIC 2042 (확인방법 : 신청서 참조) ② 종업원수 : 공고일/신청일 기준 상시근로자 5인 이상 ③ (① 비해당) 화장품 관련 생산품 및 사업분야 : 참고자료 후첨 (증빙 필수) ☞ 재직근로자 1인당 복지포인트 최대 50만원 지원 사업신청 방법 이메일 접수 (meinu0@korcham
PBLN_000000000123375,[전남] 첨단로봇ㆍAI 활용 중소기업 제조혁신 사업 기업지원(기술개발) 모집 공고,전라남도,7000.0,support_amount,subtract,7000.0,"최대 7,000만원",support_amount,subtract,12, 설계 등 로봇 및 시스템 개발 지원 - 기업당 최대 70백만원 지원 사업신청 방법 온라인 접수(전남테크노파크 데이터플랫폼) 사업신청 사이트 온라인신청 바로가기 문의처 (사업 담당) 전남테크노파크 ICT로봇
PBLN_000000000123392,[부산] 2026년 2차 지산학 기술도입 지원사업 참여기업 모집 공고(지산학 연결중개 촉진 지원사업),부산광역시,1000.0,support_amount,subtract,1000.0,"최대 1,000만원",support_amount,subtract,4,"필수사항¡기술이전료 지원 : 도입 희망 기술의 이전 계약에 따른 비용의 50% 이내(최대 1,000만원) 지원-특허권의 양도(매매)"
PBLN_000000000123412,[경남] 2026년 수산부산물 재활용 규제자유특구 책임보험 지원기업 모집 공고,경상남도,2000.0,support_amount,subtract,2000.0,"최대 2,000만원",support_amount,subtract,2, 법적 보장한도를 포함한 책임보험 가입비용 지원 - 기업당 가입보험료의 80%(최대 20백만원) 이내 지원 사업신청 방법 온라인 접수 (경남테크노파크) 
PBLN_000000000123413,[경북] 2026년 3차 디지털전환 지원모델 확산사업 지역특화산업지원 참여기업 모집 재공고,경상북도,5000.0,support_amount,subtract,5000.0,"최대 5,000만원",support_amount,subtract,8, 제작하고자 하는 시제품의 도면 또는 이미지 첨부 氠瑢 작성요령 본 사업을 위한 소요경비를 지원금 50백만원 이내
PBLN_000000000123423,[경북] 안동시 2026년 장애인기업육성지원사업 기업(사업화) 지원 모집 공고,경상북도,500.0,support_amount,subtract,500.0,최대 500만원,support_amount,subtract,6, 홍보비 등 (최대 300만원) ④홍보동영상 : 기업 및 제품 홍보영상 제작 (최대 400만원) ⑤시제품 : 시제품 초기 단계 기술개발 비용 지원 (최대 500만원) * 1개 분야 선택하여 지원 가능
PBLN_000000000123434,[충북] 2026년 벤처 및 스타트업 기업 공동연구장비 활용 지원사업 참여기업 추가 공고,충청북도,1000.0,support_amount,subtract,1000.0,"최대 1,000만원",support_amount,subtract,6," 지원내용□ 지원금액 ❍ 지원금 : 기업별 최대 10,000천원 (부가가치세를 제외한 공급가액 지원) - 2개 기업 내외 선정 및 지원 "
PBLN_000000000123437,[전북] 2026년 인공지능 신뢰성 향상지원 및 확보지원 참여기업 모집 공고,전북특별자치도,500.0,support_amount,subtract,500.0,최대 500만원,support_amount,subtract,1, AI 관련 제품이 없어서 AI 활용 아이디어를 보유한 지역 기업도 신청 가능 ❍ 지원기업 혜택 - 기업 부담금 없음 (무상 지원) - 장비 무상 지원 (선정기업 20개사 대상 기업당 슈퍼컴퓨터 1대 지원) - 클라우드 서비스 무상 지원 (선정기업 20개사 대상 기업당 500만원 예정)3추진일정 및 평가기준 ❍ 추진일정(안)공고 및 접수→평가→선정 결과→사업수행→결과보고사업공고 및 접수평가위원회(발표 및 평가) 평가 결
PBLN_000000000123443,[충북] 2026년 2차 바이오 국제공동연구사업 지원과제 공고(양자간 국제공동연구사업),충청북도,6000.0,support_amount,subtract,6000.0,"최대 6,000만원",support_amount,subtract,4, 국내와 국외 상호간 1:1 매칭 사업 ☞ 연간 0.6억원 이내 (2개 과제) 지원 사업신청 방법 이메일 접수 (jspark@cbio
PBLN_000000000123469,[충남] 2026년 2차 지역 거점 정보보호 클러스터 구축 사업 정보보호 기업 성장(사업화) 지원사업 모집 재공고,충청남도,1000.0,support_amount,subtract,1000.0,"최대 1,000만원",support_amount,subtract,5," 인포테인먼트 등 다양한 기능을 수행하게 하는 부품산업군 - 특화산업 사업화(비R&D) 지원 : 5개사(1개사/10,000천원)* *공급사에 지급될 지원금 대비 10%인 부가가치세는 수혜기업이 부담함 2지원분야 및 지원대상 □ (지원분야) 사업화 지원(5건)구분①사업화"
PBLN_000000000123471,[충북] 2026년 예비수소전문기업 지원사업 수혜기업 추가 모집 공고,기후에너지환경부,5500.0,support_amount,subtract,5500.0,"최대 5,500만원",support_amount,subtract,16,"000 ~ 최대 55,000천원 지원 "
PBLN_000000000123477,[대구] 서대구산단 혁신지원센터 및 복합문화센터 운영 지원 입주기업 수요맞춤형 지원 참여기업 모집 공고,대구광역시,440.0,support_amount,subtract,500.0,최대 500만원,support_amount,subtract,10,) 내신청과제를종료했을경우지원금지급 ❍ 사후환급이가능한부가가치세는기업에서부담 ❍ 지원금(최대5백만원)을초과하는금액에대해서는기업에서부담 ❍ 기업별신청내용에따른지원분야및지원금규모는선정심사위원회결과에 따라조정가능 ❍ 인건비및간접성경비(비품구입비
PBLN_000000000123482,[경기] 2026년 기후테크 경진대회 참여기업 모집 공고(2027년 경기도 실증화 지원사업 연계),경기도,20000.0,support_amount,subtract,20000.0,최대 2억원,support_amount,subtract,3, ☞ 공고일 기준 경기도에 본사(또는 공장)가 소재한 중소ㆍ중견 기업으로서 기후테크 기술을 보유하고 있으며 실증 사례 추진이 필요한 기업 ☞ 실증비 지원 (기업당 최대 2억원)
PBLN_000000000123483,[부산] 2026년 2차 소규모사업장 작업환경개선 지원사업 모집 공고,부산광역시,175.0,support_amount,subtract,175.0,최대 175만원,support_amount,subtract,3, 업체별 최대 175만원(부가세 포함) (지원금액 외 업체부담 없음
PBLN_000000000123488,[경북] 구미시 2026년 푸드테크 상용화모델 개발 및 실증사업 수혜기업 모집 공고,경상북도,7500.0,support_amount,subtract,7500.0,"최대 7,500만원",support_amount,subtract,2,/ (참여기관) 구미 소재 외식 및 식품제조 업체 ☞ 컨소시엄 당 최대 75백만원 지원 - 외식 및 식품 제조기업 현장 애로사항을 해결할 수 있는 솔루션 기반 상용화 모델 개발 및 실증 - 푸드테크기업 기술선도형 또는 지역식
PBLN_000000000123489,[경북] 포항시 2026년 푸드테크 상용화모델 개발 및 실증사업 수혜기업 모집 공고,경상북도,7500.0,support_amount,subtract,7500.0,"최대 7,500만원",support_amount,subtract,2,/ (참여기관) 포항 소재 외식 및 식품제조 업체 ☞ 컨소시엄 당 최대 75백만원 지원 - 외식 및 식품 제조기업 현장 애로사항을 해결할 수 있는 솔루션 기반 상용화 모델 개발 및 실증 - 푸드테크기업 기술선도형 또는 지역식
PBLN_000000000123496,2026년 경북 뿌리산업 DX(디지털전환) 기술지원사업 수혜기업 모집 재공고(뿌리산업 제조공정혁신 지원을 위한 DX 기반구축),산업통상부,250.0,support_amount,subtract,250.0,최대 250만원,support_amount,subtract,5," 연구소) 또는 협약일 전까지 기업 이전 완료 기업으로써 전ㆍ후방 연관 제품(기술) 분야 신청 가능 ☞ 디지털전환 관련 결과물의 지식재산권 출원 지원(최대 2,500천원/건) 사업신청 방법 이메일 접수 (hjs0956@gbtp"
PBLN_000000000123507,2026년 2차 전북 기업성장 환류형 상생일자리 지원사업 참여기업 모집 공고(BIONE 고용혁신 프로젝트),전북특별자치도,5000.0,support_amount,subtract,5000.0,"최대 5,000만원",support_amount,subtract,14, 기업당 지원금은 기반지원 + 확장지원 인센티브를 포함하여 총 50백만원을 초과할 수 없으며 최종 지원금은 기업 선정 규모에 따라 예산 범위 내 조정될 수 있음 
PBLN_000000000123524,[경북] 경산시 2026년 푸드테크 상용화모델 개발 및 실증사업 수혜기업 모집 공고,경상북도,7500.0,support_amount,subtract,7500.0,"최대 7,500만원",support_amount,subtract,2,/ (참여기관) 경산 소재 외식 및 식품제조업체 ☞ 컨소시엄당 최대 75백만원 지원 - 외식 및 식품 제조기업 현장 애로사항을 해결할 수 있는 솔루션 기반 상용화 모델 개발 및 실증 지원 - 푸드테크기업 기술선도형 또는 
PBLN_000000000123527,[경북] 안동시 2026년 푸드테크 상용화모델 개발 및 실증사업 수혜기업 모집 공고,경상북도,7500.0,support_amount,subtract,7500.0,"최대 7,500만원",support_amount,subtract,2,/ (참여기관) 경산 소재 외식 및 식품제조업체 ☞ 컨소시엄당 최대 75백만원 지원 - 외식 및 식품 제조기업 현장 애로사항을 해결할 수 있는 솔루션 기반 상용화 모델 개발 및 실증 지원 - 푸드테크기업 기술선도형 또는 
PBLN_000000000123529,[부산] 2026년 리스크 대응 섬유패션 원부자재 공동 비축 시스템 구축사업 참여기업 모집공고,부산광역시,200.0,support_amount,subtract,200.0,최대 200만원,support_amount,subtract,3," 신발 등에 해당하는 기업 ☞ 업체당 최대 2,000천원 상당의 원부자재 지원 사업신청 방법 온라인 접수(리스크 대응 섬유패션 원부자재 공동 비축 시스템) 사업신청 사이트 온라인신청 바로가기 문의처 "
PBLN_000000000123534,[전북] 2026년 기후테크 특화 오픈이노베이션 컨소시엄 추가모집 공고(기후테크 창업기업 성장지원사업),전북특별자치도,3000.0,support_amount,subtract,3000.0,"최대 3,000만원",support_amount,subtract,4," ^3) ^4) (^5) (^6) ^7 양식 참가 신청서 『2026년 기후테크 창업기업 성장지원사업』 기후테크 특화 오픈이노베이션 컨소시엄 참가 신청서 과 제 명 지원분야 □ 클린테크 □ 카본테크 □ 에코테크 □ 푸드테크 □ 지오테크 앵커기업 기 업 명 대표자명 주 소 본사여부 □ 본사 □ 지사 □ 연구소 □ 공장 사업분야 창업기업 기 업 명 대표자명 설립일 업력(년) 주 소 본사여부 □ 본사 □ 지사 □ 연구소 □ 공장 사업분야 사 업 비 금 30,000,000원(금삼천만원 정) 30백만원 이내 앵커기업 실무책임자 성 명 전 화 부서/직위 휴대전화 창업기업 실무책임자 성 명 전 화 부서/직위 휴대전화 『"
PBLN_000000000123543,[경북] 포항시 2026년 경북형(포항) 스마트공장(기초단계) 구축지원사업 추가모집 공고,경상북도,6000.0,support_amount,subtract,6000.0,"최대 6,000만원",support_amount,subtract,3, 자세한 신청자격 공고문 참조 ☞ 소요 비용의 60% 지원(최대 60백만원/1개사 기준) - 정보통신기술(ICT)로 제품의 기획-설계-제조-판매 과정을통합하여 제조 공정을 최적화하는 스마트공장 구축지원 사업신청 방법 
PBLN_000000000123560,[경북] 안동시 2026년 중소기업 기술성장 디딤돌 사업 참여기업 추가모집 공고,경상북도,1000.0,support_amount,subtract,1000.0,"최대 1,000만원",support_amount,subtract,15,"대상자별지원금액:기업 당 최대 10,000천원 지원"
PBLN_000000000123575,인천 공공 실증 오픈이노베이션 참여기업 모집 공고,인천광역시,2700.0,support_amount,subtract,2700.0,"최대 2,700만원",support_amount,subtract,2,"(월) 까지□ 주요 지원사항구분 지원 세부사항사업화 지원금◦ 최종 선정된 기업 대상 지원(기업별 2,700만원 내외)◦ 운영기관 승인 후 기업 선지출"
PBLN_000000000123585,[경남] 밀양시 2026년 3차 미래차 산업전환 공정기술 고도화 수혜기업 모집 공고(미래차 산업 전환 공정기술 고도화 지원사업),경상남도,5000.0,support_amount,subtract,5000.0,"최대 5,000만원",support_amount,subtract,6, 공정고도화 패키지 지원 1건(최대 50백만원/건) 다
PBLN_000000000123603,[경북] 구미시 2026년 핵심부품ㆍ소재기술 개발사업 신규지원(단기상용화R&Dㆍ기술컨설팅) 대상과제 공고,경상북도,4000.0,support_amount,subtract,4000.0,"최대 4,000만원",support_amount,subtract,2, 자세한 지원대상 공고문 참조 ☞ (단기상용화) 과제별 최대 40백만원
PBLN_000000000123605,[경기] 2026년 AI기업 글로벌 공동연구ㆍ해외진출 지원 예비참여기업 공개모집 공고,경기도,1000.0,voucher,subtract,1000.0,"최대 1,000만원",voucher,subtract,8," 생태계 탐방 등 현지진출 프로그램 - 기업당 1,000만원限 환급형 바우처 "
PBLN_000000000123606,[전남광주] 2026년 3차 융ㆍ복합 가전산업 기업 브랜드 강화 지원 참여기업 모집 공고(지역주도형 일자리 지원사업),전남광주통합특별시,1000.0,support_amount,subtract,1000.0,"최대 1,000만원",support_amount,subtract,5, 상표) 출원 등 최대 10백만원 시장 지향형 제품 디자인 개발 지원 
PBLN_000000000123607,[경북] 김천시 2026년 4차 중소기업 기술성장 디딤돌 사업 참가기업 추가모집 공고,경상북도,700.0,support_amount,subtract,700.0,최대 700만원,support_amount,subtract,3,"지 원 금 액:기업당 최대 7,000천원 지원"
PBLN_000000000123610,[강원] 동해시 2026년 3차 수소 전문기업 육성지원 사업 공고,강원특별자치도,2200.0,support_amount,subtract,2000.0,"최대 2,000만원",support_amount,subtract,8," 자세한 지원대상 공고문 참조 ☞ 시제품 제작(기업당 최대 20,000천원) 지원 사업신청 방법 이메일 접수 (wishp3@gwtp"
PBLN_000000000123651,[부산] 2026년 수리조선산업 맞춤형 지원사업 추가모집 공고(스마트수리조선지원센터 관리운영 사업),부산광역시,300.0,support_amount,subtract,300.0,최대 300만원,support_amount,subtract,10,4(지원사업 기간 내) 신청금액 기업당 최대 3백만원 신청 가능 
PBLN_000000000123656,[충남] 2026년 2차 지역혁신클러스터육성(비R&D)사업 사업화 지원 수혜기업 모집 공고,충청남도,6000.0,support_amount,subtract,6000.0,"최대 6,000만원",support_amount,subtract,13," 자세한 지원대상 공고문 참조 ☞ 기업당 최대 6,000만원 이내 지원(프로그램 2개까지 지원 가능) - 특화산업(수소에너지) 분야 사업화 촉진 위한 시제품 제작"
PBLN_000000000123666,[경북] 2026년 3차 광역이음프로젝트 공동 R&Dㆍ일터 개선ㆍ재직자 훈련 참여기업 모집 통합 공고,경상북도,3000.0,support_amount,subtract,3000.0,"최대 3,000만원",support_amount,subtract,1," (전입 전) (전임 후) 사업 참여 신청 인원 명 [서식 8] ② 대경 이음 일터 개선 지원 제출서류 氠瑢 근 로 환 경 개 선 계 획 서 사 업 비 (단위 : 천원) 신청 프로그램명/세부 지원내용 신청 지원금 ex : 산업안전을 위한 노후 난간 개선 지원 ex : 30,000,000 원 수 행 기 간 202 "
PBLN_000000000123669,[대구] 2026년 R&D 과제 발굴 및 기획 지원 공고,대구광역시,1000.0,support_amount,subtract,1000.0,"최대 1,000만원",support_amount,subtract,14, 전문가 등 연계 지원② IP전략 수립최대 10백만원 이내③ 기술․시장동향조사최대 10백만원 이내기획지원④ R&D 과제기획 지원최대 8백만원 이내최대 3
PBLN_000000000123673,[대전] 2026년 2차 방산혁신클러스터 국방ㆍ드론분야 기술사업화 민-군 브릿지 코디네이터 지원기업 모집 공고,방위사업청,600.0,support_amount,subtract,600.0,최대 600만원,support_amount,subtract,5, ☞ 대전지역 내에 소재한 국방드론(안티드론 포함) 전후방 분야 중소기업(신규진입 희망기업 포함) ☞ 민-군 브릿지 코디네이터(기업당 최대 6백만원 내외) 지원 - 드론 분야 기술(소프트웨어
PBLN_000000000123677,[제주] 건강기능식품 양산화 지원 사업 수혜기업 모집 공고(기능성식품공장운영 및 제품생산활성화사업),제주특별자치도,900.0,support_amount,subtract,900.0,최대 900만원,support_amount,subtract,3," ☞ 제주지역 내 사업장을 소재한 식품기업 ☞ 양산화(기업별 9,000천원 이내) 지원 사업신청 방법 온라인 접수 (제주산업정보서비스) 사업신청 사이트 온라인신청 바로가기 문의처 제주테크노파크 청정바이오사업본부 식품사"
PBLN_000000000123679,[인천] 2026년 일하기 좋은 뿌리기업 선정 공고,인천광역시,100000.0,support_amount,subtract,100000.0,최대 10억원,support_amount,subtract,5, 관내 유관기관 배포 채 용 ▪ (오프라인) 관내 취업/채용박람회 참가 기회 우선 제공 인센티브 ▪ 인천 일자리창출 우수기업 선정 가점(5) ▪ 경영안정자금(이자 차액 보전) 지원한도 10억원
PBLN_000000000123682,2026년 ICT 중소기업 정보보호 지원 사업 수요기업 모집 공고,과학기술정보통신부,480.0,subsidy,subtract,480.0,최대 480만원,subsidy,subtract,46, 보안 패키지는 최대 정부지원금 한도 내 지원(IT 보안 패키지 480만원
PBLN_000000000123691,[제주] 2026년 지역소재 기반 미드폼 영상 콘텐츠 제작 지원 사업 모집 공고(제주콘텐츠코리아랩 운영사업),제주특별자치도,18000.0,support_amount,subtract,18000.0,최대 1.8억원,support_amount,subtract,14," 총 180,000천원 이내 차등 지원 - 미드폼 1편당 5"
PBLN_000000000123698,[대구] 2026년 노사상생 우수기업 발굴 및 지원 공고,대구광역시,500.0,support_amount,subtract,500.0,최대 500만원,support_amount,subtract,3, ☞ 대구시 소재 100인 미만 사업장(사업자등록증 기준) ☞ 기업 노사 화합 프로그램 비용 일부 지원 (기업 당 최대 500만원) 사업신청 방법 이메일 접수 (dglabors@dglabors
PBLN_000000000123703,[부산] 2026년 3차 대외협력R&D기획지원사업 신규과제 공고,부산광역시,2700.0,support_amount,subtract,3000.0,"최대 3,000만원",support_amount,subtract,21,"000천원~30,000천원 이내 - 목표사업 및 평가결과에 따라 차등 지원 * 기획보고서 작성에 필요한 수요조사"
PBLN_000000000123715,순환경제 DNA 선도기업ㆍ산업단지 2차 모집 공고,기후에너지환경부,10000.0,support_amount,subtract,10000.0,최대 1억원,support_amount,subtract,6, 자세한 지원대상 공고문 참조 ☞ 「순환경제 세부 경영전략(‘26~’30)」수립(‘26년 기업당 약 1억원 상당의 계획수립 용역지원)
PBLN_000000000123732,[충북] 2026년 2차 시군 경쟁력강화산업 육성사업(R&D) 모집 수정 공고,충청북도,7500.0,support_amount,subtract,7500.0,"최대 7,500만원",support_amount,subtract,12, 협약에 따라 조정될 수 있음 ㅇ 지원금액 : 과제별 최대 75백만원 
PBLN_000000000123733,[경기] 화성시 2026년 하반기 그린안전리모델링 지원사업 참여기업 모집 공고,경기도,500.0,support_amount,subtract,500.0,최대 500만원,support_amount,subtract,26,외벽 도색 작업 시 기업당 최대 500만원 이내 지원 - 예) 내
PBLN_000000000123740,[대구] 2026년 대경이음 상생 R&D 지원 수혜기업 모집 공고(지역산업맞춤형 일자리지원사업 대경권 광역이음프로젝트),고용노동부,4500.0,support_amount,subtract,4500.0,"최대 4,500만원",support_amount,subtract,2,"재직자교육이수필수 컨소시엄당45,000천원6개컨소시엄지원금액의10% "
PBLN_000000000123750,[경북] 경산시 2026년 산업 AX 미니프로젝트 지원 사업 참여기업 모집 공고(산업 인공지능(AI) 전환 및 확산기반조성),경상북도,2000.0,support_amount,subtract,2000.0,"최대 2,000만원",support_amount,subtract,5, 실시간 데이터 분석 등을 지원하는 현장 중심의 AI Agent PoC를 중점 지원3개사 이내지원프로그램별최대 2천만원③ 제조설비 DX Retrofit PoCŸ제조설비의 신예화 및 지능화 기반 조성을 위해 기존 제조설비에 최신 DX 기술(센서
SMARTFACTORY:2025-N-0194:1,2026년 스마트제조혁신 지원사업 통합공고,스마트공장 사업관리시스템,50000.0,subsidy,subtract,50000.0,최대 5억원,subsidy,subtract,108, 지역특화 프로젝트 참여기업으로 선정된 기업□지원내용및조건◦지원내용-정보통신기술(ICT)로제품의기획-설계-제조-판매과정을통합하여제조공정을최적화하는스마트공장구축지원-제품설계‧ 생산공정개선등을위한스마트공장솔루션구축및솔루션과연동되는자동화장비‧ 제어기‧ 센서등구축지원◦지원과제:50개내외◦지원조건:과제별수준향상정도에따라정부지원금차등지급지원유형지원 기간지원 한도지원 비율구축목표 수준고도화최대 9개월최대 5억원(아래 표 참조)50% 이내중간1 이상목표설정필수 현재수준목표수준최대 지원한도미적용è중간1 3억원중간2 5억원기초è중간1 2억원중간2 4억원중간
SMARTFACTORY:2025-N-0197:1,2026년도 정부형 스마트공장 구축사업 공고(고도화),스마트공장 사업관리시스템,20000.0,support_amount,subtract,20000.0,최대 2억원,support_amount,subtract,49, (동일수준) 최대 6개월최대 9개월지원한도(고도화) 최대 2억원
SMARTFACTORY:2025-N-0198:1,2026년도 정부형 스마트공장 구축사업 공고(동일수준),스마트공장 사업관리시스템,20000.0,support_amount,subtract,20000.0,최대 2억원,support_amount,subtract,49, (동일수준) 최대 6개월최대 9개월지원한도(고도화) 최대 2억원
SMARTFACTORY:2026-N-0061:3,[2차]2026 대중소상생형(삼성) 스마트공장 구축(고도화),스마트공장 사업관리시스템,15000.0,support_amount,subtract,15000.0,최대 1.5억원,support_amount,subtract,7, 목표수준을 초과 달성했던 기업의 경우 1회 한해 목표수준에 맞는 지원금(최대 1.5억원) 지원 ** 기초단계 : 스마트공장 1회 이상 지원기업은 지원 불가 - 지원금 한도 초과분은 도입기업 부담 - 스마트공장 수준은 KS X 90
SMARTFACTORY:2026-N-0061:4,"[2차]2026 대중소상생형(삼성) 스마트공장 구축(기초,동일수준)",스마트공장 사업관리시스템,15000.0,support_amount,subtract,15000.0,최대 1.5억원,support_amount,subtract,7, 목표수준을 초과 달성했던 기업의 경우 1회 한해 목표수준에 맞는 지원금(최대 1.5억원) 지원 ** 기초단계 : 스마트공장 1회 이상 지원기업은 지원 불가 - 지원금 한도 초과분은 도입기업 부담 - 스마트공장 수준은 KS X 90
SMARTFACTORY:2026-N-0100:1,"2026년도 경북 지역특화형(고도화) 스마트공장 구축사업 공고(방산, 모빌리티)",스마트공장 사업관리시스템,20000.0,support_amount,subtract,20000.0,최대 2억원,support_amount,subtract,32," 회 ( 1 회차 고도화 → 2 회차 동일수준 ) 까지 지원 하되 , 회당 최대 2 억원 한도 , 지원비율 50% 이내에서 지원 가능 지원유형 지원기간 정부 지원한도 지"
SMARTFACTORY:2026-N-0107:1,2026년 경남 산업안전AI 스마트공장 구축 지원사업 공고,스마트공장 사업관리시스템,28000.0,support_amount,subtract,28000.0,최대 2.8억원,support_amount,subtract,14, 양산(시군비 매칭이 된 지역만 가능) ◦ (지원 조건) - 지원기간 내 AI공장 구축이 가능한 기업은 도입 예정인 ’AI기능‘과 ’적용 공정‘을 선택하여(붙임1 참조) 최대 2.8억원 내에서 구축 지원 氠瑢 구축목표수준
SMARTFACTORY:2026-N-0109:1,2026년 대구지역 스마트공장 구축(기초단계)지원 사업,스마트공장 사업관리시스템,4700.0,support_amount,subtract,4700.0,"최대 4,700만원",support_amount,subtract,5, RFID 등) 인프라 구축 지원 (지원대상) 대구광역시 소재 중소기업 중 스마트공장 미적용 기업 (지원과제) 11개사 내외 (지원 조건) 기업당 최대 47백만원 지원
TECHNOPARK:1382,2026년 인천광역시 우수디자인 시제품개발지원사업 모집 공고[~7/7],인천테크노파크,2500.0,support_amount,subtract,2500.0,"최대 2,500만원",support_amount,subtract,2," Perspective view) ■ 지원분야 및 금액 ( 양산금형 및 워킹목업 중 택 1) 개발분야 지원내용 지원금액 지원한도 양산금형 금형설계 및 금형제작 2,500 만원 지역 제작기업 매칭 : 최대 80% 타지역 제작기업 매칭 : 최대 70% 워킹목업 기구설계 및 구동 가능한 워킹목업 (Mock-up) 제작 8"
TECHNOPARK:1743,「2026년 충청권 미래차 전환 혁신지원사업」 기업지원 프로그램(비R&D) 모집공고(2차),충남테크노파크,2000.0,support_amount,subtract,2000.0,"최대 2,000만원",support_amount,subtract,20," 기업 당 최대 20,000천원까지 지원 (기업부담금 : 지원금액의 10%"
TECHNOPARK:268,「2026년 수소상용차 부품 성능 검증 기반 구축」사업 장비활용 지원 수혜기업 모집,충남테크노파크,1000.0,support_amount,subtract,1000.0,"최대 1,000만원",support_amount,subtract,3," 10,000천원 이내 지원 10"
TECHNOPARK:271,CES 2027 충남관 참가기업 모집 공고,충남테크노파크,2650.0,support_amount,subtract,2650.0,"최대 2,650만원",support_amount,subtract,3," 최대 26,500천원 이내(부가세 미지원) "
TECHNOPARK:579,「플렉서블·스트레처블 산업 창출을 위한 부착형 디스플레이 기술 기반구축」 2026년도 기업지원 수혜기업 모집 재공고,충남테크노파크,2630.0,support_amount,subtract,2630.0,"최대 2,630만원",support_amount,subtract,2,"최대지원금 규모는 26,300천원 이내임③ 지원방식 :직접지원*형태임 *수행기관이 필요자원(모듈"
TECHNOPARK:654,아산시 CES 2027 기업지원 사업 참가기업 모집 공고,충남테크노파크,2700.0,support_amount,subtract,2700.0,"최대 2,700만원",support_amount,subtract,3," 최대 27,000천원 이내(부가세 미지원) "
TECHNOPARK:818,「2026년 지역 거점 정보보호 클러스터 구축 사업」정보보호 성장지원 과제 모집공고(재공고),충남테크노파크,1000.0,support_amount,subtract,1000.0,"최대 1,000만원",support_amount,subtract,5," 인포테인먼트 등 다양한 기능을 수행하게 하는 부품산업군 - 특화산업 사업화(비R&D) 지원 : 5개사(1개사/10,000천원)* *공급사에 지급될 지원금 대비 10%인 부가가치세는 수혜기업이 부담함 2지원분야 및 지원대상 □ (지원분야) 사업화 지원(5건)구분①사업화"
TECHNOPARK:976,「플렉서블·스트레처블 산업 창출을 위한 부착형 디스플레이 기술 기반구축」 2026년도 기업지원 수혜기업 모집 재공고,충남테크노파크,200.0,support_amount,subtract,200.0,최대 200만원,support_amount,subtract,2,"최대지원금 규모는 2,000천원 이내임③ 지원방식 :직접지원*형태임 *수행기관이 필요자원(모듈"
TECHNOPARK:988,2026년 충청권 에너지기술공유대학 산학공동 에너지프로젝트 지원사업 2차 공고,충남테크노파크,1500.0,support_amount,subtract,1500.0,"최대 1,500만원",support_amount,subtract,5, 기업당 최대 15백만원 이내 지원 ◦ 사업기간 : 2026
