policy_id,title,organization,stage2_category,stage2_category_ko,stage2_reason,old_amount_manwon,candidate_count,selected_amount_manwon,selected_amount_type,selected_context,direct_candidate_summary,manual_review_decision,manual_selected_amount_manwon,manual_evidence,manual_note,url
ENERGYAGENCY:24575,(수정)2026년도 산업진단 개선이행 지원사업 2차 공고,한국에너지공단,auto_adopt_clear_limit,자동 채택 가능: 기업/과제/건당 한도 명확,기업당/과제당/업체당/건당 한도 문맥이 명확,,1,1.0,support_amount,/ 약 69개 사업장 ㅇ 지원한도 : 사업장 당 최대 1.000만원(투자비용의 70% 또는 50%) - 타 유사사업과의 지원금 중복지원 불가능 ㅇ 신청방법 - (사업신청) 전자메일 신청(메일주소 : conan0,1.0만원/support_amount: / 약 69개 사업장 ㅇ 지원한도 : 사업장 당 최대 1.000만원(투자비용의 70% 또는 50%) - 타 유사사업과의 지원금 중복지원 불가능 ㅇ 신청방법 - (사업신청) 전자메일 신청(메일주소 : conan0,,,,,https://www.energy.or.kr/front/board/View2.do?boardMngNo=2&boardNo=24575
PBLN_000000000117992,2026년 나눔장비 이전지원사업 모집 공고,과학기술정보통신부,auto_adopt_clear_limit,자동 채택 가능: 기업/과제/건당 한도 명확,기업당/과제당/업체당/건당 한도 문맥이 명확,,1,3000.0,support_amount,여러 중소기업에 골고루 혜택을 제공하기 위해 1개 기업당 10개 이하 장비(취득금액 3천만원 이상)로 이전지원을 제한하는 ｢나눔장비 총량제｣ 실시 氠瑢 연구개발 또는 국산 장비개발 관련 중소기업 필수 서류 가,3000.0만원/support_amount: 여러 중소기업에 골고루 혜택을 제공하기 위해 1개 기업당 10개 이하 장비(취득금액 3천만원 이상)로 이전지원을 제한하는 ｢나눔장비 총량제｣ 실시 氠瑢 연구개발 또는 국산 장비개발 관련 중소기업 필수 서류 가,,,,,https://www.bizinfo.go.kr/sii/siia/selectSIIA200Detail.do?pblancId=PBLN_000000000117992
PBLN_000000000119010,[인천] 2026년 연구장비 공동활용 지원사업 모집 공고,인천광역시,auto_adopt_clear_limit,자동 채택 가능: 기업/과제/건당 한도 명확,기업당/과제당/업체당/건당 한도 문맥이 명확,,1,300.0,support_amount,13개社 이상 m 연구장비 사용료 기업당 300만원 이내 1회 지원,300.0만원/support_amount: 13개社 이상 m 연구장비 사용료 기업당 300만원 이내 1회 지원,,,,,https://www.bizinfo.go.kr/sii/siia/selectSIIA200Detail.do?pblancId=PBLN_000000000119010
PBLN_000000000119206,[충남] 아산시 2026년 해외마케팅 지원사업 참가기업 모집 공고,충청남도,auto_adopt_clear_limit,자동 채택 가능: 기업/과제/건당 한도 명확,다중 후보 중 기업/과제/건당 한도 후보가 1개로 명확,,3,400.0,support_amount,기업ㆍ제품 홍보영상 등 동영상 제작비 지원(기업당 400만원 한도) 사업신청 방법 이메일 접수 (lnk128@korea,400.0만원/support_amount: 기업ㆍ제품 홍보영상 등 동영상 제작비 지원(기업당 400만원 한도) 사업신청 방법 이메일 접수 (lnk128@korea || 10000.0만원/subsidy: 부정한 방법으로 지방보조금을 교부받은 지방보조사업자 등에 대한 벌칙 ­ 거짓 신청이나 그 밖의 부정한 방법으로 지방보조금을 교부받은 자와 그 사실을 알면서 지방보조금을 교부한 자는 10년 이하의 징역 또는 1억원 이하 벌금 부과 (법 제37조) ­ 법령 || 5000.0만원/subsidy: 지방보조금 교부결정 내용 등에 위반하여 다른 용도 사용한 경우 5년 이하의 징역 또는 5천만원 이하의 벌금 부과,,,,,https://www.bizinfo.go.kr/sii/siia/selectSIIA200Detail.do?pblancId=PBLN_000000000119206
PBLN_000000000119454,[경기] 평택시 2026년 국내외 지식재산 권리화 지원사업 모집 공고,경기도,auto_adopt_clear_limit,자동 채택 가능: 기업/과제/건당 한도 명확,다중 후보 중 기업/과제/건당 한도 후보가 1개로 명확,,1,150.0,support_amount,PCT 소요 비용 지원 분야지원내용규모지원한도비율지원내용국내 출원국내 특허20개사150만원/건80%° 변리사 수임료(VAT 제외) (출원료,150.0만원/support_amount: PCT 소요 비용 지원 분야지원내용규모지원한도비율지원내용국내 출원국내 특허20개사150만원/건80%° 변리사 수임료(VAT 제외) (출원료,,,,,https://www.bizinfo.go.kr/sii/siia/selectSIIA200Detail.do?pblancId=PBLN_000000000119454
PBLN_000000000121191,2026년 산업 분야 온실가스 국제감축사업 공고,산업통상부,auto_adopt_clear_limit,자동 채택 가능: 기업/과제/건당 한도 명확,기업당/과제당/업체당/건당 한도 문맥이 명확,,2,1000000.0,support_amount,100억원 이하) 총 2건 내외 타당성조사지원 설계,1000000.0만원/support_amount: 100억원 이하) - (타당성조사지원) 설계 || 1000000.0만원/support_amount: 100억원 이하) 총 2건 내외 타당성조사지원 설계,,,,,https://www.bizinfo.go.kr/sii/siia/selectSIIA200Detail.do?pblancId=PBLN_000000000121191
PBLN_000000000121785,[전남광주] 2026년 소규모 밀착 안전망 구축사업 참여기업 모집 공고(지역 중대재해 예방 사각지대 해소사업),전남광주통합특별시,auto_adopt_clear_limit,자동 채택 가능: 기업/과제/건당 한도 명확,기업당/과제당/업체당/건당 한도 문맥이 명확,,1,25.0,support_amount,방진마스크최대25만원4 추진절차  (제조업) 5~19인 제조 안전 길잡이 구축①공고및접수⇒②현장위험성평 가⇒③선정및지원품 목 확 정⇒④맞춤형지원및,25.0만원/support_amount: 방진마스크최대25만원4 추진절차  (제조업) 5~19인 제조 안전 길잡이 구축①공고및접수⇒②현장위험성평 가⇒③선정및지원품 목 확 정⇒④맞춤형지원및,,,,,https://www.bizinfo.go.kr/sii/siia/selectSIIA200Detail.do?pblancId=PBLN_000000000121785
PBLN_000000000121945,2026년 자이언트캐스팅(다이캐스팅) 부품 시험ㆍ평가ㆍ인증 및 기술지도 지원 시행 공고(자이언트캐스팅 공용센터 기반구축 사업),과학기술정보통신부,auto_adopt_clear_limit,자동 채택 가능: 기업/과제/건당 한도 명확,기업당/과제당/업체당/건당 한도 문맥이 명확,,2,200.0,subsidy,"000천원 한도 * 국비/지방비 지원 금액 변동에 따라 지원 금액 변동 가능성 있음 ② 기술지도 (*신청 필수) 지원기관지원건수지원금액한국기계연구원5건최대 2,000천원 (VAT포함) - 산업현장 맞춤형 애로기술을 해소하기 위한 전문가 발굴 및 매칭으로 신규 다이캐스팅 부품(기업)의 기술 다각화를 위한 기술지도","200.0만원/subsidy: 기타 소모성 부품류 2,000천원 한도 * 국비/지방비 지원 금액 변동에 따라 지원 금액 변동 가능성 있음 ② 기술지도 (*신청 필수) 지원기관지원건수지원금액한국기계연구원5건최 || 200.0만원/subsidy: 000천원 한도 * 국비/지방비 지원 금액 변동에 따라 지원 금액 변동 가능성 있음 ② 기술지도 (*신청 필수) 지원기관지원건수지원금액한국기계연구원5건최대 2,000천원 (VAT포함) - 산업현장 맞춤형 애로기술을 해소하기 위한 전문가 발굴 및 매칭으로 신규 다이캐스팅 부품(기업)의 기술 다각화를 위한 기술지도",,,,,https://www.bizinfo.go.kr/sii/siia/selectSIIA200Detail.do?pblancId=PBLN_000000000121945
PBLN_000000000123103,[전남광주] 로컬콘텐츠 기반 문화상품 개발 컨소시엄(공방&디자인기업) 모집 공고,전남광주통합특별시,auto_adopt_clear_limit,자동 채택 가능: 기업/과제/건당 한도 명확,기업당/과제당/업체당/건당 한도 문맥이 명확,,2,800.0,support_amount,지식재산권 출원 등 - (상품개발) 과제당 8000천원 - (마케팅) 제품촬영 및 상세페이지 제작 등 온라인 판로를 위한 마케팅 지원 사업신청 방법 이메일 접수(yujeong@gdc,10.0만원/support_amount: 지역 고유 웰니스 자원 등을 활용한 소비자가 10만원 이하의 문화상품 개발 및 마케팅 지원 - 상품기획(디자인개발) || 800.0만원/support_amount: 지식재산권 출원 등 - (상품개발) 과제당 8000천원 - (마케팅) 제품촬영 및 상세페이지 제작 등 온라인 판로를 위한 마케팅 지원 사업신청 방법 이메일 접수(yujeong@gdc,,,,,https://www.bizinfo.go.kr/sii/siia/selectSIIA200Detail.do?pblancId=PBLN_000000000123103
PBLN_000000000123192,[경북] 영주시 2026년 3차 지식재산 긴급지원 사업 모집 공고,경상북도,auto_adopt_clear_limit,자동 채택 가능: 기업/과제/건당 한도 명확,다중 후보 중 기업/과제/건당 한도 후보가 1개로 명확,,1,900.0,subsidy,"해외출원비용 등을 지원 氠瑢 구분 세부 사업명 정부지원금 규모 분담금 특 허 특허기술홍보영상제작 9,000천원 이내 40% (현금20%+현물20%) 단","900.0만원/subsidy: 해외출원비용 등을 지원 氠瑢 구분 세부 사업명 정부지원금 규모 분담금 특 허 특허기술홍보영상제작 9,000천원 이내 40% (현금20%+현물20%) 단",,,,,https://www.bizinfo.go.kr/sii/siia/selectSIIA200Detail.do?pblancId=PBLN_000000000123192
PBLN_000000000123205,[경기] 안양시 2026년 하반기 국내외 IP 출원 및 인증 지원사업 모집 공고,경기도,auto_adopt_clear_limit,자동 채택 가능: 기업/과제/건당 한도 명확,기업당/과제당/업체당/건당 한도 문맥이 명확,,1,2000000.0,support_amount,아래 요건을 모두 충족하는 기업 ① 소재지 : 안양시 소재 (본사 또는 공장) 중소ㆍ벤처기업 (사업자등록 기준) ② 매출액 : 재무제표 최근 3년 평균 매출액 200억 이하 (상장사ㆍ중견기업 제외) ☞ 국내외 IP 출원 소요비용의 80% 지원,2000000.0만원/support_amount: 아래 요건을 모두 충족하는 기업 ① 소재지 : 안양시 소재 (본사 또는 공장) 중소ㆍ벤처기업 (사업자등록 기준) ② 매출액 : 재무제표 최근 3년 평균 매출액 200억 이하 (상장사ㆍ중견기업 제외) ☞ 국내외 IP 출원 소요비용의 80% 지원,,,,,https://www.bizinfo.go.kr/sii/siia/selectSIIA200Detail.do?pblancId=PBLN_000000000123205
PBLN_000000000123284,2026년 고용노동부(안전보건공단) 연계 스마트 안전장비지원 품목 등록 시행계획 공고,과학기술정보통신부,auto_adopt_clear_limit,자동 채택 가능: 기업/과제/건당 한도 명확,기업당/과제당/업체당/건당 한도 문맥이 명확,,1,3000.0,support_amount,"중소기업기본법 상 소기업 규모 이하 사업장 노동시장 이중구조 개선을 위한 상생 협약을 체결한 협력업체로서 중소기업기본법 상 중소기업 규모 이하 사업장 사업개요1 지원대상2 지원품목5 지원금액 및 절차3 신청기간 및 방법4 지원금액 : 동일 사업주 또는 법인 당 최대 3,000만원까지(공단 판단금액의 최대 80%)","3000.0만원/support_amount: 중소기업기본법 상 소기업 규모 이하 사업장 노동시장 이중구조 개선을 위한 상생 협약을 체결한 협력업체로서 중소기업기본법 상 중소기업 규모 이하 사업장 사업개요1 지원대상2 지원품목5 지원금액 및 절차3 신청기간 및 방법4 지원금액 : 동일 사업주 또는 법인 당 최대 3,000만원까지(공단 판단금액의 최대 80%)",,,,,https://www.bizinfo.go.kr/sii/siia/selectSIIA200Detail.do?pblancId=PBLN_000000000123284
PBLN_000000000123381,[강원] 2026년 2차 지역주력산업육성(지역특화 프로젝트 레전드 50+) 지원모집 공고(강원 2.0 퀀텀점프),중소벤처기업부,auto_adopt_clear_limit,자동 채택 가능: 기업/과제/건당 한도 명확,다중 후보 중 기업/과제/건당 한도 후보가 1개로 명확,,1,2000.0,support_amount,"기업은 2개 프로그램 내에서 신청 가능(지원한도: 총20,000천원 이내) - 2 - ◦(신청자격)강원지역 지역특화 프로젝트에 선정된 참여기업 * 지역특화 프로젝트 레전드 50+2","2000.0만원/support_amount: 기업은 2개 프로그램 내에서 신청 가능(지원한도: 총20,000천원 이내) - 2 - ◦(신청자격)강원지역 지역특화 프로젝트에 선정된 참여기업 * 지역특화 프로젝트 레전드 50+2",,,,,https://www.bizinfo.go.kr/sii/siia/selectSIIA200Detail.do?pblancId=PBLN_000000000123381
PBLN_000000000123644,[전북] 2026년 3차 데이터 활용기업 맞춤형 지원사업 수요기업 모집 연장 공고,전북특별자치도,auto_adopt_clear_limit,자동 채택 가능: 기업/과제/건당 한도 명확,기업당/과제당/업체당/건당 한도 문맥이 명확,,2,600.0,support_amount,1인 창조기업 ☞ 데이터 활용이 필요한 도내 기업 대상 새로운 서비스ㆍ제품 개발을 위한 데이터 구매 비용 지원(기업당 6백만원 이내),600.0만원/support_amount: 1인 창조기업 ☞ 데이터 활용이 필요한 도내 기업 대상 새로운 서비스ㆍ제품 개발을 위한 데이터 구매 비용 지원(기업당 6백만원 이내) || 10000.0만원/subsidy: 부정한 방법으로 보조금을 지원 받은 경우 10년 이하의 징역 또는 1억원 이하의 벌금이 부과될 수 있음 ❍ 부정사용금액을 포함하여 별도 제재부가금이 부과될 수 있으며,,,,,https://www.bizinfo.go.kr/sii/siia/selectSIIA200Detail.do?pblancId=PBLN_000000000123644
TECHNOPARK:1500,"(2026-130호) 2026년도 지역주력산업육성(지역특화 프로젝트 레전드 50+) 지원모집 2차 공고 (강원 2.0, 퀀텀점프)",강원테크노파크,auto_adopt_clear_limit,자동 채택 가능: 기업/과제/건당 한도 명확,다중 후보 중 기업/과제/건당 한도 후보가 1개로 명확,,1,2000.0,support_amount,"기업은 2개 프로그램 내에서 신청 가능(지원한도: 총20,000천원 이내) ◦ (신청자격) 강원지역 지역특화 프로젝트에 선정된 참여기업 * 지역특화 프로젝트 󰡔레전드 50+󰡕 2","2000.0만원/support_amount: 기업은 2개 프로그램 내에서 신청 가능(지원한도: 총20,000천원 이내) ◦ (신청자격) 강원지역 지역특화 프로젝트에 선정된 참여기업 * 지역특화 프로젝트 󰡔레전드 50+󰡕 2",,,,,https://www.gwtp.or.kr/gwtp/bbsNew_view.php?bbs_data=aWR4PTMxNjgmc3RhcnRQYWdlPSZsaXN0Tm89JnRhYmxlPWNzX2Jic19kYXRhX25ldyZjb2RlPXN1YjAxYiZzZWFyY2hfaXRlbT0mc2VhcmNoX29yZGVyPSZ1cmw9c3ViMDFiJmtleXZhbHVlPXN1YjAxJmJic19tYWxuYW1lPQ==||
TECHNOPARK:1724,「2026년 예비수소전문기업지원사업」수소산업분야 기술사업화(비R&D) 수혜기업 모집공고,충남테크노파크,auto_adopt_clear_limit,자동 채택 가능: 기업/과제/건당 한도 명확,다중 후보 중 기업/과제/건당 한도 후보가 1개로 명확,,1,3500.0,support_amount,"kr 2 지원내용 m 지원분야 - 지원 프로그램 및 내용 구 분분 야내 용 지원금액비 고기 술사업화시제품제작개발이 완료된 기술의 시제품제작35,000천원/건최대67","3500.0만원/support_amount: kr 2 지원내용 m 지원분야 - 지원 프로그램 및 내용 구 분분 야내 용 지원금액비 고기 술사업화시제품제작개발이 완료된 기술의 시제품제작35,000천원/건최대67",,,,,https://www.ctp.or.kr/business/datadetail.do?seq=2709304
TECHNOPARK:957,(2026-119호) 2026년 강원지역연구장비 활용 수수료 지원사업 참여기업(1차) 모집 공고,강원테크노파크,auto_adopt_clear_limit,자동 채택 가능: 기업/과제/건당 한도 명확,기업당/과제당/업체당/건당 한도 문맥이 명확,,1,300.0,support_amount,"‘강원연구장비종합정보망(G-EQNET)’에 등록된 공용장비 사용 후 관련 비용을 해당 관리기관에 지급한 기업 또는 등록된 공용장비를 사용 예정인 기업  지원금액: 기업별 최대 3,000천원 이내(천원 단위 절사) - 발생비용의 90% 지원금 지급","300.0만원/support_amount: ‘강원연구장비종합정보망(G-EQNET)’에 등록된 공용장비 사용 후 관련 비용을 해당 관리기관에 지급한 기업 또는 등록된 공용장비를 사용 예정인 기업  지원금액: 기업별 최대 3,000천원 이내(천원 단위 절사) - 발생비용의 90% 지원금 지급",,,,,https://www.gwtp.or.kr/gwtp/bbsNew_view.php?bbs_data=aWR4PTMxMTQmc3RhcnRQYWdlPSZsaXN0Tm89JnRhYmxlPWNzX2Jic19kYXRhX25ldyZjb2RlPXN1YjAxYiZzZWFyY2hfaXRlbT0mc2VhcmNoX29yZGVyPSZ1cmw9c3ViMDFiJmtleXZhbHVlPXN1YjAxJmJic19tYWxuYW1lPQ==||
