policy_id,title,organization,source,reason,old_amount_manwon,old_amount_actual,old_amount_type,old_roi_apply_method,new_amount_manwon,new_amount_actual,new_amount_type,new_roi_apply_method,candidate_count,selected_context
ENERGYAGENCY:21809,2019년 에너지경영시스템 인프라 구축 지원사업 공고 안내,한국에너지공단,tier_a_safe,,15000.0,최대 1.5억원,subsidy,subtract,15000.0,최대 1.5억원,subsidy,subtract,2,최대 1.5 억원 이내 지원 * 참여기업의 반드시 자부담금은 현금으로 지급 ㅇ 신청절차 1) ( 사업신청 ) 국고보조금통합관리시스템 e 나라도움 (www
ENERGYAGENCY:21849,2019년 에너지경영시스템 인프라 구축 지원사업 공고 안내,한국에너지공단,tier_a_safe,,15000.0,최대 1.5억원,subsidy,subtract,15000.0,최대 1.5억원,subsidy,subtract,2,최대 1.5 억원 이내 지원 * 참여기업의 반드시 자부담금은 현금으로 지급 ㅇ 신청절차 1) ( 사업신청 ) 국고보조금통합관리시스템 e 나라도움 (www
PBLN_000000000115994,2026년 스마트 제조혁신 지원사업 통합 공고,중소벤처기업부,tier_a_safe,,50000.0,최대 5억원,subsidy,subtract,50000.0,최대 5억원,subsidy,subtract,42,지역특화 프로젝트 참여기업으로 선정된 기업□지원내용및조건◦지원내용-정보통신기술(ICT)로제품의기획-설계-제조-판매과정을통합하여제조공정을최적화하는스마트공장구축지원-제품설계‧ 생산공정개선등을위한스마트공장솔루션구축및솔루션과연동되는자동화장비‧ 제어기‧ 센서등구축지원◦지원과제:50개내외◦지원조건:과제별수준향상정도에따라정부지원금차등지급지원유형지원 기간지원 한도지원 비율구축목표 수준고도화최대 9개월최대 5억원(아래 표 참조)50% 이내중간1 이상목표설정필수 현재수준목표수준최대 지원한도미적용è중간1 3억원중간2 5억원기초è중간1 2억원중간2 4억원중간
PBLN_000000000116004,스마트 공장 수준 확인(2026년 스마트 제조혁신 지원사업 통합 공고),중소벤처기업부,tier_a_safe,,50000.0,최대 5억원,subsidy,subtract,50000.0,최대 5억원,subsidy,subtract,42,지역특화 프로젝트 참여기업으로 선정된 기업□지원내용및조건◦지원내용-정보통신기술(ICT)로제품의기획-설계-제조-판매과정을통합하여제조공정을최적화하는스마트공장구축지원-제품설계‧ 생산공정개선등을위한스마트공장솔루션구축및솔루션과연동되는자동화장비‧ 제어기‧ 센서등구축지원◦지원과제:50개내외◦지원조건:과제별수준향상정도에따라정부지원금차등지급지원유형지원 기간지원 한도지원 비율구축목표 수준고도화최대 9개월최대 5억원(아래 표 참조)50% 이내중간1 이상목표설정필수 현재수준목표수준최대 지원한도미적용è중간1 3억원중간2 5억원기초è중간1 2억원중간2 4억원중간
PBLN_000000000116008,제조 DX멘토단 활용지원(2026년 스마트 제조혁신 지원사업 통합 공고),중소벤처기업부,tier_a_safe,,50000.0,최대 5억원,subsidy,subtract,50000.0,최대 5억원,subsidy,subtract,42,지역특화 프로젝트 참여기업으로 선정된 기업□지원내용및조건◦지원내용-정보통신기술(ICT)로제품의기획-설계-제조-판매과정을통합하여제조공정을최적화하는스마트공장구축지원-제품설계‧ 생산공정개선등을위한스마트공장솔루션구축및솔루션과연동되는자동화장비‧ 제어기‧ 센서등구축지원◦지원과제:50개내외◦지원조건:과제별수준향상정도에따라정부지원금차등지급지원유형지원 기간지원 한도지원 비율구축목표 수준고도화최대 9개월최대 5억원(아래 표 참조)50% 이내중간1 이상목표설정필수 현재수준목표수준최대 지원한도미적용è중간1 3억원중간2 5억원기초è중간1 2억원중간2 4억원중간
PBLN_000000000117643,2026년 예산군 로케이션 인센티브 제작지원 사업 공고,충청남도,tier_a_safe,,6000.0,"최대 6,000만원",support_amount,subtract,6000.0,"최대 6,000만원",support_amount,subtract,3,"온라인 플랫폼 등 방영이 확정된 작품 ☞ 예산군 내 2지역 이상 촬영 시 예산군 내 소비금액의 50%환급 지원(최대 60,000,000원) 사업신청 방법 온라인 접수(충남콘텐츠진흥원) 사업신청 사이트 온라인신청 바로가기 문의처 충남콘텐츠진흥원 로케이션 인센티브 담당자 041-59"
PBLN_000000000117781,[경북] 국방기술 민간이전 사업 참여기업 모집 공고(경북ㆍ구미 방산혁신클러스터),경상북도,tier_a_safe,,4000.0,"최대 4,000만원",support_amount,subtract,4000.0,"최대 4,000만원",support_amount,subtract,4,"☞ 공고일 기준 경북지역 본사(또는 공장) 소재 중소ㆍ벤처기업 중 방위산업으로 진입을 희망하는 기업 또는 방위산업 영위기업 - 국방 관련 연구소 보유 기술을 적용하고자 하는 기업 - 유무인복합체계 관련 기술을 적용하고자 하는 기업 ☞ 국방기술이전 지원(지원기업별 40,000천원 이내) - 국방 관련 연구소의 기술을 경북소재 기업에 이전"
PBLN_000000000118003,[경기] 용인시 2026년 다통해 서포터즈(시민 통번역 서포터즈) 지원사업 공고,경기도,tier_a_safe,,50.0,최대 50만원,support_amount,subtract,50.0,최대 50만원,support_amount,subtract,8,기업당 지원금액 연간 최대 50만원*
PBLN_000000000118122,[울산] 2026년 이전ㆍ창업기업(기술강소기업) 특별보조금 지원사업 공고,울산광역시,tier_a_safe,,20000.0,최대 2억원,subsidy,subtract,20000.0,최대 2억원,subsidy,subtract,10,기업당 최대 2억원(+고용보조금) 지원 사업신청 방법 방문 접수 - 접수처 : 울산 남구 중앙로 201
PBLN_000000000118679,[인천] 2026년 채용연계형 뿌리기업 근로환경 혁신 지원사업(환경개선) 모집 공고(지역산업맞춤형 일자리지원 사업),인천광역시,tier_a_safe,,2100.0,"최대 2,100만원",support_amount,subtract,2100.0,"최대 2,100만원",support_amount,subtract,12,"이 후 신규 채용인력에 대한 지원금은 1명당 최대 700만원(기업당 최대3명, 2,100만원)까지 지원함. 2. 공고일 이후 신규 채용한 인원은 공고일로부터 협약 종료일까지"
PBLN_000000000118681,[경남] 진주시 2026년 산업재산권 권리화 지원 사업 공고,경상남도,tier_a_safe,,100.0,최대 100만원,support_amount,subtract,100.0,최대 100만원,support_amount,subtract,8,"개인발명가는 분야별 1건 이내 지원 - 특허 1,000천 원 이내"
PBLN_000000000118752,2026년 한국농수산식품유통공사(aT) 안전성 검사비 지원사업 공고,농림축산식품부,tier_a_safe,,8000.0,"최대 8,000만원",support_amount,subtract,8000.0,"최대 8,000만원",support_amount,subtract,3,☞ 농식품 수출업체 및 수출농가(법인) ☞ 잔류농약 및 식품위생 검사비 지원(업체당 연간 80백만원) - 지원품목 : 국내산 신선 농축산물
PBLN_000000000118806,[경남] 사천시ㆍ진주시 2026년 디지털전환(DX) 컨설팅 및 인력양성 지원 사업 수요기업 모집 공고,경상남도,tier_a_safe,,500.0,최대 500만원,support_amount,subtract,500.0,최대 500만원,support_amount,subtract,4,"*신청 시) 기업당 최대 5,000천원 지원"
PBLN_000000000119158,[전북] 2026년 초등학부모 10시 출근제 도입 중소기업 지원 사업 참여기업 모집 공고,전북특별자치도,tier_a_safe,,120.0,최대 120만원,support_amount,subtract,120.0,최대 120만원,support_amount,subtract,5,☞ 10시 출근제(1시간 단축근로)를 도입하는 50인 미만 도내 중소 제조업체 ☞ 초등 1~6학년 자녀를 둔 초등학부모 직원 대상 10시 출근제(임금 삭감 없는 1시간 단축근로)를 도입하는 50인 미만 도내 중소 제조업체에 지원금 지원 - 근로자 1인당 최대 120만원
PBLN_000000000119321,[세종] 2026년 수출보증보험료 지원 사업 참가기업 모집 공고,세종특별자치시,tier_a_safe,,200.0,최대 200만원,support_amount,subtract,200.0,최대 200만원,support_amount,subtract,4,지원한도:업체당연간200만원 * 단체보험의경우
PBLN_000000000119515,2026년 M&A 활성화 지원사업 공고,중소벤처기업부,tier_a_safe,,3000.0,"최대 3,000만원",support_amount,subtract,3000.0,"최대 3,000만원",support_amount,subtract,16,"세무에대한통합실사일경우기업당최대3,000만원한도내에서기업실사소요비용의50%를지원-법률"
PBLN_000000000119686,[경기] 2026년 베이비부머 라이트잡 모집 공고,경기도,tier_a_safe,,40.0,최대 40만원,support_amount,subtract,40.0,최대 40만원,support_amount,subtract,5,근로자의 해당 월 급여가 지원금액인 40만 원 이하일 경우에만 일할 계산하여 지급합니다
PBLN_000000000119693,[경기] 2026년 중소기업 R&D 기획ㆍ컨설팅 사업 모집 공고,경기도,tier_a_safe,,10000.0,최대 1억원,support_amount,subtract,10000.0,최대 1억원,support_amount,subtract,12,스마트공장 관련 분야 사업은 지급 불가 사업비지원금액(최대) 비고1억 초과400만원기업 자부담 10% 포함(100만원 지급 시 산융원 90만원
PBLN_000000000119822,[경북] 구미시 2026년 시제품제작센터 수혜기업 모집 공고,경상북도,tier_a_safe,,600.0,최대 600만원,support_amount,subtract,600.0,최대 600만원,support_amount,subtract,4,시제품 측정(300만원/연) 지원(기업당 최대 600만원/연) - 각종 가공기를 활용한 모형
PBLN_000000000119910,2026년 정보보호제품 신속확인 신규 제품 수수료  지원 사업 안내 공고,과학기술정보통신부,tier_a_safe,,1000.0,"최대 1,000만원",support_amount,subtract,1000.0,"최대 1,000만원",support_amount,subtract,4,(지원사항) 신속확인 보안점검 수수료의 최대 75%*(제품당 최대 10백만원) * 점검기관-신청기업 간 신속확인 관련 계약서에 명시된 보안점검 수수료를 기준으로 지원금액을 산정(부가가치세 제외)하며
PBLN_000000000119953,[부산] 제조산업 산업전환을 통한 혁신성장 지원 사업 참여 기업 모집 공고,부산광역시,tier_a_safe,,4000.0,"최대 4,000만원",support_amount,subtract,4000.0,"최대 4,000만원",support_amount,subtract,18,지원 자격의 사업장 기준 참고) - 사업자등록증상 부산시에 소재한 5인 이상 중소ㆍ중견기업 - 공고일 이후(공고일 포함) 요건에 부합하는 근로자를 채용하였거나 채용 예정인 기업 ☞ 산업 전환 도입 후 신규 채용 시 1인당 1천만원 지원 (기업별 최대 4천만원) 사업신청 방법 이메일 접수 (car@bsef
PBLN_000000000120097,2026년 데이터 품질인증 지원사업 공고,과학기술정보통신부,tier_a_safe,,1150.0,"최대 1,150만원",support_amount,subtract,1150.0,"최대 1,150만원",support_amount,subtract,43,"중소 및 초기 중견기업 17개社(기업당 최대 1,150만원 지원) ㅇ (사업기간) 협약일로부터 2026년 12월 말까지 ㅇ (신청"
PBLN_000000000120219,2026년 투자연계형 기술확보지원사업(기술검증지원) 참여기업 모집 공고,산업통상부,tier_a_safe,,6000.0,"최대 6,000만원",subsidy,subtract,6000.0,"최대 6,000만원",subsidy,subtract,8,M&A 자문사 등 외부 자문기관 활용 등에 소요되는 전문가 활용비 최대 6천만원* 지원 * 기술확보 방식에 따라 정부지원금 차등 지원(M&A 6천만원
PBLN_000000000120340,[경기] 2026년 섬유분야 유해물질 시험분석 및 인증지원 공고,경기도,tier_a_safe,,300.0,최대 300만원,support_amount,subtract,300.0,최대 300만원,support_amount,subtract,3,소기업 및 소상공인□ 지원기간 : 2026년 03월 23일 ~ 사업비 소진 시까지(12월 31일 사업종료) □ 지원한도 : 1기업 당 최대 3백만원 (
PBLN_000000000120375,2026년 중소기업 연구인력 현장맞춤형 양성지원사업 연구인력(R&D) 양성프로그램 참여기업 모집 공고,경기도,tier_a_safe,,1000.0,"최대 1,000만원",support_amount,subtract,1000.0,"최대 1,000만원",support_amount,subtract,7,"이노비즈협회로 구성된 컨소시엄 ◦ (지원대상) - (구직자) 전공무관 학사/석사/박사 학위 취득(예정)자 중 미취업자 100명 - (기 업) 연구인력 채용수요를 보유한 중소기업 80개사 ◦ (지원내용) 단계별 연구자 양성을 통한 우수 연구자 양성 및 채용지원 - (1단계) 예비연구자(학/석/박사 학위예정자)에 대한 R&D 인턴십 매칭 (자체채용 가능) - (2단계) R&D인턴십 예비연구자(학/석/박사) 인턴지원 및 프로젝트 기획 - (3단계) 2단계 이수 연구자의 R&D프로젝트* 심의를 통해 4개월 수행을 지원하여 예비 연구자의 연구 역량 향상 * R&D프로젝트 소요경비 1,000만원 선지원 - (타사업연계) 3단계를 마친 기업 중 우수 기업(연구자)에 대해 중기부 연계 사업* 우선지원 대상자로 추천(최대 5~8개사) * “"
PBLN_000000000120385,[울산] 2026년 자동차 부품업종 근로자 지역정착 지원사업 참여기업 모집 공고(지역ㆍ산업맞춤형 일자리지원 사업(자율계정)),울산광역시,tier_a_safe,,10000.0,최대 1억원,subsidy,subtract,10000.0,최대 1억원,subsidy,subtract,24,□ 부정수급자에 대한 제재내용 ① 지급받은 지원금 반환(지원받으려는 지원금 부지급 포함) 및 5년 범위 내 지원금 지급 제한 ② 지원된 보조금의 5배 이내의 범위에서 제재부가금 ③ 10년 이하의 징역 또는 1억원 이하의 벌금
PBLN_000000000120423,2026년 로봇 재제조산업 기업지원사업(기술 자문) 공고,산업통상부,tier_a_safe,,300.0,최대 300만원,support_amount,subtract,300.0,최대 300만원,support_amount,subtract,2,지원 기간 및 지원 규모지원 기간지원 금액담당기관비 고상시 지원(최대 3개월) 1건 당최대 3백만원한국로봇사용자협회고등기술연구원경남테크노파크김해의생명 산업진흥원전문위원지원금 - 2 - Ⅱ 신청 기간 및 방법 등1
PBLN_000000000120509,[충남] 2026년 혁신기업 기술창업 활성화 지원사업 모집 공고,충청남도,tier_a_safe,,1020.0,"최대 1,020만원",support_amount,subtract,1020.0,"최대 1,020만원",support_amount,subtract,6,"동일 기업당 총 지원 한도는 최대 1,020만원을 초과할 수 없음"
PBLN_000000000120822,[경북] 영천시 2026년 영천기업 연구시설장비 바우처 지원사업 수혜기업 모집 공고,경상북도,tier_a_safe,,800.0,최대 800만원,support_amount,subtract,800.0,최대 800만원,support_amount,subtract,9,신청서 접수 순서대로 기업 당 최대 8백만원(부가세 포함)을 지원하며
PBLN_000000000120964,[경북] 경주시 2026년 중소기업 화재보험료 지원사업 참여기업 모집 공고,경상북도,tier_a_safe,,1000.0,"최대 1,000만원",support_amount,subtract,1000.0,"최대 1,000만원",support_amount,subtract,12,"000만원 미만1,000만원이상지원금액보험료의 90%보험료의 50%보험료의 40%보험료의 35%최대한도최대 100만원최대 200만원최대 300만원최대 400만원"
PBLN_000000000121291,2026년 비즈니스지원단(현장클리닉) 사업 운영계획 공고,중소벤처기업부,tier_a_safe,,35.0,최대 35만원,subsidy,subtract,35.0,최대 35만원,subsidy,subtract,3,자영업자 등 경영/기술상 애로가 있는 중소기업 관련자 □ 지원조건 ◦ (현장클리닉) 기업당 1일 35만원 (정부지원금 80% + 기업부담금 20%) * 기업당 3일 이내 (특정 분야의 경우
PBLN_000000000121311,[전남광주] 2026년 융ㆍ복합 가전산업 고용 안착 활성화 지원 사업 참여기업(참여자) 모집 공고,전남광주통합특별시,tier_a_safe,,300.0,최대 300만원,support_amount,subtract,300.0,최대 300만원,support_amount,subtract,12,기업당 최대 5명) § (지원내용) 신규 채용 인건비(기업) 및 근속 축하금(근로자) 지급구분지원항목지원금액지급 시기 및 기준1인 채용당 최대 지원액채용 기업신규 채용인건비 지원월 50만원1~6개월 차 매월 지급(해당 근로자 고용 유지 시)300만 원신규 입사자근속 축하금100만원6개월 차에 일시 지급(6개월 근속 유지 달성 시)100만 원 § (지급방식) 수행기관-기업-근로자 간 3자 간
PBLN_000000000121327,[경북] 상주시 2026년 일자리 공감페이 지원사업 참여기업 모집 공고,경상북도,tier_a_safe,,1000.0,"최대 1,000만원",support_amount,subtract,1000.0,"최대 1,000만원",support_amount,subtract,1,☞ 상주시 소재 사업장을 가동 중인 상시근로자 5인 이상 기업 ☞ 일자리 창출 우수기업 인센티브(기업당 최대 10백만원 이내) 지원
PBLN_000000000121417,[대구] 2026년 디지털전환 현장캠퍼스 지원대상 기업 모집 공고,대구광역시,tier_a_safe,,2000.0,,support_amount,subtract,2000.0,"최대 2,000만원",support_amount,subtract,12,"지원내용 ▢ 지원 한도(2,000만원) 내에서 기업의 필요에 따라 필요한 항목만 선택하여 금액을 자유롭게 편성(특정 항목 제외 또는 단일 항목 100% 구성 가능) 후 신청 - 평"
PBLN_000000000121424,[경북] 고령군 2026년 지역발전 우수기업 환경개선 사업 참가기업 모집 공고,경상북도,tier_a_safe,,1000.0,"최대 1,000만원",support_amount,subtract,1000.0,"최대 1,000만원",support_amount,subtract,9,"자세한 지원대상 공고문 참조 ☞ 작업환경 및 복지 공간 등 근로자의 근로 환경 개선 비용 기업당 최대 1,000만원 지원 사업신청 방법 이메일 접수(jin940123@gepa"
PBLN_000000000121442,[인천] 2026년 소규모 제조업 중대재해 예방 안전조치 지원사업 참여기업 모집 공고,인천광역시,tier_a_safe,,250.0,최대 250만원,support_amount,subtract,250.0,최대 250만원,support_amount,subtract,9,방호ㆍ보호 장치 구입비용 기업당 최대 250만원 지원 - (검사비)「산업안전보건법 시행령」 제78조에 의한 안전검사대상 기계 등의 정기 안전검사ㆍ재검사(1회) 검사비용 - (방호장치)「산업안
PBLN_000000000121444,[경기] 군포시 2026년 품질경쟁력 강화 지원사업 참여기업 모집 공고,경기도,tier_a_safe,,300.0,최대 300만원,support_amount,subtract,300.0,최대 300만원,support_amount,subtract,13,지식재산권 지원(업체당 최대 300만원)
PBLN_000000000121591,[충남] 2026년 수소상용차 부품 성능 검증 기반 구축 사업 장비활용 지원 수혜기업 상시 모집 공고,충청남도,tier_a_safe,,1000.0,"최대 1,000만원",support_amount,subtract,1000.0,"최대 1,000만원",support_amount,subtract,4,"10,000천원 이내 지원 10"
PBLN_000000000121664,2026년 IP투자연계 지식재산평가 지원사업 공고,지식재산처,tier_a_safe,,1500.0,"최대 1,500만원",support_amount,subtract,1500.0,"최대 1,500만원",support_amount,subtract,19,"4) □ 지원 한도 ㅇ 기본 지원율(80%) : 지식재산평가 1건당 평가비용 이내에서 80% 지원 氠瑢 구 분 평가 비용 국고지원액 비 고 특허 가액형 1,500만원 (VAT 별도) 평가비용의 80% 이내 (지원한도 1"
PBLN_000000000121677,[충남] 2026년 대전상공회의소 ESG 경영 컨설팅 지원사업 참여기업 모집 공고,충청남도,tier_a_safe,,300.0,최대 300만원,support_amount,subtract,300.0,최대 300만원,support_amount,subtract,1,비용 등 고려) □ 비 용 : 전액 지원(최대 300만원)
PBLN_000000000122153,[서울] 외식업 경영혁신 컨설팅 지원사업 컨설팅 참여업소 모집 공고,서울특별시,tier_a_safe,,60.0,최대 60만원,support_amount,subtract,60.0,최대 60만원,support_amount,subtract,5,법률 - 인센티브 : 서울배달+땡겨요 앱 내 사장님 지원금 최대 60만원 제공 - 우수사례 선정 시 홍보용 숏폼 제작 지원 사업신청 방법 온라인 접수 (구글 폼) 사업신청 사이트 온라인신청 바로가기 문의처 한국표준협
PBLN_000000000122174,2026년 인천 블록체인 바우처 지원사업 수요기업 모집 공고,인천광역시,tier_a_safe,,500.0,최대 500만원,support_amount,subtract,500.0,최대 500만원,support_amount,subtract,11,공고일 기준 2개월 이내 예정기업(확약서) ☞ 블록체인 도입을 희망하는 수요기업을 대상으로 블록체인 기술기업의 솔루션 및 서비스 도입ㆍ활용에 소요되는 비용(최대 5백만원 이내) 지원 - 지원분야(기술 상품 분야) : DID(탈중앙화 신원증명)
PBLN_000000000122325,2026년 대전 도심 공실 활용 스마트팜 조성사업 운영사 모집 공고,대전광역시,tier_a_safe,,200.0,최대 200만원,support_amount,subtract,200.0,최대 200만원,support_amount,subtract,20,월 2백만원 한도 내에서 지원 예정 氠瑢
PBLN_000000000122433,[대구] 2026년 (Pre)스타기업 육성사업 개별지원 유형별 특성화지원 통합 공고,대구광역시,tier_a_safe,,3000.0,"최대 3,000만원",support_amount,subtract,3000.0,"최대 3,000만원",support_amount,subtract,48,ISO37301 등지원금액◦ 기업당 최대 금액 : (스타) 30백만원 이내
PBLN_000000000122454,[경기] 포천시 2026년 현장기술돌봄이 지원사업 모집 공고,경기도,tier_a_safe,,90.0,,support_amount,subtract,90.0,최대 90만원,support_amount,subtract,14,☞ 포천시 소재(본사/공장) 섬유관련 기업 ☞ 조직변환 지원 최대 90만원 이내(회당 최대 3회
PBLN_000000000122495,[경기] 2026년 GH 민간협력기술개발사업 과제 공모 공고,경기도,tier_a_safe,,7000.0,"최대 7,000만원",support_amount,subtract,7000.0,"최대 7,000만원",support_amount,subtract,6,4 지원조건 (1) 공사는 민간협력기술개발사업 지원과제의 총 직접비의 70% (최대 7천만원
PBLN_000000000122563,[충남] 천안시 2026년 기술이전ㆍ가치평가 지원사업 참여기업 모집 공고,충청남도,tier_a_safe,,900.0,,support_amount,subtract,900.0,최대 900만원,support_amount,subtract,30,(기술가치평가) 기술가치평가 90% 지원 최대 900만원 지원 기술가치평가 비용 10% 및 부가가치세(VAT) 기업 부담
PBLN_000000000122718,[충북] 2026년 유망기업 IP투자연계 지식재산평가 지원사업 모집 재공고,충청북도,tier_a_safe,,1500.0,"최대 1,500만원",support_amount,subtract,1500.0,"최대 1,500만원",support_amount,subtract,12,"자세한 지원대상 공고문 참조 ☞ 발명진흥법 제28조에 따라 지정된 발명 등의 평가기관이 수행하는 지식재산가치평가에 소요되는 평가비용(기업당 최대 1,500만원 이내) 지원 - 지식재산평가 1건당 평가비용 이내에서 80% 지원 사업신청 방법 이메일 접수 (mjkwon@cbtp"
PBLN_000000000122724,[충북] 청주시 2026년 2차 공정혁신시뮬레이션센터 구축 및 운영사업 기술지원 수혜기업 모집 연장 공고,산업통상부,tier_a_safe,,1600.0,"최대 1,600만원",support_amount,subtract,1600.0,"최대 1,600만원",support_amount,subtract,5,"설계 및 해석 기술 서비스 활용 비용지원 - 제품 모델링(설계) 및 해석 지원 - 공정 모델링(설계) 및 해석 지원 비용지원 최대 1,600만원 (기업당) 200만원 이상 23개社 내외 충북테크노파크"
PBLN_000000000122793,2026년 연구개발특구 딥테크 스타트업 챌린지 기업모집 공고,과학기술정보통신부,tier_a_safe,,300000.0,최대 30억원,support_amount,subtract,300000.0,최대 30억원,support_amount,subtract,15,(투자규모) 기업당 10억원 내외(총 30억원 내외) □ 후속 R&D 지원(과제별 6억원 내외)
PBLN_000000000122893,2026년 세종테크밸리 첨단기업 유치 임차료 지원사업 희망기업(임차기업) 모집 수정 공고,세종특별자치시,tier_a_safe,,2000.0,"최대 2,000만원",support_amount,subtract,2000.0,"최대 2,000만원",support_amount,subtract,14,최종 선정 기업은 세종시 내 본사 또는 사업장(공장 및 연구소)에 대한 사업자등록 필수 ☞ 사무실 임차료(지원한도 최대 20백만원 이내(연간)
PBLN_000000000122906,[부산ㆍ울산ㆍ경남] 2026년 부ㆍ울ㆍ경 3T(Together Towards Tomorrow) 협력 파트너십 참여기업 모집 공고,고용노동부,tier_a_safe,,6000.0,"최대 6,000만원",support_amount,subtract,6000.0,"최대 6,000만원",support_amount,subtract,18,"프로젝트 당 최대 6,000만원) ❍ 지원조건 : 협력 파트너십 체결 및 신규 채용 - 부산"
PBLN_000000000122930,[경남] 서부 2026년 3차 지식재산 긴급지원 사업 모집 공고,경상남도,tier_a_safe,,900.0,최대 900만원,subsidy,subtract,900.0,최대 900만원,subsidy,subtract,26,"해외출원비용 등을 지원 氠瑢 구분 세부 사업명 정부지원금 규모 분담금 특 허 특허맵(국내) 9,000천원 이내 40% (현금20%+현물20%) 단"
PBLN_000000000122976,2026년 2차 첨단제조로봇 실증사업 참여기업 모집 공고,산업통상부,tier_a_safe,,50000.0,최대 5억원,subsidy,subtract,54050.0,최대 5.4억원,subsidy,subtract,31,705억원세부주관기관 총정부출연금15% 이내합계5.405억원6
PBLN_000000000123023,[경남] 2026년 사이버 위기대응 모의훈련 및 보안점검 수요기업 모집 공고(지역 정보보호 지원센터),경상남도,tier_a_safe,,1300.0,"최대 1,300만원",support_amount,subtract,1300.0,"최대 1,300만원",support_amount,subtract,3,사후관리(기업당 13백만원) 지원
PBLN_000000000123043,2026년 1인 중증장애인기업 업무지원인 서비스 지원사업 의사소통형ㆍ경영지도형 지원대상자 모집 공고,중소벤처기업부,tier_a_safe,,300.0,최대 300만원,support_amount,subtract,300.0,최대 300만원,support_amount,subtract,5,☞ 아래 조건을 모두 충족하는 장애인 기업 - 장애정도가 심한 장애인(중증장애인) - 장애인기업 확인서가 발급되었으며 기한이 유효한 장애인기업 - 신청자(장애인 대표)가 대표자로 있는 모든 사업장에 상시 근로자가 없는 1인 장애인기업(신청일 제출 전일 기준) ☞ 의사소통형ㆍ경영지도형 직무 전문가 수행 비용(최대 300만원) 지원 - (의사소통형) 경영활동 및 직무 수행과 관련한 수어통역
PBLN_000000000123074,[경남] 2026년 산업안전 AI 스마트공장 구축 지원사업 공고,경상남도,tier_a_safe,,20000.0,최대 2억원,support_amount,subtract,20000.0,최대 2억원,support_amount,subtract,14,양산(시군비 매칭이 된 지역만 가능) ◦ (지원 조건) - 지원기간 내 AI공장 구축이 가능한 기업은 도입 예정인 ’AI기능‘과 ’적용 공정‘을 선택하여(붙임1 참조) 최대 2억원 내에서 구축 지원 氠瑢 구축목표수준
PBLN_000000000123109,[전남광주] 장성군 2026년 2차 스마트기계전자산업 활성화 지원사업 참여기업 모집 공고(시군구연고산업육성사업),중소벤처기업부,tier_a_safe,,4000.0,"최대 4,000만원",support_amount,subtract,4000.0,"최대 4,000만원",support_amount,subtract,17,판로개척 등) - 기업당 최대 4천만원 이내(지원프로그램별 복수 지원 가능) - (혁신화&성장촉진) 신규사업 발굴 기획지원
PBLN_000000000123112,[전남광주] 화순군 2026년 2차 바이오산업 활성화 지원사업 참여기업 모집 공고(시군구연고산업육성사업),전남광주통합특별시,tier_a_safe,,5000.0,"최대 5,000만원",support_amount,subtract,5000.0,"최대 5,000만원",support_amount,subtract,25,외국인 인력채용 지원 - 기업당 최대 5천만원 이내(지원프로그램별 복수 지원 가능)
PBLN_000000000123165,[울산] 데이터 파이프라인 구축 사업 수혜기업 추가 모집 공고(지역주도형 AI 대전환),중소벤처기업부,tier_a_safe,,5000.0,"최대 5,000만원",support_amount,subtract,5000.0,"최대 5,000만원",support_amount,subtract,11,설비 예지보전 등 AX전환 수요가 있는 기업 - 공급기업 : AI기술을 보유하여 기술실증이력이 있는 기업(울산 내외) ☞ 제조 AI 컴퓨팅센터 자원을 활용한 제조데이터 기반 현장 설비 데이터 파이프라인 구축 및 지능형 솔루션 도입(기업당 최대 50백만원) 지원 사업신청 방법 이메일 접수 (dgkim0097@utp
PBLN_000000000123173,[전남광주] 여수시 2026년 2차 지역산업위기대응 맞춤형 지원사업 공고,전남광주통합특별시,tier_a_safe,,20000.0,최대 2억원,support_amount,subtract,20000.0,최대 2억원,support_amount,subtract,18,에너지 효율증대) 지원 - 패키지형 지원 프로그램 : 총 2억원 이내로 같은 주제ㆍ품목(연결성)으로 매뉴판 내 다수 프로그램 동시 지원(신청서
PBLN_000000000123174,[경기] 포천시 2026년 현장기술 돌봄이 지원사업 모집 수정 공고,경기도,tier_a_safe,,90.0,최대 90만원,support_amount,subtract,90.0,최대 90만원,support_amount,subtract,11,최대 3회까지 지원(최대 90만원 이내) 비용 총계 필수제출서류 ① [서식2] 개인정보이용동의서(신청기업) ② 신청기업 사업자등록증 ③ 국세
PBLN_000000000123179,[경기] 2026년 2차 제조로봇 도입ㆍ실증 및 고도화지원 사업 공고(제조로봇 도입지원),경기도,tier_a_safe,,12000.0,최대 1.2억원,support_amount,subtract,12000.0,최대 1.2억원,support_amount,subtract,27,제조로봇 고도화지원 - 제조로봇 도입ㆍ실증지원 : 기업당 최대 120백만원 - 제조로봇 고도화 지원 : 기업당 최대 35백만원
PBLN_000000000123191,[경북] 안동시 2026년 3차 지식재산 긴급지원 사업 모집 공고,경상북도,tier_a_safe,,900.0,최대 900만원,subsidy,subtract,900.0,최대 900만원,subsidy,subtract,31,"해외출원비용 등을 지원 氠瑢 구분 세부 사업명 정부지원금 규모 분담금 특 허 특허기술홍보영상제작 9,000천원 이내 40% (현금20%+현물20%) 단"
PBLN_000000000123195,[경북] 의성군 2026년 3차 지식재산 긴급지원 사업 모집 공고,경상북도,tier_a_safe,,900.0,최대 900만원,subsidy,subtract,900.0,최대 900만원,subsidy,subtract,31,"해외출원비용 등을 지원 氠瑢 구분 세부 사업명 정부지원금 규모 분담금 특 허 특허기술홍보영상제작 9,000천원 이내 40% (현금20%+현물20%) 단"
PBLN_000000000123231,[충북] 2026년 산업 AI 도입·실증 지원사업 참여기업 모집 공고(산업 인공지능 전환 및 확산 기반조성 사업),산업통상부,tier_a_safe,,5500.0,"최대 5,500만원",support_amount,subtract,5500.0,"최대 5,500만원",support_amount,subtract,5,"예측분석 등 AI 솔루션을 적용ㆍ최적화 할 수 있는 기업(지역제한 없음) ☞ 수요-공급기업 간 매칭을 통해 AI 솔루션 적용 가능 분야에 AI 솔루션을 도입ㆍ최적화할 수 있도록 실증 비용(과제당 55,000천원) 지원 사업신청 방법 온라인 접수 (충북과기원 과제관리시스템) 사업신청 사이트 온라인신청 바로가기 문의처 충북과학기술혁신원 AI융합혁신본부 정"
PBLN_000000000123257,[부산] 2027년 방산 중소기업 생산성향상 지원사업 공고,부산광역시,tier_a_safe,,15000.0,최대 1.5억원,support_amount,subtract,15000.0,최대 1.5억원,support_amount,subtract,13,"000천원 생산 최적화 및 생산설비 고도화 지원 3개사 내외 기업당 최대 150,000천원"
PBLN_000000000123264,[경북] 2026년 모빌리티 산업 디지털 전환 고도화 지원사업 수혜기업 모집 공고,경상북도,tier_a_safe,,2000.0,"최대 2,000만원",support_amount,subtract,2000.0,"최대 2,000만원",support_amount,subtract,1,"☞ 경상북도에 소재한 모빌리티 산업 전ㆍ후방 부품 제조 기업 ☞ 기업 당 최대 20,000천원 이내 지원"
PBLN_000000000123268,[충남] 천안시ㆍ아산시 2026년 디스플레이 특화단지 R&D 컨설팅 지원 수혜기업 모집 공고,충청남도,tier_a_safe,,300.0,최대 300만원,support_amount,subtract,300.0,최대 300만원,support_amount,subtract,2,"R&D 연계 지원 기업당 3,000천원 이내"
PBLN_000000000123291,[전북] 군산시 2026년 2차 AX얼라이언스 산ㆍ학ㆍ연 종합프로그램 지원 수혜기업 모집 공고(군산국가산업단지 스마트그린 AX실증산단 구축사업),산업통상부,tier_a_safe,,2000.0,"최대 2,000만원",support_amount,subtract,2000.0,"최대 2,000만원",support_amount,subtract,2,자세한 지원대상 공고문 참조 ☞ 컨소시엄 당 최대 20백만원 이내 지원 - (기술도입) AIㆍ빅데이터 기반 제조 공정 최적화 솔루션
PBLN_000000000123298,2026년 산업데이터 표준 기반 AI 솔루션 실증지원 사업수요기업 추가모집 공고(산업데이터 표준확산 기반구축 사업),경기도,tier_a_safe,,5000.0,"최대 5,000만원",support_amount,subtract,5000.0,"최대 5,000만원",support_amount,subtract,3,"기업의 데이터 분석을 위한 지능형 솔루션의 효율적인 도입 기반을 마련하고 제조 공정상의 다양한 문제를 해결 지원(기업당 최대 5,000만원 이내) 사업신청 방법 이메일 접수 (dhl@gtp"
PBLN_000000000123338,2026년 IP투자연계 지식재산평가 지원사업 공고,지식재산처,tier_a_safe,,1500.0,"최대 1,500만원",support_amount,subtract,1500.0,"최대 1,500만원",support_amount,subtract,11,"4)□지원 한도ㅇ 기본 지원율(80%):지식재산평가 1건당 평가비용 이내에서 80%지원구 분 평가 비용국고지원액비 고특허가액형1,500만원(VAT 별도)평가비용의 80% 이내(지원한도 1"
PBLN_000000000123358,[충북] 2026년 화장품산업 근로자 고용안정을 위한 복지 지원사업 참여기업 모집 공고(충청북도 고용유지 버팀이음 프로젝트 사업),충청북도,tier_a_safe,,50.0,최대 50만원,support_amount,subtract,50.0,최대 50만원,support_amount,subtract,12,☞ 도내 소재 화장품 산업 중 고용보험법상 우선지원대상기업 ① 산업코드 : KSIC 2042 (확인방법 : 신청서 참조) ② 종업원수 : 공고일/신청일 기준 상시근로자 5인 이상 ③ (① 비해당) 화장품 관련 생산품 및 사업분야 : 참고자료 후첨 (증빙 필수) ☞ 재직근로자 1인당 복지포인트 최대 50만원 지원 사업신청 방법 이메일 접수 (meinu0@korcham
PBLN_000000000123375,[전남] 첨단로봇ㆍAI 활용 중소기업 제조혁신 사업 기업지원(기술개발) 모집 공고,전라남도,tier_a_safe,,7000.0,"최대 7,000만원",support_amount,subtract,7000.0,"최대 7,000만원",support_amount,subtract,12,설계 등 로봇 및 시스템 개발 지원 - 기업당 최대 70백만원 지원 사업신청 방법 온라인 접수(전남테크노파크 데이터플랫폼) 사업신청 사이트 온라인신청 바로가기 문의처 (사업 담당) 전남테크노파크 ICT로봇
PBLN_000000000123392,[부산] 2026년 2차 지산학 기술도입 지원사업 참여기업 모집 공고(지산학 연결중개 촉진 지원사업),부산광역시,tier_a_safe,,1000.0,"최대 1,000만원",support_amount,subtract,1000.0,"최대 1,000만원",support_amount,subtract,4,"필수사항¡기술이전료 지원 : 도입 희망 기술의 이전 계약에 따른 비용의 50% 이내(최대 1,000만원) 지원-특허권의 양도(매매)"
PBLN_000000000123412,[경남] 2026년 수산부산물 재활용 규제자유특구 책임보험 지원기업 모집 공고,경상남도,tier_a_safe,,2000.0,"최대 2,000만원",support_amount,subtract,2000.0,"최대 2,000만원",support_amount,subtract,2,법적 보장한도를 포함한 책임보험 가입비용 지원 - 기업당 가입보험료의 80%(최대 20백만원) 이내 지원 사업신청 방법 온라인 접수 (경남테크노파크)
PBLN_000000000123413,[경북] 2026년 3차 디지털전환 지원모델 확산사업 지역특화산업지원 참여기업 모집 재공고,경상북도,tier_a_safe,,5000.0,"최대 5,000만원",support_amount,subtract,5000.0,"최대 5,000만원",support_amount,subtract,8,제작하고자 하는 시제품의 도면 또는 이미지 첨부 氠瑢 작성요령 본 사업을 위한 소요경비를 지원금 50백만원 이내
PBLN_000000000123423,[경북] 안동시 2026년 장애인기업육성지원사업 기업(사업화) 지원 모집 공고,경상북도,tier_a_safe,,500.0,최대 500만원,support_amount,subtract,500.0,최대 500만원,support_amount,subtract,6,홍보비 등 (최대 300만원) ④홍보동영상 : 기업 및 제품 홍보영상 제작 (최대 400만원) ⑤시제품 : 시제품 초기 단계 기술개발 비용 지원 (최대 500만원) * 1개 분야 선택하여 지원 가능
PBLN_000000000123434,[충북] 2026년 벤처 및 스타트업 기업 공동연구장비 활용 지원사업 참여기업 추가 공고,충청북도,tier_a_safe,,1000.0,"최대 1,000만원",support_amount,subtract,1000.0,"최대 1,000만원",support_amount,subtract,6,"지원내용□ 지원금액 ❍ 지원금 : 기업별 최대 10,000천원 (부가가치세를 제외한 공급가액 지원) - 2개 기업 내외 선정 및 지원"
PBLN_000000000123437,[전북] 2026년 인공지능 신뢰성 향상지원 및 확보지원 참여기업 모집 공고,전북특별자치도,tier_a_safe,,500.0,최대 500만원,support_amount,subtract,500.0,최대 500만원,support_amount,subtract,1,AI 관련 제품이 없어서 AI 활용 아이디어를 보유한 지역 기업도 신청 가능 ❍ 지원기업 혜택 - 기업 부담금 없음 (무상 지원) - 장비 무상 지원 (선정기업 20개사 대상 기업당 슈퍼컴퓨터 1대 지원) - 클라우드 서비스 무상 지원 (선정기업 20개사 대상 기업당 500만원 예정)3추진일정 및 평가기준 ❍ 추진일정(안)공고 및 접수→평가→선정 결과→사업수행→결과보고사업공고 및 접수평가위원회(발표 및 평가) 평가 결
PBLN_000000000123443,[충북] 2026년 2차 바이오 국제공동연구사업 지원과제 공고(양자간 국제공동연구사업),충청북도,tier_a_safe,,6000.0,"최대 6,000만원",support_amount,subtract,6000.0,"최대 6,000만원",support_amount,subtract,4,국내와 국외 상호간 1:1 매칭 사업 ☞ 연간 0.6억원 이내 (2개 과제) 지원 사업신청 방법 이메일 접수 (jspark@cbio
PBLN_000000000123469,[충남] 2026년 2차 지역 거점 정보보호 클러스터 구축 사업 정보보호 기업 성장(사업화) 지원사업 모집 재공고,충청남도,tier_a_safe,,1000.0,"최대 1,000만원",support_amount,subtract,1000.0,"최대 1,000만원",support_amount,subtract,5,"인포테인먼트 등 다양한 기능을 수행하게 하는 부품산업군 - 특화산업 사업화(비R&D) 지원 : 5개사(1개사/10,000천원)* *공급사에 지급될 지원금 대비 10%인 부가가치세는 수혜기업이 부담함 2지원분야 및 지원대상 □ (지원분야) 사업화 지원(5건)구분①사업화"
PBLN_000000000123471,[충북] 2026년 예비수소전문기업 지원사업 수혜기업 추가 모집 공고,기후에너지환경부,tier_a_safe,,5500.0,"최대 5,500만원",support_amount,subtract,5500.0,"최대 5,500만원",support_amount,subtract,16,"000 ~ 최대 55,000천원 지원"
PBLN_000000000123477,[대구] 서대구산단 혁신지원센터 및 복합문화센터 운영 지원 입주기업 수요맞춤형 지원 참여기업 모집 공고,대구광역시,tier_a_safe,,440.0,최대 440만원,support_amount,subtract,500.0,최대 500만원,support_amount,subtract,10,) 내신청과제를종료했을경우지원금지급 ❍ 사후환급이가능한부가가치세는기업에서부담 ❍ 지원금(최대5백만원)을초과하는금액에대해서는기업에서부담 ❍ 기업별신청내용에따른지원분야및지원금규모는선정심사위원회결과에 따라조정가능 ❍ 인건비및간접성경비(비품구입비
PBLN_000000000123482,[경기] 2026년 기후테크 경진대회 참여기업 모집 공고(2027년 경기도 실증화 지원사업 연계),경기도,tier_a_safe,,20000.0,최대 2억원,support_amount,subtract,20000.0,최대 2억원,support_amount,subtract,3,☞ 공고일 기준 경기도에 본사(또는 공장)가 소재한 중소ㆍ중견 기업으로서 기후테크 기술을 보유하고 있으며 실증 사례 추진이 필요한 기업 ☞ 실증비 지원 (기업당 최대 2억원)
PBLN_000000000123483,[부산] 2026년 2차 소규모사업장 작업환경개선 지원사업 모집 공고,부산광역시,tier_a_safe,,175.0,최대 175만원,support_amount,subtract,175.0,최대 175만원,support_amount,subtract,3,업체별 최대 175만원(부가세 포함) (지원금액 외 업체부담 없음
PBLN_000000000123488,[경북] 구미시 2026년 푸드테크 상용화모델 개발 및 실증사업 수혜기업 모집 공고,경상북도,tier_a_safe,,7500.0,"최대 7,500만원",support_amount,subtract,7500.0,"최대 7,500만원",support_amount,subtract,2,/ (참여기관) 구미 소재 외식 및 식품제조 업체 ☞ 컨소시엄 당 최대 75백만원 지원 - 외식 및 식품 제조기업 현장 애로사항을 해결할 수 있는 솔루션 기반 상용화 모델 개발 및 실증 - 푸드테크기업 기술선도형 또는 지역식
PBLN_000000000123489,[경북] 포항시 2026년 푸드테크 상용화모델 개발 및 실증사업 수혜기업 모집 공고,경상북도,tier_a_safe,,7500.0,"최대 7,500만원",support_amount,subtract,7500.0,"최대 7,500만원",support_amount,subtract,2,/ (참여기관) 포항 소재 외식 및 식품제조 업체 ☞ 컨소시엄 당 최대 75백만원 지원 - 외식 및 식품 제조기업 현장 애로사항을 해결할 수 있는 솔루션 기반 상용화 모델 개발 및 실증 - 푸드테크기업 기술선도형 또는 지역식
PBLN_000000000123496,2026년 경북 뿌리산업 DX(디지털전환) 기술지원사업 수혜기업 모집 재공고(뿌리산업 제조공정혁신 지원을 위한 DX 기반구축),산업통상부,tier_a_safe,,250.0,최대 250만원,support_amount,subtract,250.0,최대 250만원,support_amount,subtract,5,"연구소) 또는 협약일 전까지 기업 이전 완료 기업으로써 전ㆍ후방 연관 제품(기술) 분야 신청 가능 ☞ 디지털전환 관련 결과물의 지식재산권 출원 지원(최대 2,500천원/건) 사업신청 방법 이메일 접수 (hjs0956@gbtp"
PBLN_000000000123507,2026년 2차 전북 기업성장 환류형 상생일자리 지원사업 참여기업 모집 공고(BIONE 고용혁신 프로젝트),전북특별자치도,tier_a_safe,,5000.0,"최대 5,000만원",support_amount,subtract,5000.0,"최대 5,000만원",support_amount,subtract,14,기업당 지원금은 기반지원 + 확장지원 인센티브를 포함하여 총 50백만원을 초과할 수 없으며 최종 지원금은 기업 선정 규모에 따라 예산 범위 내 조정될 수 있음
PBLN_000000000123524,[경북] 경산시 2026년 푸드테크 상용화모델 개발 및 실증사업 수혜기업 모집 공고,경상북도,tier_a_safe,,7500.0,"최대 7,500만원",support_amount,subtract,7500.0,"최대 7,500만원",support_amount,subtract,2,/ (참여기관) 경산 소재 외식 및 식품제조업체 ☞ 컨소시엄당 최대 75백만원 지원 - 외식 및 식품 제조기업 현장 애로사항을 해결할 수 있는 솔루션 기반 상용화 모델 개발 및 실증 지원 - 푸드테크기업 기술선도형 또는
PBLN_000000000123527,[경북] 안동시 2026년 푸드테크 상용화모델 개발 및 실증사업 수혜기업 모집 공고,경상북도,tier_a_safe,,7500.0,"최대 7,500만원",support_amount,subtract,7500.0,"최대 7,500만원",support_amount,subtract,2,/ (참여기관) 경산 소재 외식 및 식품제조업체 ☞ 컨소시엄당 최대 75백만원 지원 - 외식 및 식품 제조기업 현장 애로사항을 해결할 수 있는 솔루션 기반 상용화 모델 개발 및 실증 지원 - 푸드테크기업 기술선도형 또는
PBLN_000000000123529,[부산] 2026년 리스크 대응 섬유패션 원부자재 공동 비축 시스템 구축사업 참여기업 모집공고,부산광역시,tier_a_safe,,200.0,최대 200만원,support_amount,subtract,200.0,최대 200만원,support_amount,subtract,3,"신발 등에 해당하는 기업 ☞ 업체당 최대 2,000천원 상당의 원부자재 지원 사업신청 방법 온라인 접수(리스크 대응 섬유패션 원부자재 공동 비축 시스템) 사업신청 사이트 온라인신청 바로가기 문의처"
PBLN_000000000123534,[전북] 2026년 기후테크 특화 오픈이노베이션 컨소시엄 추가모집 공고(기후테크 창업기업 성장지원사업),전북특별자치도,tier_a_safe,,3000.0,"최대 3,000만원",support_amount,subtract,3000.0,"최대 3,000만원",support_amount,subtract,4,"^3) ^4) (^5) (^6) ^7 양식 참가 신청서 『2026년 기후테크 창업기업 성장지원사업』 기후테크 특화 오픈이노베이션 컨소시엄 참가 신청서 과 제 명 지원분야 □ 클린테크 □ 카본테크 □ 에코테크 □ 푸드테크 □ 지오테크 앵커기업 기 업 명 대표자명 주 소 본사여부 □ 본사 □ 지사 □ 연구소 □ 공장 사업분야 창업기업 기 업 명 대표자명 설립일 업력(년) 주 소 본사여부 □ 본사 □ 지사 □ 연구소 □ 공장 사업분야 사 업 비 금 30,000,000원(금삼천만원 정) 30백만원 이내 앵커기업 실무책임자 성 명 전 화 부서/직위 휴대전화 창업기업 실무책임자 성 명 전 화 부서/직위 휴대전화 『"
PBLN_000000000123543,[경북] 포항시 2026년 경북형(포항) 스마트공장(기초단계) 구축지원사업 추가모집 공고,경상북도,tier_a_safe,,6000.0,"최대 6,000만원",support_amount,subtract,6000.0,"최대 6,000만원",support_amount,subtract,3,자세한 신청자격 공고문 참조 ☞ 소요 비용의 60% 지원(최대 60백만원/1개사 기준) - 정보통신기술(ICT)로 제품의 기획-설계-제조-판매 과정을통합하여 제조 공정을 최적화하는 스마트공장 구축지원 사업신청 방법
PBLN_000000000123560,[경북] 안동시 2026년 중소기업 기술성장 디딤돌 사업 참여기업 추가모집 공고,경상북도,tier_a_safe,,1000.0,"최대 1,000만원",support_amount,subtract,1000.0,"최대 1,000만원",support_amount,subtract,15,"대상자별지원금액:기업 당 최대 10,000천원 지원"
PBLN_000000000123575,인천 공공 실증 오픈이노베이션 참여기업 모집 공고,인천광역시,tier_a_safe,,2700.0,"최대 2,700만원",support_amount,subtract,2700.0,"최대 2,700만원",support_amount,subtract,2,"(월) 까지□ 주요 지원사항구분 지원 세부사항사업화 지원금◦ 최종 선정된 기업 대상 지원(기업별 2,700만원 내외)◦ 운영기관 승인 후 기업 선지출"
PBLN_000000000123585,[경남] 밀양시 2026년 3차 미래차 산업전환 공정기술 고도화 수혜기업 모집 공고(미래차 산업 전환 공정기술 고도화 지원사업),경상남도,tier_a_safe,,5000.0,"최대 5,000만원",support_amount,subtract,5000.0,"최대 5,000만원",support_amount,subtract,6,공정고도화 패키지 지원 1건(최대 50백만원/건) 다
PBLN_000000000123603,[경북] 구미시 2026년 핵심부품ㆍ소재기술 개발사업 신규지원(단기상용화R&Dㆍ기술컨설팅) 대상과제 공고,경상북도,tier_a_safe,,4000.0,"최대 4,000만원",support_amount,subtract,4000.0,"최대 4,000만원",support_amount,subtract,2,자세한 지원대상 공고문 참조 ☞ (단기상용화) 과제별 최대 40백만원
PBLN_000000000123605,[경기] 2026년 AI기업 글로벌 공동연구ㆍ해외진출 지원 예비참여기업 공개모집 공고,경기도,tier_a_safe,,1000.0,"최대 1,000만원",voucher,subtract,1000.0,"최대 1,000만원",voucher,subtract,8,"생태계 탐방 등 현지진출 프로그램 - 기업당 1,000만원限 환급형 바우처"
PBLN_000000000123606,[전남광주] 2026년 3차 융ㆍ복합 가전산업 기업 브랜드 강화 지원 참여기업 모집 공고(지역주도형 일자리 지원사업),전남광주통합특별시,tier_a_safe,,1000.0,"최대 1,000만원",support_amount,subtract,1000.0,"최대 1,000만원",support_amount,subtract,5,상표) 출원 등 최대 10백만원 시장 지향형 제품 디자인 개발 지원
PBLN_000000000123607,[경북] 김천시 2026년 4차 중소기업 기술성장 디딤돌 사업 참가기업 추가모집 공고,경상북도,tier_a_safe,,700.0,최대 700만원,support_amount,subtract,700.0,최대 700만원,support_amount,subtract,3,"지 원 금 액:기업당 최대 7,000천원 지원"
PBLN_000000000123610,[강원] 동해시 2026년 3차 수소 전문기업 육성지원 사업 공고,강원특별자치도,tier_a_safe,,2200.0,"최대 2,200만원",support_amount,subtract,2000.0,"최대 2,000만원",support_amount,subtract,8,"자세한 지원대상 공고문 참조 ☞ 시제품 제작(기업당 최대 20,000천원) 지원 사업신청 방법 이메일 접수 (wishp3@gwtp"
PBLN_000000000123618,[울산] 2026년 동남권 수소산업 육성을 위한 수요 맞춤형 기술지원 사업 수요기업 모집 공고,산업통상부,tier_a_safe,,6500.0,"최대 6,500만원",support_amount,subtract,6500.0,"최대 6,500만원",support_amount,subtract,6,"000천원 ~ 65,000천원 이내 : [기업체 분담금] 지원금액의 20%이상(현금) 매칭 우대 ❍ 사업비 지원형식 : 재료비"
PBLN_000000000123651,[부산] 2026년 수리조선산업 맞춤형 지원사업 추가모집 공고(스마트수리조선지원센터 관리운영 사업),부산광역시,tier_a_safe,,300.0,최대 300만원,support_amount,subtract,300.0,최대 300만원,support_amount,subtract,10,4(지원사업 기간 내) 신청금액 기업당 최대 3백만원 신청 가능
PBLN_000000000123656,[충남] 2026년 2차 지역혁신클러스터육성(비R&D)사업 사업화 지원 수혜기업 모집 공고,충청남도,tier_a_safe,,6000.0,"최대 6,000만원",support_amount,subtract,6000.0,"최대 6,000만원",support_amount,subtract,13,"자세한 지원대상 공고문 참조 ☞ 기업당 최대 6,000만원 이내 지원(프로그램 2개까지 지원 가능) - 특화산업(수소에너지) 분야 사업화 촉진 위한 시제품 제작"
PBLN_000000000123666,[경북] 2026년 3차 광역이음프로젝트 공동 R&Dㆍ일터 개선ㆍ재직자 훈련 참여기업 모집 통합 공고,경상북도,tier_a_safe,,3000.0,"최대 3,000만원",support_amount,subtract,3000.0,"최대 3,000만원",support_amount,subtract,1,"(전입 전) (전임 후) 사업 참여 신청 인원 명 [서식 8] ② 대경 이음 일터 개선 지원 제출서류 氠瑢 근 로 환 경 개 선 계 획 서 사 업 비 (단위 : 천원) 신청 프로그램명/세부 지원내용 신청 지원금 ex : 산업안전을 위한 노후 난간 개선 지원 ex : 30,000,000 원 수 행 기 간 202"
PBLN_000000000123669,[대구] 2026년 R&D 과제 발굴 및 기획 지원 공고,대구광역시,tier_a_safe,,1000.0,"최대 1,000만원",support_amount,subtract,1000.0,"최대 1,000만원",support_amount,subtract,14,전문가 등 연계 지원② IP전략 수립최대 10백만원 이내③ 기술․시장동향조사최대 10백만원 이내기획지원④ R&D 과제기획 지원최대 8백만원 이내최대 3
PBLN_000000000123673,[대전] 2026년 2차 방산혁신클러스터 국방ㆍ드론분야 기술사업화 민-군 브릿지 코디네이터 지원기업 모집 공고,방위사업청,tier_a_safe,,600.0,최대 600만원,support_amount,subtract,600.0,최대 600만원,support_amount,subtract,5,☞ 대전지역 내에 소재한 국방드론(안티드론 포함) 전후방 분야 중소기업(신규진입 희망기업 포함) ☞ 민-군 브릿지 코디네이터(기업당 최대 6백만원 내외) 지원 - 드론 분야 기술(소프트웨어
PBLN_000000000123677,[제주] 건강기능식품 양산화 지원 사업 수혜기업 모집 공고(기능성식품공장운영 및 제품생산활성화사업),제주특별자치도,tier_a_safe,,900.0,최대 900만원,support_amount,subtract,900.0,최대 900만원,support_amount,subtract,3,"☞ 제주지역 내 사업장을 소재한 식품기업 ☞ 양산화(기업별 9,000천원 이내) 지원 사업신청 방법 온라인 접수 (제주산업정보서비스) 사업신청 사이트 온라인신청 바로가기 문의처 제주테크노파크 청정바이오사업본부 식품사"
PBLN_000000000123679,[인천] 2026년 일하기 좋은 뿌리기업 선정 공고,인천광역시,tier_a_safe,,100000.0,최대 10억원,support_amount,subtract,100000.0,최대 10억원,support_amount,subtract,5,관내 유관기관 배포 채 용 ▪ (오프라인) 관내 취업/채용박람회 참가 기회 우선 제공 인센티브 ▪ 인천 일자리창출 우수기업 선정 가점(5) ▪ 경영안정자금(이자 차액 보전) 지원한도 10억원
PBLN_000000000123682,2026년 ICT 중소기업 정보보호 지원 사업 수요기업 모집 공고,과학기술정보통신부,tier_a_safe,,480.0,최대 480만원,subsidy,subtract,480.0,최대 480만원,subsidy,subtract,46,보안 패키지는 최대 정부지원금 한도 내 지원(IT 보안 패키지 480만원
PBLN_000000000123691,[제주] 2026년 지역소재 기반 미드폼 영상 콘텐츠 제작 지원 사업 모집 공고(제주콘텐츠코리아랩 운영사업),제주특별자치도,tier_a_safe,,18000.0,최대 1.8억원,support_amount,subtract,18000.0,최대 1.8억원,support_amount,subtract,14,"총 180,000천원 이내 차등 지원 - 미드폼 1편당 5"
PBLN_000000000123698,[대구] 2026년 노사상생 우수기업 발굴 및 지원 공고,대구광역시,tier_a_safe,,500.0,최대 500만원,support_amount,subtract,500.0,최대 500만원,support_amount,subtract,3,☞ 대구시 소재 100인 미만 사업장(사업자등록증 기준) ☞ 기업 노사 화합 프로그램 비용 일부 지원 (기업 당 최대 500만원) 사업신청 방법 이메일 접수 (dglabors@dglabors
PBLN_000000000123703,[부산] 2026년 3차 대외협력R&D기획지원사업 신규과제 공고,부산광역시,tier_a_safe,,2700.0,"최대 2,700만원",support_amount,subtract,3000.0,"최대 3,000만원",support_amount,subtract,21,"000천원~30,000천원 이내 - 목표사업 및 평가결과에 따라 차등 지원 * 기획보고서 작성에 필요한 수요조사"
PBLN_000000000123715,순환경제 DNA 선도기업ㆍ산업단지 2차 모집 공고,기후에너지환경부,tier_a_safe,,10000.0,최대 1억원,support_amount,subtract,10000.0,최대 1억원,support_amount,subtract,6,자세한 지원대상 공고문 참조 ☞ 「순환경제 세부 경영전략(‘26~’30)」수립(‘26년 기업당 약 1억원 상당의 계획수립 용역지원)
PBLN_000000000123732,[충북] 2026년 2차 시군 경쟁력강화산업 육성사업(R&D) 모집 수정 공고,충청북도,tier_a_safe,,7500.0,"최대 7,500만원",support_amount,subtract,7500.0,"최대 7,500만원",support_amount,subtract,12,협약에 따라 조정될 수 있음 ㅇ 지원금액 : 과제별 최대 75백만원
PBLN_000000000123733,[경기] 화성시 2026년 하반기 그린안전리모델링 지원사업 참여기업 모집 공고,경기도,tier_a_safe,,500.0,최대 500만원,support_amount,subtract,500.0,최대 500만원,support_amount,subtract,26,외벽 도색 작업 시 기업당 최대 500만원 이내 지원 - 예) 내
PBLN_000000000123740,[대구] 2026년 대경이음 상생 R&D 지원 수혜기업 모집 공고(지역산업맞춤형 일자리지원사업 대경권 광역이음프로젝트),고용노동부,tier_a_safe,,4500.0,"최대 4,500만원",support_amount,subtract,4500.0,"최대 4,500만원",support_amount,subtract,2,"재직자교육이수필수 컨소시엄당45,000천원6개컨소시엄지원금액의10%"
PBLN_000000000123750,[경북] 경산시 2026년 산업 AX 미니프로젝트 지원 사업 참여기업 모집 공고(산업 인공지능(AI) 전환 및 확산기반조성),경상북도,tier_a_safe,,2000.0,"최대 2,000만원",support_amount,subtract,2000.0,"최대 2,000만원",support_amount,subtract,5,실시간 데이터 분석 등을 지원하는 현장 중심의 AI Agent PoC를 중점 지원3개사 이내지원프로그램별최대 2천만원③ 제조설비 DX Retrofit PoCŸ제조설비의 신예화 및 지능화 기반 조성을 위해 기존 제조설비에 최신 DX 기술(센서
SMARTFACTORY:2025-N-0194:1,2026년 스마트제조혁신 지원사업 통합공고,스마트공장 사업관리시스템,tier_a_safe,,50000.0,최대 5억원,subsidy,subtract,50000.0,최대 5억원,subsidy,subtract,108,지역특화 프로젝트 참여기업으로 선정된 기업□지원내용및조건◦지원내용-정보통신기술(ICT)로제품의기획-설계-제조-판매과정을통합하여제조공정을최적화하는스마트공장구축지원-제품설계‧ 생산공정개선등을위한스마트공장솔루션구축및솔루션과연동되는자동화장비‧ 제어기‧ 센서등구축지원◦지원과제:50개내외◦지원조건:과제별수준향상정도에따라정부지원금차등지급지원유형지원 기간지원 한도지원 비율구축목표 수준고도화최대 9개월최대 5억원(아래 표 참조)50% 이내중간1 이상목표설정필수 현재수준목표수준최대 지원한도미적용è중간1 3억원중간2 5억원기초è중간1 2억원중간2 4억원중간
SMARTFACTORY:2025-N-0197:1,2026년도 정부형 스마트공장 구축사업 공고(고도화),스마트공장 사업관리시스템,tier_a_safe,,20000.0,회당 최대 2억원,support_amount,subtract,20000.0,최대 2억원,support_amount,subtract,49,(동일수준) 최대 6개월최대 9개월지원한도(고도화) 최대 2억원
SMARTFACTORY:2025-N-0198:1,2026년도 정부형 스마트공장 구축사업 공고(동일수준),스마트공장 사업관리시스템,tier_a_safe,,20000.0,회당 최대 2억원 이내,support_amount,subtract,20000.0,최대 2억원,support_amount,subtract,49,(동일수준) 최대 6개월최대 9개월지원한도(고도화) 최대 2억원
SMARTFACTORY:2026-N-0061:3,[2차]2026 대중소상생형(삼성) 스마트공장 구축(고도화),스마트공장 사업관리시스템,tier_a_safe,,15000.0,최대 1.5억원,support_amount,subtract,15000.0,최대 1.5억원,support_amount,subtract,7,목표수준을 초과 달성했던 기업의 경우 1회 한해 목표수준에 맞는 지원금(최대 1.5억원) 지원 ** 기초단계 : 스마트공장 1회 이상 지원기업은 지원 불가 - 지원금 한도 초과분은 도입기업 부담 - 스마트공장 수준은 KS X 90
SMARTFACTORY:2026-N-0061:4,"[2차]2026 대중소상생형(삼성) 스마트공장 구축(기초,동일수준)",스마트공장 사업관리시스템,tier_a_safe,,15000.0,최대 1.5억원,support_amount,subtract,15000.0,최대 1.5억원,support_amount,subtract,7,목표수준을 초과 달성했던 기업의 경우 1회 한해 목표수준에 맞는 지원금(최대 1.5억원) 지원 ** 기초단계 : 스마트공장 1회 이상 지원기업은 지원 불가 - 지원금 한도 초과분은 도입기업 부담 - 스마트공장 수준은 KS X 90
SMARTFACTORY:2026-N-0100:1,"2026년도 경북 지역특화형(고도화) 스마트공장 구축사업 공고(방산, 모빌리티)",스마트공장 사업관리시스템,tier_a_safe,,20000.0,회당 최대 2억원 이내,support_amount,subtract,20000.0,최대 2억원,support_amount,subtract,32,"회 ( 1 회차 고도화 → 2 회차 동일수준 ) 까지 지원 하되 , 회당 최대 2 억원 한도 , 지원비율 50% 이내에서 지원 가능 지원유형 지원기간 정부 지원한도 지"
SMARTFACTORY:2026-N-0107:1,2026년 경남 산업안전AI 스마트공장 구축 지원사업 공고,스마트공장 사업관리시스템,tier_a_safe,,28000.0,최대 2.8억원 이내,support_amount,subtract,28000.0,최대 2.8억원,support_amount,subtract,14,양산(시군비 매칭이 된 지역만 가능) ◦ (지원 조건) - 지원기간 내 AI공장 구축이 가능한 기업은 도입 예정인 ’AI기능‘과 ’적용 공정‘을 선택하여(붙임1 참조) 최대 2.8억원 내에서 구축 지원 氠瑢 구축목표수준
SMARTFACTORY:2026-N-0109:1,2026년 대구지역 스마트공장 구축(기초단계)지원 사업,스마트공장 사업관리시스템,tier_a_safe,,4700.0,"최대 4,700만원",support_amount,subtract,4700.0,"최대 4,700만원",support_amount,subtract,5,RFID 등) 인프라 구축 지원 (지원대상) 대구광역시 소재 중소기업 중 스마트공장 미적용 기업 (지원과제) 11개사 내외 (지원 조건) 기업당 최대 47백만원 지원
TECHNOPARK:1382,2026년 인천광역시 우수디자인 시제품개발지원사업 모집 공고[~7/7],인천테크노파크,tier_a_safe,,2500.0,"최대 2,500만원",support_amount,subtract,2500.0,"최대 2,500만원",support_amount,subtract,2,"Perspective view) ■ 지원분야 및 금액 ( 양산금형 및 워킹목업 중 택 1) 개발분야 지원내용 지원금액 지원한도 양산금형 금형설계 및 금형제작 2,500 만원 지역 제작기업 매칭 : 최대 80% 타지역 제작기업 매칭 : 최대 70% 워킹목업 기구설계 및 구동 가능한 워킹목업 (Mock-up) 제작 8"
TECHNOPARK:1743,「2026년 충청권 미래차 전환 혁신지원사업」 기업지원 프로그램(비R&D) 모집공고(2차),충남테크노파크,tier_a_safe,,2000.0,"기업 당 최대 20,000천원",support_amount,subtract,2000.0,"최대 2,000만원",support_amount,subtract,20,"기업 당 최대 20,000천원까지 지원 (기업부담금 : 지원금액의 10%"
TECHNOPARK:268,「2026년 수소상용차 부품 성능 검증 기반 구축」사업 장비활용 지원 수혜기업 모집,충남테크노파크,tier_a_safe,,1000.0,"최대 1,000만원",support_amount,subtract,1000.0,"최대 1,000만원",support_amount,subtract,3,"10,000천원 이내 지원 10"
TECHNOPARK:271,CES 2027 충남관 참가기업 모집 공고,충남테크노파크,tier_a_safe,,2650.0,"최대 2,650만원",support_amount,subtract,2650.0,"최대 2,650만원",support_amount,subtract,3,"최대 26,500천원 이내(부가세 미지원)"
TECHNOPARK:579,「플렉서블·스트레처블 산업 창출을 위한 부착형 디스플레이 기술 기반구축」 2026년도 기업지원 수혜기업 모집 재공고,충남테크노파크,tier_a_safe,,2630.0,"최대 2,630만원",support_amount,subtract,2630.0,"최대 2,630만원",support_amount,subtract,2,"최대지원금 규모는 26,300천원 이내임③ 지원방식 :직접지원*형태임 *수행기관이 필요자원(모듈"
TECHNOPARK:654,아산시 CES 2027 기업지원 사업 참가기업 모집 공고,충남테크노파크,tier_a_safe,,2700.0,"전액 지원 (27,000천원 이내)",support_amount,subtract,2700.0,"최대 2,700만원",support_amount,subtract,3,"최대 27,000천원 이내(부가세 미지원)"
TECHNOPARK:818,「2026년 지역 거점 정보보호 클러스터 구축 사업」정보보호 성장지원 과제 모집공고(재공고),충남테크노파크,tier_a_safe,,1000.0,"최대 1,000만원",support_amount,subtract,1000.0,"최대 1,000만원",support_amount,subtract,5,"인포테인먼트 등 다양한 기능을 수행하게 하는 부품산업군 - 특화산업 사업화(비R&D) 지원 : 5개사(1개사/10,000천원)* *공급사에 지급될 지원금 대비 10%인 부가가치세는 수혜기업이 부담함 2지원분야 및 지원대상 □ (지원분야) 사업화 지원(5건)구분①사업화"
TECHNOPARK:976,「플렉서블·스트레처블 산업 창출을 위한 부착형 디스플레이 기술 기반구축」 2026년도 기업지원 수혜기업 모집 재공고,충남테크노파크,tier_a_safe,,200.0,최대 200만원,support_amount,subtract,200.0,최대 200만원,support_amount,subtract,2,"최대지원금 규모는 2,000천원 이내임③ 지원방식 :직접지원*형태임 *수행기관이 필요자원(모듈"
TECHNOPARK:988,2026년 충청권 에너지기술공유대학 산학공동 에너지프로젝트 지원사업 2차 공고,충남테크노파크,tier_a_safe,,1500.0,"최대 1,500만원",support_amount,subtract,1500.0,"최대 1,500만원",support_amount,subtract,5,기업당 최대 15백만원 이내 지원 ◦ 사업기간 : 2026
PBLN_000000000118395,[경기] 2026년 기술닥터사업 공고,경기도,large_amount_delta_adopt_new,"새 파싱 후보 금액 2,000만원은 공정 개선 등 구체적 성과물 도출 시 지원 가능한 최대 금액으로 명확하게 제시되어 기존 최대 지원금액 500만원보다 대표 금액으로 적합합니다.",500.0,최대 500만원,support_amount,subtract,2000.0,"최대 2,000만원",support_amount,subtract,14,"공정 개선 등 구체적 성과물 도출) 2,000만원 이내 총 비용의 20% 3단계 상용화 지원 기업의 매출향상 및 고용창출 위한 제품화‧사업화 지원(상세설계"
PBLN_000000000119957,[부산] 기계ㆍ부품ㆍ철강산업 숙련기술자 고용안정 지원사업 참여 기업 및 참여자 모집 공고,부산광역시,large_amount_delta_adopt_new,새 후보가 기업 단위 한도 문맥이고 차이 배율이 극단적이지 않습니다.,750.0,최대 750만원,support_amount,subtract,2250.0,"최대 2,250만원",support_amount,subtract,14,"kr) – 지원사업 공고 ❍ 지원조건 : 수혜기업의 일자리창출(채용약정) 및 환수 조치에 동의한 기업 - 1개사 최대 2,250만원(채용약정 3명)"
PBLN_000000000120012,[경기] 2026년 공동활용 연구장비 사용료 지원 기업 모집 공고,경기도,large_amount_delta_adopt_new,새 파싱 후보 금액은 '기업당 최대 5백만원 지원'이라는 명확한 문구를 근거로 대표 지원금액으로 채택하는 것이 타당합니다.,10000.0,최대 1억원,support_amount,subtract,500.0,최대 500만원,support_amount,subtract,10,자세한 지원대상 공고문 참조 ☞ 도내 기업이 주관기관의 공동활용 연구장비(장비기반 기술서비스 포함) 사용 시 사용료 지원(기업당 최대 5백만원 지원) 사업신청 방법 온라인 접수 (경기도연구장비공동활용사업) 사업신청 사이트 온라인신청 바로가기 문의처 경기도경제과학진흥원 바이오기업지원팀
PBLN_000000000120123,2026년 금융 테스트베드 참여기업 테스트비용 지원 공고,금융위원회,large_amount_delta_adopt_new,새 후보가 기업 단위 한도 문맥이고 차이 배율이 극단적이지 않습니다.,15000.0,최대 1.5억원,support_amount,subtract,12000.0,최대 1.2억원,subsidy,subtract,7,종료일까지만 지원 □ (지원 금액)국고보조금 최대 1.2억 원 지원 ㅇ기업별 사업역량
PBLN_000000000120600,[경북] 김천시 2026년 기술주치의119지원사업 공고,경상북도,large_amount_delta_adopt_new,"새 파싱 후보 금액인 최대 1,500만원이 공고 내에서 명확하게 지원금액으로 제시되어 있으며, 기존값인 20억원과는 큰 차이가 있지만 문맥상 새로운 지원 한도를 나타내는 것으로 판단됩니다.",200000.0,최대 20억원,support_amount,subtract,1500.0,"최대 1,500만원",support_amount,subtract,13,"경북TP의 지원금은 부가세 포함 최대 15,000천원임 Ⅳ"
PBLN_000000000120673,2026년 다공성 탄소소재 기반 환경소재 및 부품개발 기반구축 사업 수혜기업 지원(시제품 제작 및 기술지도) 사업 공고,산업통상부,large_amount_delta_adopt_new,"새로운 파싱 금액은 '10백만원 이내'로 명시되어 있으며, 기존 금액인 50만원보다 훨씬 크고 지원 대상 기업 수(8개社)와 함께 구체적으로 제시되어 대표 지원금으로 적합합니다.",50.0,최대 50만원,support_amount,subtract,1000.0,"최대 1,000만원",support_amount,subtract,5,기관 보유 장비 및 도입장비를 활용하여 실증에 적용 가능한 다공성 탄소소재 기반의 제품 상용화 및 고도화를 위한 시제품 제작비 지원 10백만원 이내 8개 社 기술지원
PBLN_000000000120780,2026년 통상변화대응지원사업 참여기업 모집 공고,산업통상부,large_amount_delta_adopt_new,"새 파싱 금액은 '기업당 최대 2천만원까지 지원하며'라는 문구와 일치하며, 지원금액으로 명확하게 판단됩니다.",1000000.0,최대 100억원,support_amount,subtract,2000.0,"최대 2,000만원",support_amount,subtract,22,경영혁신지원 ◦ (지원대상) 통상변화대응기업 지정 이후 3년 이내 기업 * 기존 무역조정지원 지정기업 포함하여 지원(신청일 기준 지정 3년 이내 기업) ◦ (지원한도 및 기간) 기업당 최대 2천만원까지 지원하며
PBLN_000000000120865,2026년 한ㆍ이스라엘 국제공동기술개발사업 신규 과제 통합 공고,산업통상부,large_amount_delta_adopt_new,새 파싱 금액 42억원은 '라이트하우스 프로그램' 과제당 최대 지원금으로 명확하게 제시되어 대표 지원금으로 채택하는 것이 적절합니다.,168000.0,최대 16.8억원,support_amount,subtract,420000.0,최대 42억원,support_amount,subtract,39,단위 : 원) 구분 라이트하우스 프로그램 (Lighthouse Program) 과제 규모 제한 없음 과제당 최대 지원금(양국 컨소시엄 합계) 1) 42억 한국 측 예산 비율에 따른 과제당 지원금 2) 30% 12
PBLN_000000000120933,[경기] 시흥시 2026년 대야기계장비 소공인특화지원센터 자율사업 통합 모집 공고,경기도,large_amount_delta_adopt_new,새 후보가 기업 단위 한도 문맥이고 차이 배율이 극단적이지 않습니다.,300.0,최대 300만원,support_amount,subtract,700.0,최대 700만원,support_amount,subtract,27,사업지원 등 9개사 (최종 사업지원 4개사) 업체당 최대 700만원
PBLN_000000000121028,[울산] 2026년 상반기 산업안전보건 국제표준 인증기업 지원사업 시행 공고,울산광역시,large_amount_delta_adopt_new,새 후보가 기업 단위 한도 문맥이고 차이 배율이 극단적이지 않습니다.,200.0,최대 200만원,support_amount,subtract,300.0,최대 300만원,support_amount,subtract,27,업체당 300만원 한도 氠瑢 구 분 지원 한도액(천원) 비 고 합 계 3
PBLN_000000000122238,[강원] 춘천시 2026년 지식재산 국내분쟁 비용지원 사업 모집 연장 공고,강원특별자치도,large_amount_delta_adopt_new,새 후보가 기업 단위 한도 문맥이고 차이 배율이 극단적이지 않습니다.,300.0,최대 300만원,support_amount,subtract,800.0,최대 800만원,support_amount,subtract,5,"경고장 대응 지원 - 기업당 최대 8,000 천원 이내 지원 사업신청 방법 이메일 접수 (ip15@gwep"
PBLN_000000000122394,[제주] 2026년 전기차 사용 후 배터리 실증 지원사업(KC인증) 상시모집 공고,제주특별자치도,large_amount_delta_adopt_new,새 후보가 기업 단위 한도 문맥이고 차이 배율이 극단적이지 않습니다.,5000.0,"최대 5,000만원",support_amount,subtract,2500.0,"최대 2,500만원",support_amount,subtract,6,"1개사당 최대 25,000천원 지원3"
PBLN_000000000122623,[전북] 2026년 2차 자동차 대체부품 분야 기업지원 사업 공고,전북특별자치도,large_amount_delta_adopt_new,새 후보가 기업 단위 한도 문맥이고 차이 배율이 극단적이지 않습니다.,49493.0,,unknown,review,25586.3,최대 2.6억원,support_amount,subtract,7,"000원 4건(품목) 내외 지원 김제시 : 255,863,000원 ‣ 국산차 부품 : 최대 2억원/과제 - 기업별 수혜 이력에 따라 과제당 최대 지원금 차등 지원 氠瑢 구분 2회이상 3회이상 4회이상 汤捯 최"
PBLN_000000000123053,2026년 2차 경북 영천시 금호 이웃사촌마을 조성사업 청년창업 및 이전기업 지원사업 참여기업(이전기업) 모집 공고,경상북도,large_amount_delta_adopt_new,"새 파싱 후보 금액 2억원(20,000만원)은 '단년도 최대 200,000천원'이라는 명확한 문구를 근거로 하며, 기존 최대 5,000만원보다 명확히 상위 금액이므로 대표 금액으로 채택합니다.",5000.0,"최대 5,000만원",support_amount,subtract,20000.0,최대 2억원,support_amount,subtract,13,"구축(임차) 및 신제품개발 또는 제품고도화 등 자금 지원(단년도 최대 200,000천원"
PBLN_000000000123150,2026년 소공인 스마트제조지원(스마트공방)사업 추가 모집 공고,중소벤처기업부,large_amount_delta_adopt_new,"새 파싱 후보 금액 3,000만원은 '운영기관별 최대 3,000만원'이라는 명확한 문구와 함께 제시되어 대표 지원금으로 판단됩니다.",600.0,최대 600만원,subsidy,subtract,3000.0,"최대 3,000만원",subsidy,subtract,15,"클러스터특성에맞는소(상)공인연계사업추진등 -(지원금액) 운영기관별최대3,000만원(국비100%) * 기관별 사업계획에 따라 지원금액 조정 가능 ** 단"
PBLN_000000000123277,[대전ㆍ충청] 2026년 중소기업 AI훈련확산 지원사업 참여기업 모집 공고,고용노동부,large_amount_delta_adopt_new,새 후보가 기업 단위 한도 문맥이고 차이 배율이 극단적이지 않습니다.,280.0,최대 280만원,support_amount,subtract,1000.0,"최대 1,000만원",support_amount,subtract,16,"10명 이내 (훈련 운영) 프로젝트 수행방식의 훈련 참여자 주도형 훈련 (지원혜택) 훈련과정개발비(최대 210만원) + 훈련교사 수당(기업당 최대 1,000만원) + 훈련비(NCS단가 × 훈련시간 × 훈련인원) 체계적 현장훈련(S-OJT) Key Point"
PBLN_000000000123300,[광주] 2026년 자동차 부품업체 지속 가능 전환기업 육성지원사업 지원기업 모집 공고,광주광역시,large_amount_delta_adopt_new,새 후보가 기업 단위 한도 문맥이고 차이 배율이 극단적이지 않습니다.,1600.0,"최대 1,600만원",support_amount,subtract,2500.0,"최대 2,500만원",support_amount,subtract,6,외 수요 기반 요구사항 해결과 조기 사업화를 위한 샘플 제작지원 및 고객(사) 니즈 반영 개발제품에 대한 고급화 지원(기업당 최대 25백만원 내외)
PBLN_000000000123456,[전남] 화순군 2026년 스타기업 모집 공고,전라남도,large_amount_delta_adopt_new,새 후보가 기업 단위 한도 문맥이고 차이 배율이 극단적이지 않습니다.,6000.0,"최대 6,000만원",support_amount,subtract,2000.0,"최대 2,000만원",support_amount,subtract,8,2개 분야별 세부 프로그램(기업별 최대 20백만원 이내) 지원 - 기술지원 : 시제품제작지원
PBLN_000000000123472,[세종] 2026년 정보보호 기업육성(사업화 & 창업ㆍ벤처 육성) 지원사업 모집 공고,세종특별자치시,large_amount_delta_adopt_new,새 후보가 기업 단위 한도 문맥이고 차이 배율이 극단적이지 않습니다.,4000.0,"최대 4,000만원",support_amount,subtract,1000.0,"최대 1,000만원",support_amount,subtract,11,"15,000천원 - 창업·벤처육성 : 40,000천원(4개사) / 1개사 최대 10,000천원○(지원대상)세종 소재 ICT/SW기반 정보보호 제품·서비스 기술개발 및 사업화"
PBLN_000000000123480,[부산] 2026년 2차 블록체인 허브 입주기업 맞춤형 지원 프로그램 모집 공고,부산광역시,large_amount_delta_adopt_new,"새 파싱 금액은 '기업당 최대 1,000만원 이내'로 명시되어 있어 대표 지원금으로 적합합니다.",100.0,최대 100만원,support_amount,subtract,1000.0,"최대 1,000만원",support_amount,subtract,9,"부산 블록체인 허브 입주기업 혹은 입주 예정기업 ☞ 입주기업의 수요에 따라 세부프로그램 중 선택하여 프로그램(기업당 최대 1,000만원 이내) 지원 - 비즈니스 성장"
PBLN_000000000123506,[전남광주] 2026년 2차 전남 지역기업 성장사다리 지원사업 연장 공고,중소벤처기업부,large_amount_delta_adopt_new,"새로운 파싱 후보 금액 5,000만원은 두 사업을 합하여 지원 가능한 최대 금액으로 명확하게 제시되어 기존 최대 지원금 3,500만원보다 대표 금액으로 적합합니다.",3500.0,"최대 3,500만원",support_amount,subtract,5000.0,"최대 5,000만원",support_amount,subtract,27,"두 사업을 합하여 5,000만원 이내 지원 가능하나"
PBLN_000000000123525,[충남ㆍ충북ㆍ대전ㆍ세종] 2026년 2차 기업 지원 프로그램(비R&D) 지원대상 모집 공고(미래차 산업 혁신 지원사업),충청남도,large_amount_delta_adopt_new,"새로운 파싱 후보 금액이 '기업 당 최대 20,000천원까지 지원'이라는 명확한 문구를 근거로 최대 지원금으로 판단됩니다.",1100.0,"최대 1,100만원",support_amount,subtract,2000.0,"최대 2,000만원",support_amount,subtract,20,"기업 당 최대 20,000천원까지 지원 (기업부담금 : 지원금액의 10%"
PBLN_000000000123584,[경남] 2026년 지역기업 성장사다리 지원사업 패스트트랙(Track A) 모집 공고,중소벤처기업부,large_amount_delta_adopt_new,새 후보가 기업 단위 한도 문맥이고 차이 배율이 극단적이지 않습니다.,1000.0,"최대 1,000만원",support_amount,subtract,2000.0,"최대 2,000만원",support_amount,subtract,9,"마케팅 지원(기업당 20,000천원 이내)"
PBLN_000000000123642,[전남광주] 2026년 2차 글로벌강소기업 1000+ 프로젝트 자율 프로그램 모집 공고,전남광주통합특별시,large_amount_delta_adopt_new,새 후보가 기업 단위 한도 문맥이고 차이 배율이 극단적이지 않습니다.,800.0,최대 800만원,support_amount,subtract,3500.0,"최대 3,500만원",support_amount,subtract,8,□ 지역자율프로그램 지원내용ㅇ신청금액 :기업당 20백만원 ~35백만원 내외ㅇ기업부담금 :자부담은 의무사항이 아니며
PBLN_000000000123671,[전북] 2026년 2차 혁신성장 R&D+(연구개발)사업 지원사업 모집 공고,전북특별자치도,large_amount_delta_adopt_new,자유공모형 과제당 최대 9.5억원으로 명시되어 있어 대표 지원금으로 채택함,2470.0,"최대 2,470만원",support_amount,subtract,95000.0,최대 9.5억원,support_amount,subtract,55,대학 및 기업 등 ☞ 혁신성장산업 분야 도내기업의 상용화 가능 기술개발 과제 집중 지원 - 투자유치 : 과제당 110백만원 이내 - 구매조건부 : 과제당 110백만원 이내 - 자유공모형 : 과제당 950백만원 이내 사업신청 방법 온라인 접수 (전북R&D종합정보시스템) 사업신청 사이트 온라인신청 바로가기 문의처 전북테크노파크 과학기술진흥단 R&D지원팀
PBLN_000000000123694,[대전] 2026년 팝:콘 고도화 제작 지원사업 참여기업 모집 수정 공고,대전광역시,large_amount_delta_adopt_new,새 후보가 기업 단위 한도 문맥이고 차이 배율이 극단적이지 않습니다.,28950.0,최대 2.9억원,support_amount,subtract,5790.0,"최대 5,790만원",support_amount,subtract,13,"/ 5개사 지원(기업당 최대 57,900천원)구분세부분야지원기업수지원금액자유분야보유 콘텐츠 업그레이드 및 사업화 지원3개사 기업당(57"
SMARTFACTORY:2025-N-0203:2,2026년도 자율형공장 구축 지원사업(단독신청),스마트공장 사업관리시스템,large_amount_delta_adopt_new,새 파싱 후보 금액 6억원은 공고 제목 및 문맥상 최대 지원 한도로 명확하게 판단되어 대표 금액으로 채택합니다.,30000.0,최대 50% 지원,support_ratio,ratio_cap,60000.0,최대 6억원,support_amount,subtract,28,연 3억원 이내) 지원유형 지원기간 지원한도 지원비율 구축목표수준 * 고도화 최대 2년 연 3억(2년 6억) 50% 이내 중간1 이상 * 구축목표 수준은 KS X 9001-1(스마트공장 기본개념과 구조) 표준 기준 ** AI(인공지능)
SMARTFACTORY:2026-N-0102:1,2026년도 강원 지역특화형(바이오헬스·식품) 스마트공장 구축사업(고도화) 공고,스마트공장 사업관리시스템,large_amount_delta_adopt_new,새 파싱 후보 금액인 최대 2억원 한도가 공고 내에서 명확하게 '회당 최대 2억원 한도'로 제시되어 대표 지원금으로 채택하는 것이 적절합니다.,25000.0,최대 2.5억원,support_amount,subtract,20000.0,최대 2억원,support_amount,subtract,15,"원 내에서 2회( 1회차 고도화→ 2회차 동일수준) 까지 지원 하되, 회당 최대 2억원 한도, 지원비율 50% 이내에서 지원 가능 * 단, 공고일 전에 스마트공장 구축"
SMARTFACTORY:2026-N-0103:1,2026년도 강원 지역특화형(바이오헬스·식품) 스마트공장 구축사업(기초) 공고,스마트공장 사업관리시스템,large_amount_delta_adopt_new,"새 파싱 후보 금액인 2억원(20,000만원)이 '회당 최대 2억원 한도'라는 명확한 문구와 일치하며, 기존값 2.5억원보다 더 구체적인 지원 한도를 제시하고 있습니다.",25000.0,최대 2.5억원,support_amount,subtract,20000.0,최대 2억원,support_amount,subtract,15,"원 내에서 2회( 1회차 고도화→ 2회차 동일수준) 까지 지원 하되, 회당 최대 2억원 한도, 지원비율 50% 이내에서 지원 가능 * 단, 공고일 전에 스마트공장 구축"
TECHNOPARK:1752,[서천군] 2026년 시군구연고산업육성 협업프로젝트(서천군 해양바이오 인큐베이팅 사업) 3차 수혜기업 모집 공고 기간 연장 안내,충남테크노파크,large_amount_delta_adopt_new,새 후보가 기업 단위 한도 문맥이고 차이 배율이 극단적이지 않습니다.,5000.0,조건별 기업당 최대 5천만원,non_cash,recommend_only,7000.0,"최대 7,000만원",support_amount,subtract,16,kr/region/rms 氠瑢 ◎ 기업당 연 최대 7천만원 지원 ▹ 기업지원 프로그램 : 기업당 최대 5천만원 ▹ 외국인 인력채용 : 기업당 최대 1천만원 ▹ 생산성향상 : 기업당 최대 1천만원 ◎ 기
ENERGYAGENCY:24575,(수정)2026년도 산업진단 개선이행 지원사업 2차 공고,한국에너지공단,extra_payload:manual_representative_91_auto_adopt_payload_20260703_135643.json,selected_candidate_missing Gemini/규칙 재판정 채택,69000.0,최대 6.9억원,support_amount,subtract,1.0,최대 1만원,support_amount,subtract,2,/ 약 69개 사업장 ㅇ 지원한도 : 사업장 당 최대 1.000만원(투자비용의 70% 또는 50%) - 타 유사사업과의 지원금 중복지원 불가능 ㅇ 신청방법 - (사업신청) 전자메일 신청(메일주소 : conan0
PBLN_000000000117992,2026년 나눔장비 이전지원사업 모집 공고,과학기술정보통신부,extra_payload:manual_representative_91_auto_adopt_payload_20260703_135643.json,selected_candidate_missing Gemini/규칙 재판정 채택,6000.0,"최대 6,000만원",support_amount,subtract,3000.0,"최대 3,000만원",support_amount,subtract,11,여러 중소기업에 골고루 혜택을 제공하기 위해 1개 기업당 10개 이하 장비(취득금액 3천만원 이상)로 이전지원을 제한하는 ｢나눔장비 총량제｣ 실시 氠瑢 연구개발 또는 국산 장비개발 관련 중소기업 필수 서류 가
PBLN_000000000119010,[인천] 2026년 연구장비 공동활용 지원사업 모집 공고,인천광역시,extra_payload:manual_representative_91_auto_adopt_payload_20260703_135643.json,selected_candidate_missing Gemini/규칙 재판정 채택,300.0,,subsidy,subtract,300.0,최대 300만원,support_amount,subtract,3,13개社 이상 m 연구장비 사용료 기업당 300만원 이내 1회 지원
PBLN_000000000119206,[충남] 아산시 2026년 해외마케팅 지원사업 참가기업 모집 공고,충청남도,extra_payload:manual_representative_91_auto_adopt_payload_20260703_135643.json,selected_candidate_missing Gemini/규칙 재판정 채택,400.0,최대 400만원,subsidy,subtract,400.0,최대 400만원,support_amount,subtract,11,기업ㆍ제품 홍보영상 등 동영상 제작비 지원(기업당 400만원 한도) 사업신청 방법 이메일 접수 (lnk128@korea
PBLN_000000000119454,[경기] 평택시 2026년 국내외 지식재산 권리화 지원사업 모집 공고,경기도,extra_payload:manual_representative_91_auto_adopt_payload_20260703_135643.json,selected_candidate_missing Gemini/규칙 재판정 채택,0.0,최대 0만원,support_amount,subtract,150.0,최대 150만원,support_amount,subtract,4,PCT 소요 비용 지원 분야지원내용규모지원한도비율지원내용국내 출원국내 특허20개사150만원/건80%° 변리사 수임료(VAT 제외) (출원료
PBLN_000000000121191,2026년 산업 분야 온실가스 국제감축사업 공고,산업통상부,extra_payload:manual_representative_91_auto_adopt_payload_20260703_135643.json,selected_candidate_missing Gemini/규칙 재판정 채택,1000000.0,최대 100억원,support_amount,subtract,1000000.0,최대 100억원,support_amount,subtract,7,100억원 이하) 총 2건 내외 타당성조사지원 설계
PBLN_000000000121785,[전남광주] 2026년 소규모 밀착 안전망 구축사업 참여기업 모집 공고(지역 중대재해 예방 사각지대 해소사업),전남광주통합특별시,extra_payload:manual_representative_91_auto_adopt_payload_20260703_135643.json,selected_candidate_missing Gemini/규칙 재판정 채택,10000.0,최대 1억원,support_amount,subtract,25.0,최대 25만원,support_amount,subtract,11,방진마스크최대25만원4 추진절차  (제조업) 5~19인 제조 안전 길잡이 구축①공고및접수⇒②현장위험성평 가⇒③선정및지원품 목 확 정⇒④맞춤형지원및
PBLN_000000000121945,2026년 자이언트캐스팅(다이캐스팅) 부품 시험ㆍ평가ㆍ인증 및 기술지도 지원 시행 공고(자이언트캐스팅 공용센터 기반구축 사업),과학기술정보통신부,extra_payload:manual_representative_91_auto_adopt_payload_20260703_135643.json,selected_candidate_missing Gemini/규칙 재판정 채택,1000.0,"최대 1,000만원",subsidy,subtract,200.0,최대 200만원,subsidy,subtract,5,"000천원 한도 * 국비/지방비 지원 금액 변동에 따라 지원 금액 변동 가능성 있음 ② 기술지도 (*신청 필수) 지원기관지원건수지원금액한국기계연구원5건최대 2,000천원 (VAT포함) - 산업현장 맞춤형 애로기술을 해소하기 위한 전문가 발굴 및 매칭으로 신규 다이캐스팅 부품(기업)의 기술 다각화를 위한 기술지도"
PBLN_000000000123103,[전남광주] 로컬콘텐츠 기반 문화상품 개발 컨소시엄(공방&디자인기업) 모집 공고,전남광주통합특별시,extra_payload:manual_representative_91_auto_adopt_payload_20260703_135643.json,selected_candidate_missing Gemini/규칙 재판정 채택,1000.0,"최대 1,000만원",support_amount,subtract,800.0,최대 800만원,support_amount,subtract,3,지식재산권 출원 등 - (상품개발) 과제당 8000천원 - (마케팅) 제품촬영 및 상세페이지 제작 등 온라인 판로를 위한 마케팅 지원 사업신청 방법 이메일 접수(yujeong@gdc
PBLN_000000000123192,[경북] 영주시 2026년 3차 지식재산 긴급지원 사업 모집 공고,경상북도,extra_payload:manual_representative_91_auto_adopt_payload_20260703_135643.json,selected_candidate_missing Gemini/규칙 재판정 채택,1400.0,"최대 1,400만원",subsidy,subtract,900.0,최대 900만원,subsidy,subtract,13,"해외출원비용 등을 지원 氠瑢 구분 세부 사업명 정부지원금 규모 분담금 특 허 특허기술홍보영상제작 9,000천원 이내 40% (현금20%+현물20%) 단"
PBLN_000000000123205,[경기] 안양시 2026년 하반기 국내외 IP 출원 및 인증 지원사업 모집 공고,경기도,extra_payload:manual_representative_91_auto_adopt_payload_20260703_135643.json,selected_candidate_missing Gemini/규칙 재판정 채택,400.0,최대 400만원,support_amount,subtract,2000000.0,최대 200억원,support_amount,subtract,8,아래 요건을 모두 충족하는 기업 ① 소재지 : 안양시 소재 (본사 또는 공장) 중소ㆍ벤처기업 (사업자등록 기준) ② 매출액 : 재무제표 최근 3년 평균 매출액 200억 이하 (상장사ㆍ중견기업 제외) ☞ 국내외 IP 출원 소요비용의 80% 지원
PBLN_000000000123284,2026년 고용노동부(안전보건공단) 연계 스마트 안전장비지원 품목 등록 시행계획 공고,과학기술정보통신부,extra_payload:manual_representative_91_auto_adopt_payload_20260703_135643.json,selected_candidate_missing Gemini/규칙 재판정 채택,3000.0,"최대 3,000만원",subsidy,subtract,3000.0,"최대 3,000만원",support_amount,subtract,2,"중소기업기본법 상 소기업 규모 이하 사업장 노동시장 이중구조 개선을 위한 상생 협약을 체결한 협력업체로서 중소기업기본법 상 중소기업 규모 이하 사업장 사업개요1 지원대상2 지원품목5 지원금액 및 절차3 신청기간 및 방법4 지원금액 : 동일 사업주 또는 법인 당 최대 3,000만원까지(공단 판단금액의 최대 80%)"
PBLN_000000000123381,[강원] 2026년 2차 지역주력산업육성(지역특화 프로젝트 레전드 50+) 지원모집 공고(강원 2.0 퀀텀점프),중소벤처기업부,extra_payload:manual_representative_91_auto_adopt_payload_20260703_135643.json,selected_candidate_missing Gemini/규칙 재판정 채택,,지원금 확인 필요,,recommend_only,2000.0,"최대 2,000만원",support_amount,subtract,12,"기업은 2개 프로그램 내에서 신청 가능(지원한도: 총20,000천원 이내) - 2 - ◦(신청자격)강원지역 지역특화 프로젝트에 선정된 참여기업 * 지역특화 프로젝트 레전드 50+2"
PBLN_000000000123644,[전북] 2026년 3차 데이터 활용기업 맞춤형 지원사업 수요기업 모집 연장 공고,전북특별자치도,extra_payload:manual_representative_91_auto_adopt_payload_20260703_135643.json,selected_candidate_missing Gemini/규칙 재판정 채택,600.0,최대 600만원,support_amount,subtract,600.0,최대 600만원,support_amount,subtract,27,1인 창조기업 ☞ 데이터 활용이 필요한 도내 기업 대상 새로운 서비스ㆍ제품 개발을 위한 데이터 구매 비용 지원(기업당 6백만원 이내)
TECHNOPARK:1500,"(2026-130호) 2026년도 지역주력산업육성(지역특화 프로젝트 레전드 50+) 지원모집 2차 공고 (강원 2.0, 퀀텀점프)",강원테크노파크,extra_payload:manual_representative_91_auto_adopt_payload_20260703_135643.json,selected_candidate_missing Gemini/규칙 재판정 채택,1000.0,"10,000천원",support_amount,subtract,2000.0,"최대 2,000만원",support_amount,subtract,12,"기업은 2개 프로그램 내에서 신청 가능(지원한도: 총20,000천원 이내) ◦ (신청자격) 강원지역 지역특화 프로젝트에 선정된 참여기업 * 지역특화 프로젝트 󰡔레전드 50+󰡕 2"
TECHNOPARK:1724,「2026년 예비수소전문기업지원사업」수소산업분야 기술사업화(비R&D) 수혜기업 모집공고,충남테크노파크,extra_payload:manual_representative_91_auto_adopt_payload_20260703_135643.json,selected_candidate_missing Gemini/규칙 재판정 채택,6700.0,"최대 67,000천원 이내",support_amount,subtract,3500.0,"최대 3,500만원",support_amount,subtract,9,"kr 2 지원내용 m 지원분야 - 지원 프로그램 및 내용 구 분분 야내 용 지원금액비 고기 술사업화시제품제작개발이 완료된 기술의 시제품제작35,000천원/건최대67"
TECHNOPARK:957,(2026-119호) 2026년 강원지역연구장비 활용 수수료 지원사업 참여기업(1차) 모집 공고,강원테크노파크,extra_payload:manual_representative_91_auto_adopt_payload_20260703_135643.json,selected_candidate_missing Gemini/규칙 재판정 채택,,,,recommend_only,300.0,최대 300만원,support_amount,subtract,12,"‘강원연구장비종합정보망(G-EQNET)’에 등록된 공용장비 사용 후 관련 비용을 해당 관리기관에 지급한 기업 또는 등록된 공용장비를 사용 예정인 기업  지원금액: 기업별 최대 3,000천원 이내(천원 단위 절사) - 발생비용의 90% 지원금 지급"
